Workbook
Name AgeConcurrents: 'Tournament Setup'!$A$29:$A$33
Name Concurrent: 'Tournament Setup'!$A$46:$A$51
Name ShooterID: 'Tournament List'!$A$3:$A$151
Name SkeetTimes: 'Tournament Setup'!$A$98:$A$107
Name SportingTimes: 'Tournament Setup'!$C$98:$C$107
Name SquadConcurrents: 'Tournament Setup'!$A$56:$A$77
Name SquadPos: 'Tournament Setup'!$C$56:$C$59
Name SquadPosT: 'Tournament Setup'!$D$56:$D$61
Name TeamNo: 'Squad Listing'!$A$2:$A$552
Name Teams: 'Tournament Setup'!$A$81:$A$94
Name TrapTimes: 'Tournament Setup'!$B$98:$B$107

Sheet Tournament Setup
A1: Events | B1: Tournament Events | C1: Fees
A2: Skeet | B2: X | C2: 40
A3: Trap | B3: X | C3: 40
A4: Sporting Clays | B4: X | C4: 40
A6: Number of Awards | B6: Gold | C6: Silver | D6: Bronze | E6: Total
A7: HAA | B7: =COUNTIFS($B$17:$B$19,">=1") -> 2 | C7: =COUNTIFS($B$17:$B$19,">=2") -> 2 | D7: =COUNTIFS($B$17:$B$19,">=3") -> 0 | E7: =SUM(B7:D7) -> 4
A8: HOA | B8: =COUNTIFS($B$23:$D$25,">=1") -> 6 | C8: =COUNTIFS($B$23:$D$25,">=2") -> 6 | D8: =COUNTIFS($B$23:$D$25,">=3") -> 0 | E8: =SUM(B8:D8) -> 12
A9: Individual Concurrent | B9: =COUNTIFS($B$29:$D$32,">=1")*COUNTIFS($B$2:$B$4,"X") -> 24 | C9: =COUNTIFS($B$29:$D$32,">=2")*COUNTIFS($B$2:$B$4,"X") -> 24 | D9: =COUNTIFS($B$29:$D$32,">=3")*COUNTIFS($B$2:$B$4,"X") -> 24 | E9: =SUM(B9:D9) -> 72
A10: Individual Class | B10: =COUNTIFS($B$38:$D$41,">=1")*COUNTIFS($B$2:$B$4,"X") -> 24 | C10: =COUNTIFS($B$38:$D$41,">=2")*COUNTIFS($B$2:$B$4,"X") -> 24 | D10: =COUNTIFS($B$38:$D$41,">=3")*COUNTIFS($B$2:$B$4,"X") -> 0 | E10: =SUM(B10:D10) -> 48
A11: Team Concurrent | B11: =COUNTIFS($B$46:$B$50,">=1")*3+COUNTIFS($C$46:$C$50,">=1")*5+COUNTIFS($D$46:$D$50,">=1")*3 -> 55 | C11: =COUNTIFS($B$46:$B$50,">=2")*3+COUNTIFS($C$46:$C$50,">=2")*5+COUNTIFS($D$46:$D$50,">=2")*3 -> 55 | D11: =COUNTIFS($B$46:$B$50,">=3")*3+COUNTIFS($C$46:$C$50,">=3")*5+COUNTIFS($D$46:$D$50,">=3")*3 -> 0 | E11: =SUM(B11:D11) -> 110
A12: Collegiate | B12: =COUNTIFS($B$33:$D$33,">=1")*COUNTIFS($B$2:$B$4,"X") -> 3 | C12: =COUNTIFS($B$33:$D$33,">=2")*COUNTIFS($B$2:$B$4,"X") -> 3 | D12: =COUNTIFS($B$33:$D$33,">=3")*COUNTIFS($B$2:$B$4,"X") -> 3 | E12: =SUM(B12:D12) -> 9
A13: Total Medals | B13: =SUM(B8:B12) -> 112 | C13: =SUM(C8:C12) -> 112 | D13: =SUM(D8:D12) -> 27 | E13: =SUM(B13:D13) -> 251
A16: HAA | B16: # of Places
A17: Places for HAA | B17: 0
A18: Places for HAA Men | B18: 2
A19: Places for HAA Lady | B19: 2
A20: Total HAA Places | B20: =SUM(B17:B19) -> 4
A22: HOA Events | B22: # of Skeet Places | C22: # of Trap Places | D22: # of Sporting Places
A23: Places for HOA | B23: 0 | C23: 0 | D23: 0 | E23: You can do HOA, HOA Men, and HOA Lady
A24: Places for HOA Men | B24: 2 | C24: 2 | D24: 2
A25: Places for HOA Lady | B25: 2 | C25: 2 | D25: 2
A26: Total HOA Places | B26: =SUM(B23:B25) -> 4 | C26: =SUM(C23:C25) -> 4 | D26: =SUM(D23:D25) -> 4
A28: Age Concurrent | B28: # of Places | C28: # of Men's Concurrent Places | D28: # of Lady's Concurrent Places
A29: Novice | B29: 0 | C29: 3 | D29: 3
A30: Intermediate | B30: 0 | C30: 3 | D30: 3
A31: Junior Varsity | B31: 0 | C31: 3 | D31: 3
A32: Varsity | B32: 0 | C32: 3 | D32: 3
A33: Collegiate | B33: 3 | C33: 0 | D33: 0
A34: Total Places | B34: =SUM(B29:B33) -> 3 | C34: =SUM(C29:C33) -> 12 | D34: =SUM(D29:D33) -> 12
A35: Total Medals for all Events | B35: =COUNTIFS($B$2:$B$4,"=X")*B34 -> 9 | C35: =COUNTIFS($B$2:$B$4,"=X")*C34 -> 36 | D35: =COUNTIFS($B$2:$B$4,"=X")*D34 -> 36
A37: Shooting Class | B37: # of Places | C37: # of Men's Concurrent Places | D37: # of Lady's Concurrent Places | F37: Skeet | G37: Trap | H37: Sporting Clays
A38: A | B38: 0 | C38: 2 | D38: 2 | F38: 0.9 | G38: 0.9 | H38: 0.85
A39: B | B39: 0 | C39: 2 | D39: 2 | F39: 0.8 | G39: 0.8 | H39: 0.75
A40: C | B40: 0 | C40: 2 | D40: 2 | F40: 0.7 | G40: 0.7 | H40: 0.65
A41: D | B41: 0 | C41: 2 | D41: 2 | F41: 0 | G41: 0 | H41: 0
A42: Total Places | B42: =SUM(B38:B41) -> 0 | C42: =SUM(C38:C41) -> 8 | D42: =SUM(D38:D41) -> 8
A43: Total Medals for all Events | B43: =COUNTIFS($B$2:$B$4,"=X")*B42 -> 0 | C43: =COUNTIFS($B$2:$B$4,"=X")*C42 -> 24 | D43: =COUNTIFS($B$2:$B$4,"=X")*D42 -> 24
A45: Team Concurrent | B45: # of Skeet Places | C45: # of Trap Places | D45: # of Sporting Places
A46: Novice | B46: 2 | C46: 2 | D46: 2
A47: Intermediate | B47: 2 | C47: 2 | D47: 2
A48: Junior Varsity | B48: 2 | C48: 2 | D48: 2
A49: Varsity | B49: 2 | C49: 2 | D49: 2
A50: Open | B50: 2 | C50: 2 | D50: 2
A51: Collegiate | B51: 0 | C51: 0 | D51: 0
A52: Total Places | B52: =SUM(B46:B51) -> 10 | C52: =SUM(C46:C51) -> 10 | D52: =SUM(D46:D51) -> 10
A53: Total Medals for all Events | B53: =B52*3 -> 30 | C53: =C52*5 -> 50 | D53: =D52*3 -> 30
A55: Squad Concurrents | C55: Squad Position Skeet/SC | D55: Squad Pos Trap
A57: Collegiate 1 | C57: 1 | D57: 1
A58: Collegiate 2 | C58: 2 | D58: 2
A59: Collegiate 3 | C59: 3 | D59: 3
A60: Intermediate 1 | D60: 4
A61: Intermediate 2 | D61: 5
A62: Intermediate 3
A63: Junior Varsity 1
A64: Junior Varsity 2
A65: Junior Varsity 3
A66: Novice 1
A67: Novice 2
A68: Novice 3
A69: Open 1
A70: Open 2
A71: Open 3
A72: Unassigned 1
A73: Unassigned 2
... A86: Wiggins Tigers Sporting Club
A97: Skeet Times | B97: Trap Times | C97: Sporting Clays Time
A98: 9:00 | B98: 9:00 | C98: 9:00
A99: 10:15 | B99: 10:00
A100: 11:30 | B100: 11:00
A101: 12:45 | B101: 12:00
A102: 2:00 | B102: 1:00
B103: 2:00
B104: 3:00

Sheet Team Setup
A1: Team ID | B1: Team Name | C1: Head Coach | D1: Email | E1: Address | F1: City | G1: State | H1: ZIP | I1: Phone | J1: Team Affiliation
A2: T001 | B2: High Plains Drifters | C2: Tim Wolfe | D2: Tim@example.com | E2: 1234 Rose Lane | F2: Bennett | G2: CO | H2: 80122 | I2: 303-999-1234 | J2: USAYESS
A3: T002 | B3: Rocky Mountain Clay Busters
A4: T003
A5: T004
A6: T005
A7: T006
A8: T007
A9: T008
A10: T009
A11: T010
A12: T011
A13: T012
A14: T013
A15: T014
... A51: T050

Sheet Individual Setup
A1: Shooter ID | B1: First Name | C1: Last Name | D1: Birthdate | E1: Sex | F1: Contact Phone # | G1: Contact Email | H1: Shooting Team | I1: Age Concurrent | J1: Skeet | K1: Trap | L1: Sporting Clays | M1: Skeet Class | N1: Trap Class | O1: Sporting Class
A2: 26-1000 | B2: Bill | C2: LName1 | D2: 40308 | E2: M | F2: 303-425-2425 | G2: Bill@example.com | H2: Brighton Clay Crushers | I2: Junior Varsity | J2: Y | K2: Y | L2: N
A3: 26-1001 | B3: Tom | C3: LName2 | E3: M | H3: Brighton Clay Crushers | I3: Junior Varsity
A4: 26-1002 | B4: Alan | C4: LName3 | E4: M | H4: Brighton Clay Crushers | I4: Junior Varsity
A5: 26-1003 | B5: Joan | C5: LName4 | E5: F | H5: Brighton Clay Crushers | I5: Novice
A6: 26-1004 | B6: Patricia | C6: LName5 | E6: F | H6: Brighton Clay Crushers | I6: Novice
A7: 26-1005 | B7: Rick | C7: LName6 | E7: M | H7: Brighton Clay Crushers | I7: Novice
A8: 26-1006 | B8: Matt | C8: LName7 | E8: M | H8: Brighton Clay Crushers | I8: Varsity
A9: 26-1007 | B9: Trey | C9: LName8 | E9: M | H9: Brighton Clay Crushers | I9: Varsity
A10: 26-1008 | B10: Christy | C10: LName9 | E10: F | H10: Forge Christian Shooting Team | I10: Intermediate
A11: 26-1009 | B11: Steve | C11: LName10 | E11: M | H11: Forge Christian Shooting Team | I11: Intermediate
A12: 26-1010 | B12: Marty | C12: LName11 | E12: M | H12: Forge Christian Shooting Team | I12: Intermediate
A13: 26-1011 | B13: Susan | C13: LName12 | E13: F | H13: Forge Christian Shooting Team | I13: Varsity
A14: 26-1012 | B14: Paul | C14: LName13 | E14: M | H14: Forge Christian Shooting Team | I14: Varsity
... A49: 26-1047 | B49: Dee | C49: LName48 | E49: F | H49: Wiggins Tigers Sporting Club | I49: Novice
A50: 26-1048
A51: 26-1049
A52: 26-1050
A53: 26-1051
A54: 26-1052
A55: 26-1053
A56: 26-1054
A57: 26-1055
A58: 26-1056
A59: 26-1057
A60: 26-1058
A61: 26-1059
... A234: 26-1232

Sheet Shooter-Squad Assignment
A1: Shooter ID | B1: Team | C1: First Name | D1: Last Name | E1: Full Name | F1: Concurrent | G1: Skeet | H1: Concurrent | I1: Squad Position | J1: Shooting Time | K1: Trap | L1: Concurrent | M1: Squad Position | N1: Shooting Time | O1: Sporting Clays | P1: Concurrent | Q1: Squad Position | R1: Shooting Time | S1: Skeet Squad Key | T1: Skeet Squad # | U1: Shooter Key | V1: Trap Shooter Key | W1: Trap Squad Key | X1: Trap Squad # | Y1: Sporting Shooter Key | Z1: Sporting Squad Key | AA1: Sporting Squad #
A2: 24-1004 | B2: =INDEX('Tournament List'!$L:$L,MATCH($A2,'Tournament List'!$A:$A,0)) -> Brighton Clay Crushers | C2: =INDEX('Tournament List'!$B:$B,MATCH($A2,'Tournament List'!$A:$A,0)) -> Matt | D2: =INDEX('Tournament List'!$C:$C,MATCH($A2,'Tournament List'!$A:$A,0)) -> Last Name5 | E2: =IF(C2<>"",C2&" "&D2,"") -> Matt Last Name5 | F2: =INDEX('Tournament List'!$M:$M,MATCH($A2,'Tournament List'!$A:$A,0)) -> Varsity | G2: Skeet | K2: Trap | O2: Sporting Clays | S2: =IF(H2<>"",B2&"-"&H2&"-"&G2,"") | T2: =IFERROR(INDEX('Squad Listing'!$A:$A,MATCH(S2,'Squad Listing'!$B:$B,0)),"") | U2: =IF(H2<>"",T2&"-"&I2,"") | V2: =IF(L2<>"",B2&"-"&L2&"-"&K2&"-Pos"&M2,"") | W2: =IF(L2<>"",B2&"-"&L2&"-"&K2,"") | X2: =IFERROR(INDEX('Squad Listing'!$A:$A,MATCH(W2,'Squad Listing'!$B:$B,0)),"") | Y2: =IF(P2<>"",B2&"-"&P2&"-"&O2&"-Pos"&Q2,"") | Z2: =IF(P2<>"",B2&"-"&P2&"-"&O2,"") | AA2: =IFERROR(INDEX('Squad Listing'!$A:$A,MATCH(Z2,'Squad Listing'!$B:$B,0)),"")
A3: 24-1016 | B3: =INDEX('Tournament List'!$L:$L,MATCH($A3,'Tournament List'!$A:$A,0)) -> Brighton Clay Crushers | C3: =INDEX('Tournament List'!$B:$B,MATCH($A3,'Tournament List'!$A:$A,0)) -> Joan | D3: =INDEX('Tournament List'!$C:$C,MATCH($A3,'Tournament List'!$A:$A,0)) -> Last Name17 | E3: =IF(C3<>"",C3&" "&D3,"") -> Joan Last Name17 | F3: =INDEX('Tournament List'!$M:$M,MATCH($A3,'Tournament List'!$A:$A,0)) -> Novice | G3: Skeet | H3: Novice 1 | I3: 1 | J3: 9:00 | K3: Trap | O3: Sporting Clays | S3: =IF(H3<>"",B3&"-"&H3&"-"&G3,"") -> Brighton Clay Crushers-Novice 1-Skeet | T3: =IFERROR(INDEX('Squad Listing'!$A:$A,MATCH(S3,'Squad Listing'!$B:$B,0)),"") -> 235 | U3: =IF(H3<>"",T3&"-"&I3,"") -> 235-1 | V3: =IF(L3<>"",B3&"-"&L3&"-"&K3&"-Pos"&M3,"") | W3: =IF(L3<>"",B3&"-"&L3&"-"&K3,"") | X3: =IFERROR(INDEX('Squad Listing'!$A:$A,MATCH(W3,'Squad Listing'!$B:$B,0)),"") | Y3: =IF(P3<>"",B3&"-"&P3&"-"&O3&"-Pos"&Q3,"") | Z3: =IF(P3<>"",B3&"-"&P3&"-"&O3,"") | AA3: =IFERROR(INDEX('Squad Listing'!$A:$A,MATCH(Z3,'Squad Listing'!$B:$B,0)),"")
A4: 24-1034 | B4: =INDEX('Tournament List'!$L:$L,MATCH($A4,'Tournament List'!$A:$A,0)) -> Brighton Clay Crushers | C4: =INDEX('Tournament List'!$B:$B,MATCH($A4,'Tournament List'!$A:$A,0)) -> Patricia | D4: =INDEX('Tournament List'!$C:$C,MATCH($A4,'Tournament List'!$A:$A,0)) -> Last Name35 | E4: =IF(C4<>"",C4&" "&D4,"") -> Patricia Last Name35 | F4: =INDEX('Tournament List'!$M:$M,MATCH($A4,'Tournament List'!$A:$A,0)) -> Novice | G4: Skeet | H4: Novice 1 | I4: 2 | J4: 9:00 | K4: Trap | O4: Sporting Clays | S4: =IF(H4<>"",B4&"-"&H4&"-"&G4,"") -> Brighton Clay Crushers-Novice 1-Skeet | T4: =IFERROR(INDEX('Squad Listing'!$A:$A,MATCH(S4,'Squad Listing'!$B:$B,0)),"") -> 235 | U4: =IF(H4<>"",T4&"-"&I4,"") -> 235-2 | V4: =IF(L4<>"",B4&"-"&L4&"-"&K4&"-Pos"&M4,"") | W4: =IF(L4<>"",B4&"-"&L4&"-"&K4,"") | X4: =IFERROR(INDEX('Squad Listing'!$A:$A,MATCH(W4,'Squad Listing'!$B:$B,0)),"") | Y4: =IF(P4<>"",B4&"-"&P4&"-"&O4&"-Pos"&Q4,"") | Z4: =IF(P4<>"",B4&"-"&P4&"-"&O4,"") | AA4: =IFERROR(INDEX('Squad Listing'!$A:$A,MATCH(Z4,'Squad Listing'!$B:$B,0)),"")
A5: 24-1046 | B5: =INDEX('Tournament List'!$L:$L,MATCH($A5,'Tournament List'!$A:$A,0)) -> Brighton Clay Crushers | C5: =INDEX('Tournament List'!$B:$B,MATCH($A5,'Tournament List'!$A:$A,0)) -> Rick | D5: =INDEX('Tournament List'!$C:$C,MATCH($A5,'Tournament List'!$A:$A,0)) -> Last Name47 | E5: =IF(C5<>"",C5&" "&D5,"") -> Rick Last Name47 | F5: =INDEX('Tournament List'!$M:$M,MATCH($A5,'Tournament List'!$A:$A,0)) -> Novice | G5: Skeet | H5: Novice 1 | I5: 3 | J5: 9:00 | K5: Trap | O5: Sporting Clays | S5: =IF(H5<>"",B5&"-"&H5&"-"&G5,"") -> Brighton Clay Crushers-Novice 1-Skeet | T5: =IFERROR(INDEX('Squad Listing'!$A:$A,MATCH(S5,'Squad Listing'!$B:$B,0)),"") -> 235 | U5: =IF(H5<>"",T5&"-"&I5,"") -> 235-3 | V5: =IF(L5<>"",B5&"-"&L5&"-"&K5&"-Pos"&M5,"") | W5: =IF(L5<>"",B5&"-"&L5&"-"&K5,"") | X5: =IFERROR(INDEX('Squad Listing'!$A:$A,MATCH(W5,'Squad Listing'!$B:$B,0)),"") | Y5: =IF(P5<>"",B5&"-"&P5&"-"&O5&"-Pos"&Q5,"") | Z5: =IF(P5<>"",B5&"-"&P5&"-"&O5,"") | AA5: =IFERROR(INDEX('Squad Listing'!$A:$A,MATCH(Z5,'Squad Listing'!$B:$B,0)),"")
A6: 24-1022 | B6: =INDEX('Tournament List'!$L:$L,MATCH($A6,'Tournament List'!$A:$A,0)) -> Brighton Clay Crushers | C6: =INDEX('Tournament List'!$B:$B,MATCH($A6,'Tournament List'!$A:$A,0)) -> Tom | D6: =INDEX('Tournament List'!$C:$C,MATCH($A6,'Tournament List'!$A:$A,0)) -> Last Name23 | E6: =IF(C6<>"",C6&" "&D6,"") -> Tom Last Name23 | F6: =INDEX('Tournament List'!$M:$M,MATCH($A6,'Tournament List'!$A:$A,0)) -> Junior Varsity | G6: Skeet | H6: Junior Varsity 1 | I6: 1 | K6: Trap | O6: Sporting Clays | S6: =IF(H6<>"",B6&"-"&H6&"-"&G6,"") -> Brighton Clay Crushers-Junior Varsity 1-Skeet | T6: =IFERROR(INDEX('Squad Listing'!$A:$A,MATCH(S6,'Squad Listing'!$B:$B,0)),"") -> 232 | U6: =IF(H6<>"",T6&"-"&I6,"") -> 232-1 | V6: =IF(L6<>"",B6&"-"&L6&"-"&K6&"-Pos"&M6,"") | W6: =IF(L6<>"",B6&"-"&L6&"-"&K6,"") | X6: =IFERROR(INDEX('Squad Listing'!$A:$A,MATCH(W6,'Squad Listing'!$B:$B,0)),"") | Y6: =IF(P6<>"",B6&"-"&P6&"-"&O6&"-Pos"&Q6,"") | Z6: =IF(P6<>"",B6&"-"&P6&"-"&O6,"") | AA6: =IFERROR(INDEX('Squad Listing'!$A:$A,MATCH(Z6,'Squad Listing'!$B:$B,0)),"")
A7: 24-1010 | B7: =INDEX('Tournament List'!$L:$L,MATCH($A7,'Tournament List'!$A:$A,0)) -> Brighton Clay Crushers | C7: =INDEX('Tournament List'!$B:$B,MATCH($A7,'Tournament List'!$A:$A,0)) -> Bill | D7: =INDEX('Tournament List'!$C:$C,MATCH($A7,'Tournament List'!$A:$A,0)) -> Last Name11 | E7: =IF(C7<>"",C7&" "&D7,"") -> Bill Last Name11 | F7: =INDEX('Tournament List'!$M:$M,MATCH($A7,'Tournament List'!$A:$A,0)) -> Junior Varsity | G7: Skeet | H7: Junior Varsity 1 | I7: 2 | K7: Trap | O7: Sporting Clays | S7: =IF(H7<>"",B7&"-"&H7&"-"&G7,"") -> Brighton Clay Crushers-Junior Varsity 1-Skeet | T7: =IFERROR(INDEX('Squad Listing'!$A:$A,MATCH(S7,'Squad Listing'!$B:$B,0)),"") -> 232 | U7: =IF(H7<>"",T7&"-"&I7,"") -> 232-2 | V7: =IF(L7<>"",B7&"-"&L7&"-"&K7&"-Pos"&M7,"") | W7: =IF(L7<>"",B7&"-"&L7&"-"&K7,"") | X7: =IFERROR(INDEX('Squad Listing'!$A:$A,MATCH(W7,'Squad Listing'!$B:$B,0)),"") | Y7: =IF(P7<>"",B7&"-"&P7&"-"&O7&"-Pos"&Q7,"") | Z7: =IF(P7<>"",B7&"-"&P7&"-"&O7,"") | AA7: =IFERROR(INDEX('Squad Listing'!$A:$A,MATCH(Z7,'Squad Listing'!$B:$B,0)),"")
A8: 24-1028 | B8: =INDEX('Tournament List'!$L:$L,MATCH($A8,'Tournament List'!$A:$A,0)) -> Brighton Clay Crushers | C8: =INDEX('Tournament List'!$B:$B,MATCH($A8,'Tournament List'!$A:$A,0)) -> Alan | D8: =INDEX('Tournament List'!$C:$C,MATCH($A8,'Tournament List'!$A:$A,0)) -> Last Name29 | E8: =IF(C8<>"",C8&" "&D8,"") -> Alan Last Name29 | F8: =INDEX('Tournament List'!$M:$M,MATCH($A8,'Tournament List'!$A:$A,0)) -> Junior Varsity | G8: Skeet | H8: Junior Varsity 1 | I8: 3 | K8: Trap | O8: Sporting Clays | S8: =IF(H8<>"",B8&"-"&H8&"-"&G8,"") -> Brighton Clay Crushers-Junior Varsity 1-Skeet | T8: =IFERROR(INDEX('Squad Listing'!$A:$A,MATCH(S8,'Squad Listing'!$B:$B,0)),"") -> 232 | U8: =IF(H8<>"",T8&"-"&I8,"") -> 232-3 | V8: =IF(L8<>"",B8&"-"&L8&"-"&K8&"-Pos"&M8,"") | W8: =IF(L8<>"",B8&"-"&L8&"-"&K8,"") | X8: =IFERROR(INDEX('Squad Listing'!$A:$A,MATCH(W8,'Squad Listing'!$B:$B,0)),"") | Y8: =IF(P8<>"",B8&"-"&P8&"-"&O8&"-Pos"&Q8,"") | Z8: =IF(P8<>"",B8&"-"&P8&"-"&O8,"") | AA8: =IFERROR(INDEX('Squad Listing'!$A:$A,MATCH(Z8,'Squad Listing'!$B:$B,0)),"")
A9: 24-1040 | B9: =INDEX('Tournament List'!$L:$L,MATCH($A9,'Tournament List'!$A:$A,0)) -> Brighton Clay Crushers | C9: =INDEX('Tournament List'!$B:$B,MATCH($A9,'Tournament List'!$A:$A,0)) -> Trey | D9: =INDEX('Tournament List'!$C:$C,MATCH($A9,'Tournament List'!$A:$A,0)) -> Last Name41 | E9: =IF(C9<>"",C9&" "&D9,"") -> Trey Last Name41 | F9: =INDEX('Tournament List'!$M:$M,MATCH($A9,'Tournament List'!$A:$A,0)) -> Varsity | G9: Skeet | K9: Trap | O9: Sporting Clays | S9: =IF(H9<>"",B9&"-"&H9&"-"&G9,"") | T9: =IFERROR(INDEX('Squad Listing'!$A:$A,MATCH(S9,'Squad Listing'!$B:$B,0)),"") | U9: =IF(H9<>"",T9&"-"&I9,"") | V9: =IF(L9<>"",B9&"-"&L9&"-"&K9&"-Pos"&M9,"") | W9: =IF(L9<>"",B9&"-"&L9&"-"&K9,"") | X9: =IFERROR(INDEX('Squad Listing'!$A:$A,MATCH(W9,'Squad Listing'!$B:$B,0)),"") | Y9: =IF(P9<>"",B9&"-"&P9&"-"&O9&"-Pos"&Q9,"") | Z9: =IF(P9<>"",B9&"-"&P9&"-"&O9,"") | AA9: =IFERROR(INDEX('Squad Listing'!$A:$A,MATCH(Z9,'Squad Listing'!$B:$B,0)),"")
A10: 24-1009 | B10: =INDEX('Tournament List'!$L:$L,MATCH($A10,'Tournament List'!$A:$A,0)) -> Forge Christian Shooting Team | C10: =INDEX('Tournament List'!$B:$B,MATCH($A10,'Tournament List'!$A:$A,0)) -> Christy | D10: =INDEX('Tournament List'!$C:$C,MATCH($A10,'Tournament List'!$A:$A,0)) -> Last Name10 | E10: =IF(C10<>"",C10&" "&D10,"") -> Christy Last Name10 | F10: =INDEX('Tournament List'!$M:$M,MATCH($A10,'Tournament List'!$A:$A,0)) -> Intermediate | G10: Skeet | H10: Intermediate 1 | I10: 1 | K10: Trap | O10: Sporting Clays | S10: =IF(H10<>"",B10&"-"&H10&"-"&G10,"") -> Forge Christian Shooting Team-Intermediate 1-Skeet | T10: =IFERROR(INDEX('Squad Listing'!$A:$A,MATCH(S10,'Squad Listing'!$B:$B,0)),"") -> 175 | U10: =IF(H10<>"",T10&"-"&I10,"") -> 175-1 | V10: =IF(L10<>"",B10&"-"&L10&"-"&K10&"-Pos"&M10,"") | W10: =IF(L10<>"",B10&"-"&L10&"-"&K10,"") | X10: =IFERROR(INDEX('Squad Listing'!$A:$A,MATCH(W10,'Squad Listing'!$B:$B,0)),"") | Y10: =IF(P10<>"",B10&"-"&P10&"-"&O10&"-Pos"&Q10,"") | Z10: =IF(P10<>"",B10&"-"&P10&"-"&O10,"") | AA10: =IFERROR(INDEX('Squad Listing'!$A:$A,MATCH(Z10,'Squad Listing'!$B:$B,0)),"")
A11: 24-1021 | B11: =INDEX('Tournament List'!$L:$L,MATCH($A11,'Tournament List'!$A:$A,0)) -> Forge Christian Shooting Team | C11: =INDEX('Tournament List'!$B:$B,MATCH($A11,'Tournament List'!$A:$A,0)) -> Steve | D11: =INDEX('Tournament List'!$C:$C,MATCH($A11,'Tournament List'!$A:$A,0)) -> Last Name22 | E11: =IF(C11<>"",C11&" "&D11,"") -> Steve Last Name22 | F11: =INDEX('Tournament List'!$M:$M,MATCH($A11,'Tournament List'!$A:$A,0)) -> Intermediate | G11: Skeet | H11: Intermediate 1 | I11: 2 | K11: Trap | O11: Sporting Clays | S11: =IF(H11<>"",B11&"-"&H11&"-"&G11,"") -> Forge Christian Shooting Team-Intermediate 1-Skeet | T11: =IFERROR(INDEX('Squad Listing'!$A:$A,MATCH(S11,'Squad Listing'!$B:$B,0)),"") -> 175 | U11: =IF(H11<>"",T11&"-"&I11,"") -> 175-2 | V11: =IF(L11<>"",B11&"-"&L11&"-"&K11&"-Pos"&M11,"") | W11: =IF(L11<>"",B11&"-"&L11&"-"&K11,"") | X11: =IFERROR(INDEX('Squad Listing'!$A:$A,MATCH(W11,'Squad Listing'!$B:$B,0)),"") | Y11: =IF(P11<>"",B11&"-"&P11&"-"&O11&"-Pos"&Q11,"") | Z11: =IF(P11<>"",B11&"-"&P11&"-"&O11,"") | AA11: =IFERROR(INDEX('Squad Listing'!$A:$A,MATCH(Z11,'Squad Listing'!$B:$B,0)),"")
A12: 24-1033 | B12: =INDEX('Tournament List'!$L:$L,MATCH($A12,'Tournament List'!$A:$A,0)) -> Forge Christian Shooting Team | C12: =INDEX('Tournament List'!$B:$B,MATCH($A12,'Tournament List'!$A:$A,0)) -> Marty | D12: =INDEX('Tournament List'!$C:$C,MATCH($A12,'Tournament List'!$A:$A,0)) -> Last Name34 | E12: =IF(C12<>"",C12&" "&D12,"") -> Marty Last Name34 | F12: =INDEX('Tournament List'!$M:$M,MATCH($A12,'Tournament List'!$A:$A,0)) -> Intermediate | G12: Skeet | H12: Intermediate 1 | I12: 3 | K12: Trap | O12: Sporting Clays | S12: =IF(H12<>"",B12&"-"&H12&"-"&G12,"") -> Forge Christian Shooting Team-Intermediate 1-Skeet | T12: =IFERROR(INDEX('Squad Listing'!$A:$A,MATCH(S12,'Squad Listing'!$B:$B,0)),"") -> 175 | U12: =IF(H12<>"",T12&"-"&I12,"") -> 175-3 | V12: =IF(L12<>"",B12&"-"&L12&"-"&K12&"-Pos"&M12,"") | W12: =IF(L12<>"",B12&"-"&L12&"-"&K12,"") | X12: =IFERROR(INDEX('Squad Listing'!$A:$A,MATCH(W12,'Squad Listing'!$B:$B,0)),"") | Y12: =IF(P12<>"",B12&"-"&P12&"-"&O12&"-Pos"&Q12,"") | Z12: =IF(P12<>"",B12&"-"&P12&"-"&O12,"") | AA12: =IFERROR(INDEX('Squad Listing'!$A:$A,MATCH(Z12,'Squad Listing'!$B:$B,0)),"")
A13: 24-1045 | B13: =INDEX('Tournament List'!$L:$L,MATCH($A13,'Tournament List'!$A:$A,0)) -> Forge Christian Shooting Team | C13: =INDEX('Tournament List'!$B:$B,MATCH($A13,'Tournament List'!$A:$A,0)) -> Sam | D13: =INDEX('Tournament List'!$C:$C,MATCH($A13,'Tournament List'!$A:$A,0)) -> Last Name46 | E13: =IF(C13<>"",C13&" "&D13,"") -> Sam Last Name46 | F13: =INDEX('Tournament List'!$M:$M,MATCH($A13,'Tournament List'!$A:$A,0)) -> Varsity | G13: Skeet | H13: Varsity 1 | I13: 1 | K13: Trap | O13: Sporting Clays | S13: =IF(H13<>"",B13&"-"&H13&"-"&G13,"") -> Forge Christian Shooting Team-Varsity 1-Skeet | T13: =IFERROR(INDEX('Squad Listing'!$A:$A,MATCH(S13,'Squad Listing'!$B:$B,0)),"") -> 187 | U13: =IF(H13<>"",T13&"-"&I13,"") -> 187-1 | V13: =IF(L13<>"",B13&"-"&L13&"-"&K13&"-Pos"&M13,"") | W13: =IF(L13<>"",B13&"-"&L13&"-"&K13,"") | X13: =IFERROR(INDEX('Squad Listing'!$A:$A,MATCH(W13,'Squad Listing'!$B:$B,0)),"") | Y13: =IF(P13<>"",B13&"-"&P13&"-"&O13&"-Pos"&Q13,"") | Z13: =IF(P13<>"",B13&"-"&P13&"-"&O13,"") | AA13: =IFERROR(INDEX('Squad Listing'!$A:$A,MATCH(Z13,'Squad Listing'!$B:$B,0)),"")
A14: 24-1015 | B14: =INDEX('Tournament List'!$L:$L,MATCH($A14,'Tournament List'!$A:$A,0)) -> Forge Christian Shooting Team | C14: =INDEX('Tournament List'!$B:$B,MATCH($A14,'Tournament List'!$A:$A,0)) -> Paul | D14: =INDEX('Tournament List'!$C:$C,MATCH($A14,'Tournament List'!$A:$A,0)) -> Last Name16 | E14: =IF(C14<>"",C14&" "&D14,"") -> Paul Last Name16 | F14: =INDEX('Tournament List'!$M:$M,MATCH($A14,'Tournament List'!$A:$A,0)) -> Varsity | G14: Skeet | K14: Trap | O14: Sporting Clays | S14: =IF(H14<>"",B14&"-"&H14&"-"&G14,"") | T14: =IFERROR(INDEX('Squad Listing'!$A:$A,MATCH(S14,'Squad Listing'!$B:$B,0)),"") | U14: =IF(H14<>"",T14&"-"&I14,"") | V14: =IF(L14<>"",B14&"-"&L14&"-"&K14&"-Pos"&M14,"") | W14: =IF(L14<>"",B14&"-"&L14&"-"&K14,"") | X14: =IFERROR(INDEX('Squad Listing'!$A:$A,MATCH(W14,'Squad Listing'!$B:$B,0)),"") | Y14: =IF(P14<>"",B14&"-"&P14&"-"&O14&"-Pos"&Q14,"") | Z14: =IF(P14<>"",B14&"-"&P14&"-"&O14,"") | AA14: =IFERROR(INDEX('Squad Listing'!$A:$A,MATCH(Z14,'Squad Listing'!$B:$B,0)),"")
A15: 24-1027 | B15: =INDEX('Tournament List'!$L:$L,MATCH($A15,'Tournament List'!$A:$A,0)) -> Forge Christian Shooting Team | C15: =INDEX('Tournament List'!$B:$B,MATCH($A15,'Tournament List'!$A:$A,0)) -> Brad | D15: =INDEX('Tournament List'!$C:$C,MATCH($A15,'Tournament List'!$A:$A,0)) -> Last Name28 | E15: =IF(C15<>"",C15&" "&D15,"") -> Brad Last Name28 | F15: =INDEX('Tournament List'!$M:$M,MATCH($A15,'Tournament List'!$A:$A,0)) -> Varsity | G15: Skeet | H15: Varsity 1 | I15: 2 | K15: Trap | O15: Sporting Clays | S15: =IF(H15<>"",B15&"-"&H15&"-"&G15,"") -> Forge Christian Shooting Team-Varsity 1-Skeet | T15: =IFERROR(INDEX('Squad Listing'!$A:$A,MATCH(S15,'Squad Listing'!$B:$B,0)),"") -> 187 | U15: =IF(H15<>"",T15&"-"&I15,"") -> 187-2 | V15: =IF(L15<>"",B15&"-"&L15&"-"&K15&"-Pos"&M15,"") | W15: =IF(L15<>"",B15&"-"&L15&"-"&K15,"") | X15: =IFERROR(INDEX('Squad Listing'!$A:$A,MATCH(W15,'Squad Listing'!$B:$B,0)),"") | Y15: =IF(P15<>"",B15&"-"&P15&"-"&O15&"-Pos"&Q15,"") | Z15: =IF(P15<>"",B15&"-"&P15&"-"&O15,"") | AA15: =IFERROR(INDEX('Squad Listing'!$A:$A,MATCH(Z15,'Squad Listing'!$B:$B,0)),"")
A16: 24-1039 | B16: =INDEX('Tournament List'!$L:$L,MATCH($A16,'Tournament List'!$A:$A,0)) -> Forge Christian Shooting Team | C16: =INDEX('Tournament List'!$B:$B,MATCH($A16,'Tournament List'!$A:$A,0)) -> Troy | D16: =INDEX('Tournament List'!$C:$C,MATCH($A16,'Tournament List'!$A:$A,0)) -> Last Name40 | E16: =IF(C16<>"",C16&" "&D16,"") -> Troy Last Name40 | F16: =INDEX('Tournament List'!$M:$M,MATCH($A16,'Tournament List'!$A:$A,0)) -> Varsity | G16: Skeet | H16: Varsity 1 | I16: 3 | K16: Trap | O16: Sporting Clays | S16: =IF(H16<>"",B16&"-"&H16&"-"&G16,"") -> Forge Christian Shooting Team-Varsity 1-Skeet | T16: =IFERROR(INDEX('Squad Listing'!$A:$A,MATCH(S16,'Squad Listing'!$B:$B,0)),"") -> 187 | U16: =IF(H16<>"",T16&"-"&I16,"") -> 187-3 | V16: =IF(L16<>"",B16&"-"&L16&"-"&K16&"-Pos"&M16,"") | W16: =IF(L16<>"",B16&"-"&L16&"-"&K16,"") | X16: =IFERROR(INDEX('Squad Listing'!$A:$A,MATCH(W16,'Squad Listing'!$B:$B,0)),"") | Y16: =IF(P16<>"",B16&"-"&P16&"-"&O16&"-Pos"&Q16,"") | Z16: =IF(P16<>"",B16&"-"&P16&"-"&O16,"") | AA16: =IFERROR(INDEX('Squad Listing'!$A:$A,MATCH(Z16,'Squad Listing'!$B:$B,0)),"")
A17: 24-1003 | B17: =INDEX('Tournament List'!$L:$L,MATCH($A17,'Tournament List'!$A:$A,0)) -> Forge Christian Shooting Team | C17: =INDEX('Tournament List'!$B:$B,MATCH($A17,'Tournament List'!$A:$A,0)) -> Susan | D17: =INDEX('Tournament List'!$C:$C,MATCH($A17,'Tournament List'!$A:$A,0)) -> Last Name4 | E17: =IF(C17<>"",C17&" "&D17,"") -> Susan Last Name4 | F17: =INDEX('Tournament List'!$M:$M,MATCH($A17,'Tournament List'!$A:$A,0)) -> Varsity | G17: Skeet | K17: Trap | O17: Sporting Clays | S17: =IF(H17<>"",B17&"-"&H17&"-"&G17,"") | T17: =IFERROR(INDEX('Squad Listing'!$A:$A,MATCH(S17,'Squad Listing'!$B:$B,0)),"") | U17: =IF(H17<>"",T17&"-"&I17,"") | V17: =IF(L17<>"",B17&"-"&L17&"-"&K17&"-Pos"&M17,"") | W17: =IF(L17<>"",B17&"-"&L17&"-"&K17,"") | X17: =IFERROR(INDEX('Squad Listing'!$A:$A,MATCH(W17,'Squad Listing'!$B:$B,0)),"") | Y17: =IF(P17<>"",B17&"-"&P17&"-"&O17&"-Pos"&Q17,"") | Z17: =IF(P17<>"",B17&"-"&P17&"-"&O17,"") | AA17: =IFERROR(INDEX('Squad Listing'!$A:$A,MATCH(Z17,'Squad Listing'!$B:$B,0)),"")
A18: 24-1006 | B18: =INDEX('Tournament List'!$L:$L,MATCH($A18,'Tournament List'!$A:$A,0)) -> High Plains Drifters | C18: =INDEX('Tournament List'!$B:$B,MATCH($A18,'Tournament List'!$A:$A,0)) -> Blake | D18: =INDEX('Tournament List'!$C:$C,MATCH($A18,'Tournament List'!$A:$A,0)) -> Last Name7 | E18: =IF(C18<>"",C18&" "&D18,"") -> Blake Last Name7 | F18: =INDEX('Tournament List'!$M:$M,MATCH($A18,'Tournament List'!$A:$A,0)) -> Intermediate | G18: Skeet | H18: Intermediate 1 | I18: 1 | J18: 9:00 | K18: Trap | L18: Open 1 | M18: 4 | N18: 11:00 | O18: Sporting Clays | S18: =IF(H18<>"",B18&"-"&H18&"-"&G18,"") -> High Plains Drifters-Intermediate 1-Skeet | T18: =IFERROR(INDEX('Squad Listing'!$A:$A,MATCH(S18,'Squad Listing'!$B:$B,0)),"") -> 13 | U18: =IF(H18<>"",T18&"-"&I18,"") -> 13-1 | V18: =IF(L18<>"",B18&"-"&L18&"-"&K18&"-Pos"&M18,"") -> High Plains Drifters-Open 1-Trap-Pos4 | W18: =IF(L18<>"",B18&"-"&L18&"-"&K18,"") -> High Plains Drifters-Open 1-Trap | X18: =IFERROR(INDEX('Squad Listing'!$A:$A,MATCH(W18,'Squad Listing'!$B:$B,0)),"") -> 40 | Y18: =IF(P18<>"",B18&"-"&P18&"-"&O18&"-Pos"&Q18,"") | Z18: =IF(P18<>"",B18&"-"&P18&"-"&O18,"") | AA18: =IFERROR(INDEX('Squad Listing'!$A:$A,MATCH(Z18,'Squad Listing'!$B:$B,0)),"")
A19: 24-1030 | B19: =INDEX('Tournament List'!$L:$L,MATCH($A19,'Tournament List'!$A:$A,0)) -> High Plains Drifters | C19: =INDEX('Tournament List'!$B:$B,MATCH($A19,'Tournament List'!$A:$A,0)) -> Shelly | D19: =INDEX('Tournament List'!$C:$C,MATCH($A19,'Tournament List'!$A:$A,0)) -> Last Name31 | E19: =IF(C19<>"",C19&" "&D19,"") -> Shelly Last Name31 | F19: =INDEX('Tournament List'!$M:$M,MATCH($A19,'Tournament List'!$A:$A,0)) -> Intermediate | G19: Skeet | H19: Intermediate 1 | I19: 2 | J19: 9:00 | K19: Trap | L19: Open 1 | M19: 5 | N19: 11:00 | O19: Sporting Clays | S19: =IF(H19<>"",B19&"-"&H19&"-"&G19,"") -> High Plains Drifters-Intermediate 1-Skeet | T19: =IFERROR(INDEX('Squad Listing'!$A:$A,MATCH(S19,'Squad Listing'!$B:$B,0)),"") -> 13 | U19: =IF(H19<>"",T19&"-"&I19,"") -> 13-2 | V19: =IF(L19<>"",B19&"-"&L19&"-"&K19&"-Pos"&M19,"") -> High Plains Drifters-Open 1-Trap-Pos5 | W19: =IF(L19<>"",B19&"-"&L19&"-"&K19,"") -> High Plains Drifters-Open 1-Trap | X19: =IFERROR(INDEX('Squad Listing'!$A:$A,MATCH(W19,'Squad Listing'!$B:$B,0)),"") -> 40 | Y19: =IF(P19<>"",B19&"-"&P19&"-"&O19&"-Pos"&Q19,"") | Z19: =IF(P19<>"",B19&"-"&P19&"-"&O19,"") | AA19: =IFERROR(INDEX('Squad Listing'!$A:$A,MATCH(Z19,'Squad Listing'!$B:$B,0)),"")
A20: 24-1042 | B20: =INDEX('Tournament List'!$L:$L,MATCH($A20,'Tournament List'!$A:$A,0)) -> High Plains Drifters | C20: =INDEX('Tournament List'!$B:$B,MATCH($A20,'Tournament List'!$A:$A,0)) -> Terry | D20: =INDEX('Tournament List'!$C:$C,MATCH($A20,'Tournament List'!$A:$A,0)) -> Last Name43 | E20: =IF(C20<>"",C20&" "&D20,"") -> Terry Last Name43 | F20: =INDEX('Tournament List'!$M:$M,MATCH($A20,'Tournament List'!$A:$A,0)) -> Intermediate | G20: Skeet | H20: Intermediate 1 | I20: 3 | J20: 9:00 | K20: Trap | O20: Sporting Clays | P20: Open 1 | Q20: 1 | S20: =IF(H20<>"",B20&"-"&H20&"-"&G20,"") -> High Plains Drifters-Intermediate 1-Skeet | T20: =IFERROR(INDEX('Squad Listing'!$A:$A,MATCH(S20,'Squad Listing'!$B:$B,0)),"") -> 13 | U20: =IF(H20<>"",T20&"-"&I20,"") -> 13-3 | V20: =IF(L20<>"",B20&"-"&L20&"-"&K20&"-Pos"&M20,"") | W20: =IF(L20<>"",B20&"-"&L20&"-"&K20,"") | X20: =IFERROR(INDEX('Squad Listing'!$A:$A,MATCH(W20,'Squad Listing'!$B:$B,0)),"") | Y20: =IF(P20<>"",B20&"-"&P20&"-"&O20&"-Pos"&Q20,"") -> High Plains Drifters-Open 1-Sporting Clays-Pos1 | Z20: =IF(P20<>"",B20&"-"&P20&"-"&O20,"") -> High Plains Drifters-Open 1-Sporting Clays | AA20: =IFERROR(INDEX('Squad Listing'!$A:$A,MATCH(Z20,'Squad Listing'!$B:$B,0)),"") -> 58
A21: 24-1012 | B21: =INDEX('Tournament List'!$L:$L,MATCH($A21,'Tournament List'!$A:$A,0)) -> High Plains Drifters | C21: =INDEX('Tournament List'!$B:$B,MATCH($A21,'Tournament List'!$A:$A,0)) -> Bruce | D21: =INDEX('Tournament List'!$C:$C,MATCH($A21,'Tournament List'!$A:$A,0)) -> Last Name13 | E21: =IF(C21<>"",C21&" "&D21,"") -> Bruce Last Name13 | F21: =INDEX('Tournament List'!$M:$M,MATCH($A21,'Tournament List'!$A:$A,0)) -> Junior Varsity | G21: Skeet | K21: Trap | O21: Sporting Clays | P21: Open 1 | Q21: 2 | S21: =IF(H21<>"",B21&"-"&H21&"-"&G21,"") | T21: =IFERROR(INDEX('Squad Listing'!$A:$A,MATCH(S21,'Squad Listing'!$B:$B,0)),"") | U21: =IF(H21<>"",T21&"-"&I21,"") | V21: =IF(L21<>"",B21&"-"&L21&"-"&K21&"-Pos"&M21,"") | W21: =IF(L21<>"",B21&"-"&L21&"-"&K21,"") | X21: =IFERROR(INDEX('Squad Listing'!$A:$A,MATCH(W21,'Squad Listing'!$B:$B,0)),"") | Y21: =IF(P21<>"",B21&"-"&P21&"-"&O21&"-Pos"&Q21,"") -> High Plains Drifters-Open 1-Sporting Clays-Pos2 | Z21: =IF(P21<>"",B21&"-"&P21&"-"&O21,"") -> High Plains Drifters-Open 1-Sporting Clays | AA21: =IFERROR(INDEX('Squad Listing'!$A:$A,MATCH(Z21,'Squad Listing'!$B:$B,0)),"") -> 58
A22: 24-1000 | B22: =INDEX('Tournament List'!$L:$L,MATCH($A22,'Tournament List'!$A:$A,0)) -> High Plains Drifters | C22: =INDEX('Tournament List'!$B:$B,MATCH($A22,'Tournament List'!$A:$A,0)) -> Jason | D22: =INDEX('Tournament List'!$C:$C,MATCH($A22,'Tournament List'!$A:$A,0)) -> Last Name1 | E22: =IF(C22<>"",C22&" "&D22,"") -> Jason Last Name1 | F22: =INDEX('Tournament List'!$M:$M,MATCH($A22,'Tournament List'!$A:$A,0)) -> Novice | G22: Skeet | K22: Trap | O22: Sporting Clays | P22: Open 1 | Q22: 3 | S22: =IF(H22<>"",B22&"-"&H22&"-"&G22,"") | T22: =IFERROR(INDEX('Squad Listing'!$A:$A,MATCH(S22,'Squad Listing'!$B:$B,0)),"") | U22: =IF(H22<>"",T22&"-"&I22,"") | V22: =IF(L22<>"",B22&"-"&L22&"-"&K22&"-Pos"&M22,"") | W22: =IF(L22<>"",B22&"-"&L22&"-"&K22,"") | X22: =IFERROR(INDEX('Squad Listing'!$A:$A,MATCH(W22,'Squad Listing'!$B:$B,0)),"") | Y22: =IF(P22<>"",B22&"-"&P22&"-"&O22&"-Pos"&Q22,"") -> High Plains Drifters-Open 1-Sporting Clays-Pos3 | Z22: =IF(P22<>"",B22&"-"&P22&"-"&O22,"") -> High Plains Drifters-Open 1-Sporting Clays | AA22: =IFERROR(INDEX('Squad Listing'!$A:$A,MATCH(Z22,'Squad Listing'!$B:$B,0)),"") -> 58
A23: 24-1018 | B23: =INDEX('Tournament List'!$L:$L,MATCH($A23,'Tournament List'!$A:$A,0)) -> High Plains Drifters | C23: =INDEX('Tournament List'!$B:$B,MATCH($A23,'Tournament List'!$A:$A,0)) -> Jack | D23: =INDEX('Tournament List'!$C:$C,MATCH($A23,'Tournament List'!$A:$A,0)) -> Last Name19 | E23: =IF(C23<>"",C23&" "&D23,"") -> Jack Last Name19 | F23: =INDEX('Tournament List'!$M:$M,MATCH($A23,'Tournament List'!$A:$A,0)) -> Varsity | G23: Skeet | H23: Varsity 1 | I23: 1 | J23: 9:00 | K23: Trap | L23: Open 1 | M23: 1 | N23: 11:00 | O23: Sporting Clays | P23: Varsity 1 | Q23: 2 | S23: =IF(H23<>"",B23&"-"&H23&"-"&G23,"") -> High Plains Drifters-Varsity 1-Skeet | T23: =IFERROR(INDEX('Squad Listing'!$A:$A,MATCH(S23,'Squad Listing'!$B:$B,0)),"") -> 25 | U23: =IF(H23<>"",T23&"-"&I23,"") -> 25-1 | V23: =IF(L23<>"",B23&"-"&L23&"-"&K23&"-Pos"&M23,"") -> High Plains Drifters-Open 1-Trap-Pos1 | W23: =IF(L23<>"",B23&"-"&L23&"-"&K23,"") -> High Plains Drifters-Open 1-Trap | X23: =IFERROR(INDEX('Squad Listing'!$A:$A,MATCH(W23,'Squad Listing'!$B:$B,0)),"") -> 40 | Y23: =IF(P23<>"",B23&"-"&P23&"-"&O23&"-Pos"&Q23,"") -> High Plains Drifters-Varsity 1-Sporting Clays-Pos2 | Z23: =IF(P23<>"",B23&"-"&P23&"-"&O23,"") -> High Plains Drifters-Varsity 1-Sporting Clays | AA23: =IFERROR(INDEX('Squad Listing'!$A:$A,MATCH(Z23,'Squad Listing'!$B:$B,0)),"") -> 61
A24: 24-1024 | B24: =INDEX('Tournament List'!$L:$L,MATCH($A24,'Tournament List'!$A:$A,0)) -> High Plains Drifters | C24: =INDEX('Tournament List'!$B:$B,MATCH($A24,'Tournament List'!$A:$A,0)) -> Harry | D24: =INDEX('Tournament List'!$C:$C,MATCH($A24,'Tournament List'!$A:$A,0)) -> Last Name25 | E24: =IF(C24<>"",C24&" "&D24,"") -> Harry Last Name25 | F24: =INDEX('Tournament List'!$M:$M,MATCH($A24,'Tournament List'!$A:$A,0)) -> Varsity | G24: Skeet | H24: Varsity 1 | I24: 2 | J24: 9:00 | K24: Trap | L24: Open 1 | M24: 2 | N24: 11:00 | O24: Sporting Clays | P24: Varsity 1 | Q24: 1 | S24: =IF(H24<>"",B24&"-"&H24&"-"&G24,"") -> High Plains Drifters-Varsity 1-Skeet | T24: =IFERROR(INDEX('Squad Listing'!$A:$A,MATCH(S24,'Squad Listing'!$B:$B,0)),"") -> 25 | U24: =IF(H24<>"",T24&"-"&I24,"") -> 25-2 | V24: =IF(L24<>"",B24&"-"&L24&"-"&K24&"-Pos"&M24,"") -> High Plains Drifters-Open 1-Trap-Pos2 | W24: =IF(L24<>"",B24&"-"&L24&"-"&K24,"") -> High Plains Drifters-Open 1-Trap | X24: =IFERROR(INDEX('Squad Listing'!$A:$A,MATCH(W24,'Squad Listing'!$B:$B,0)),"") -> 40 | Y24: =IF(P24<>"",B24&"-"&P24&"-"&O24&"-Pos"&Q24,"") -> High Plains Drifters-Varsity 1-Sporting Clays-Pos1 | Z24: =IF(P24<>"",B24&"-"&P24&"-"&O24,"") -> High Plains Drifters-Varsity 1-Sporting Clays | AA24: =IFERROR(INDEX('Squad Listing'!$A:$A,MATCH(Z24,'Squad Listing'!$B:$B,0)),"") -> 61
A25: 24-1036 | B25: =INDEX('Tournament List'!$L:$L,MATCH($A25,'Tournament List'!$A:$A,0)) -> High Plains Drifters | C25: =INDEX('Tournament List'!$B:$B,MATCH($A25,'Tournament List'!$A:$A,0)) -> Will | D25: =INDEX('Tournament List'!$C:$C,MATCH($A25,'Tournament List'!$A:$A,0)) -> Last Name37 | E25: =IF(C25<>"",C25&" "&D25,"") -> Will Last Name37 | F25: =INDEX('Tournament List'!$M:$M,MATCH($A25,'Tournament List'!$A:$A,0)) -> Varsity | G25: Skeet | H25: Varsity 1 | I25: 3 | J25: 9:00 | K25: Trap | L25: Open 1 | M25: 3 | N25: 11:00 | O25: Sporting Clays | P25: Varsity 1 | Q25: 3 | S25: =IF(H25<>"",B25&"-"&H25&"-"&G25,"") -> High Plains Drifters-Varsity 1-Skeet | T25: =IFERROR(INDEX('Squad Listing'!$A:$A,MATCH(S25,'Squad Listing'!$B:$B,0)),"") -> 25 | U25: =IF(H25<>"",T25&"-"&I25,"") -> 25-3 | V25: =IF(L25<>"",B25&"-"&L25&"-"&K25&"-Pos"&M25,"") -> High Plains Drifters-Open 1-Trap-Pos3 | W25: =IF(L25<>"",B25&"-"&L25&"-"&K25,"") -> High Plains Drifters-Open 1-Trap | X25: =IFERROR(INDEX('Squad Listing'!$A:$A,MATCH(W25,'Squad Listing'!$B:$B,0)),"") -> 40 | Y25: =IF(P25<>"",B25&"-"&P25&"-"&O25&"-Pos"&Q25,"") -> High Plains Drifters-Varsity 1-Sporting Clays-Pos3 | Z25: =IF(P25<>"",B25&"-"&P25&"-"&O25,"") -> High Plains Drifters-Varsity 1-Sporting Clays | AA25: =IFERROR(INDEX('Squad Listing'!$A:$A,MATCH(Z25,'Squad Listing'!$B:$B,0)),"") -> 61
A26: 24-1011 | B26: =INDEX('Tournament List'!$L:$L,MATCH($A26,'Tournament List'!$A:$A,0)) -> Littleton Target Masters | C26: =INDEX('Tournament List'!$B:$B,MATCH($A26,'Tournament List'!$A:$A,0)) -> Bob | D26: =INDEX('Tournament List'!$C:$C,MATCH($A26,'Tournament List'!$A:$A,0)) -> Last Name12 | E26: =IF(C26<>"",C26&" "&D26,"") -> Bob Last Name12 | F26: =INDEX('Tournament List'!$M:$M,MATCH($A26,'Tournament List'!$A:$A,0)) -> Collegiate | G26: Skeet | H26: Collegiate 1 | I26: 1 | K26: Trap | O26: Sporting Clays | S26: =IF(H26<>"",B26&"-"&H26&"-"&G26,"") -> Littleton Target Masters-Collegiate 1-Skeet | T26: =IFERROR(INDEX('Squad Listing'!$A:$A,MATCH(S26,'Squad Listing'!$B:$B,0)),"") -> 280 | U26: =IF(H26<>"",T26&"-"&I26,"") -> 280-1 | V26: =IF(L26<>"",B26&"-"&L26&"-"&K26&"-Pos"&M26,"") | W26: =IF(L26<>"",B26&"-"&L26&"-"&K26,"") | X26: =IFERROR(INDEX('Squad Listing'!$A:$A,MATCH(W26,'Squad Listing'!$B:$B,0)),"") | Y26: =IF(P26<>"",B26&"-"&P26&"-"&O26&"-Pos"&Q26,"") | Z26: =IF(P26<>"",B26&"-"&P26&"-"&O26,"") | AA26: =IFERROR(INDEX('Squad Listing'!$A:$A,MATCH(Z26,'Squad Listing'!$B:$B,0)),"")
A27: 24-1017 | B27: =INDEX('Tournament List'!$L:$L,MATCH($A27,'Tournament List'!$A:$A,0)) -> Littleton Target Masters | C27: =INDEX('Tournament List'!$B:$B,MATCH($A27,'Tournament List'!$A:$A,0)) -> Jill | D27: =INDEX('Tournament List'!$C:$C,MATCH($A27,'Tournament List'!$A:$A,0)) -> Last Name18 | E27: =IF(C27<>"",C27&" "&D27,"") -> Jill Last Name18 | F27: =INDEX('Tournament List'!$M:$M,MATCH($A27,'Tournament List'!$A:$A,0)) -> Collegiate | G27: Skeet | H27: Collegiate 1 | I27: 2 | K27: Trap | O27: Sporting Clays | S27: =IF(H27<>"",B27&"-"&H27&"-"&G27,"") -> Littleton Target Masters-Collegiate 1-Skeet | T27: =IFERROR(INDEX('Squad Listing'!$A:$A,MATCH(S27,'Squad Listing'!$B:$B,0)),"") -> 280 | U27: =IF(H27<>"",T27&"-"&I27,"") -> 280-2 | V27: =IF(L27<>"",B27&"-"&L27&"-"&K27&"-Pos"&M27,"") | W27: =IF(L27<>"",B27&"-"&L27&"-"&K27,"") | X27: =IFERROR(INDEX('Squad Listing'!$A:$A,MATCH(W27,'Squad Listing'!$B:$B,0)),"") | Y27: =IF(P27<>"",B27&"-"&P27&"-"&O27&"-Pos"&Q27,"") | Z27: =IF(P27<>"",B27&"-"&P27&"-"&O27,"") | AA27: =IFERROR(INDEX('Squad Listing'!$A:$A,MATCH(Z27,'Squad Listing'!$B:$B,0)),"")
A28: 24-1029 | B28: =INDEX('Tournament List'!$L:$L,MATCH($A28,'Tournament List'!$A:$A,0)) -> Littleton Target Masters | C28: =INDEX('Tournament List'!$B:$B,MATCH($A28,'Tournament List'!$A:$A,0)) -> Judy | D28: =INDEX('Tournament List'!$C:$C,MATCH($A28,'Tournament List'!$A:$A,0)) -> Last Name30 | E28: =IF(C28<>"",C28&" "&D28,"") -> Judy Last Name30 | F28: =INDEX('Tournament List'!$M:$M,MATCH($A28,'Tournament List'!$A:$A,0)) -> Collegiate | G28: Skeet | H28: Collegiate 1 | I28: 3 | K28: Trap | O28: Sporting Clays | S28: =IF(H28<>"",B28&"-"&H28&"-"&G28,"") -> Littleton Target Masters-Collegiate 1-Skeet | T28: =IFERROR(INDEX('Squad Listing'!$A:$A,MATCH(S28,'Squad Listing'!$B:$B,0)),"") -> 280 | U28: =IF(H28<>"",T28&"-"&I28,"") -> 280-3 | V28: =IF(L28<>"",B28&"-"&L28&"-"&K28&"-Pos"&M28,"") | W28: =IF(L28<>"",B28&"-"&L28&"-"&K28,"") | X28: =IFERROR(INDEX('Squad Listing'!$A:$A,MATCH(W28,'Squad Listing'!$B:$B,0)),"") | Y28: =IF(P28<>"",B28&"-"&P28&"-"&O28&"-Pos"&Q28,"") | Z28: =IF(P28<>"",B28&"-"&P28&"-"&O28,"") | AA28: =IFERROR(INDEX('Squad Listing'!$A:$A,MATCH(Z28,'Squad Listing'!$B:$B,0)),"")
A29: 24-1041 | B29: =INDEX('Tournament List'!$L:$L,MATCH($A29,'Tournament List'!$A:$A,0)) -> Littleton Target Masters | C29: =INDEX('Tournament List'!$B:$B,MATCH($A29,'Tournament List'!$A:$A,0)) -> Owen | D29: =INDEX('Tournament List'!$C:$C,MATCH($A29,'Tournament List'!$A:$A,0)) -> Last Name42 | E29: =IF(C29<>"",C29&" "&D29,"") -> Owen Last Name42 | F29: =INDEX('Tournament List'!$M:$M,MATCH($A29,'Tournament List'!$A:$A,0)) -> Novice | G29: Skeet | H29: Novice 1 | I29: 3 | K29: Trap | O29: Sporting Clays | S29: =IF(H29<>"",B29&"-"&H29&"-"&G29,"") -> Littleton Target Masters-Novice 1-Skeet | T29: =IFERROR(INDEX('Squad Listing'!$A:$A,MATCH(S29,'Squad Listing'!$B:$B,0)),"") -> 289 | U29: =IF(H29<>"",T29&"-"&I29,"") -> 289-3 | V29: =IF(L29<>"",B29&"-"&L29&"-"&K29&"-Pos"&M29,"") | W29: =IF(L29<>"",B29&"-"&L29&"-"&K29,"") | X29: =IFERROR(INDEX('Squad Listing'!$A:$A,MATCH(W29,'Squad Listing'!$B:$B,0)),"") | Y29: =IF(P29<>"",B29&"-"&P29&"-"&O29&"-Pos"&Q29,"") | Z29: =IF(P29<>"",B29&"-"&P29&"-"&O29,"") | AA29: =IFERROR(INDEX('Squad Listing'!$A:$A,MATCH(Z29,'Squad Listing'!$B:$B,0)),"")
A30: 24-1005 | B30: =INDEX('Tournament List'!$L:$L,MATCH($A30,'Tournament List'!$A:$A,0)) -> Littleton Target Masters | C30: =INDEX('Tournament List'!$B:$B,MATCH($A30,'Tournament List'!$A:$A,0)) -> Ben | D30: =INDEX('Tournament List'!$C:$C,MATCH($A30,'Tournament List'!$A:$A,0)) -> Last Name6 | E30: =IF(C30<>"",C30&" "&D30,"") -> Ben Last Name6 | F30: =INDEX('Tournament List'!$M:$M,MATCH($A30,'Tournament List'!$A:$A,0)) -> Novice | G30: Skeet | H30: Novice 1 | I30: 2 | K30: Trap | O30: Sporting Clays | S30: =IF(H30<>"",B30&"-"&H30&"-"&G30,"") -> Littleton Target Masters-Novice 1-Skeet | T30: =IFERROR(INDEX('Squad Listing'!$A:$A,MATCH(S30,'Squad Listing'!$B:$B,0)),"") -> 289 | U30: =IF(H30<>"",T30&"-"&I30,"") -> 289-2 | V30: =IF(L30<>"",B30&"-"&L30&"-"&K30&"-Pos"&M30,"") | W30: =IF(L30<>"",B30&"-"&L30&"-"&K30,"") | X30: =IFERROR(INDEX('Squad Listing'!$A:$A,MATCH(W30,'Squad Listing'!$B:$B,0)),"") | Y30: =IF(P30<>"",B30&"-"&P30&"-"&O30&"-Pos"&Q30,"") | Z30: =IF(P30<>"",B30&"-"&P30&"-"&O30,"") | AA30: =IFERROR(INDEX('Squad Listing'!$A:$A,MATCH(Z30,'Squad Listing'!$B:$B,0)),"")
A31: 24-1035 | B31: =INDEX('Tournament List'!$L:$L,MATCH($A31,'Tournament List'!$A:$A,0)) -> Littleton Target Masters | C31: =INDEX('Tournament List'!$B:$B,MATCH($A31,'Tournament List'!$A:$A,0)) -> Randy | D31: =INDEX('Tournament List'!$C:$C,MATCH($A31,'Tournament List'!$A:$A,0)) -> Last Name36 | E31: =IF(C31<>"",C31&" "&D31,"") -> Randy Last Name36 | F31: =INDEX('Tournament List'!$M:$M,MATCH($A31,'Tournament List'!$A:$A,0)) -> Novice | G31: Skeet | H31: Novice 1 | I31: 1 | K31: Trap | O31: Sporting Clays | S31: =IF(H31<>"",B31&"-"&H31&"-"&G31,"") -> Littleton Target Masters-Novice 1-Skeet | T31: =IFERROR(INDEX('Squad Listing'!$A:$A,MATCH(S31,'Squad Listing'!$B:$B,0)),"") -> 289 | U31: =IF(H31<>"",T31&"-"&I31,"") -> 289-1 | V31: =IF(L31<>"",B31&"-"&L31&"-"&K31&"-Pos"&M31,"") | W31: =IF(L31<>"",B31&"-"&L31&"-"&K31,"") | X31: =IFERROR(INDEX('Squad Listing'!$A:$A,MATCH(W31,'Squad Listing'!$B:$B,0)),"") | Y31: =IF(P31<>"",B31&"-"&P31&"-"&O31&"-Pos"&Q31,"") | Z31: =IF(P31<>"",B31&"-"&P31&"-"&O31,"") | AA31: =IFERROR(INDEX('Squad Listing'!$A:$A,MATCH(Z31,'Squad Listing'!$B:$B,0)),"")
A32: 24-1047 | B32: =INDEX('Tournament List'!$L:$L,MATCH($A32,'Tournament List'!$A:$A,0)) -> Littleton Target Masters | C32: =INDEX('Tournament List'!$B:$B,MATCH($A32,'Tournament List'!$A:$A,0)) -> Jackson | D32: =INDEX('Tournament List'!$C:$C,MATCH($A32,'Tournament List'!$A:$A,0)) -> Last Name48 | E32: =IF(C32<>"",C32&" "&D32,"") -> Jackson Last Name48 | F32: =INDEX('Tournament List'!$M:$M,MATCH($A32,'Tournament List'!$A:$A,0)) -> Novice | G32: Skeet | K32: Trap | O32: Sporting Clays | S32: =IF(H32<>"",B32&"-"&H32&"-"&G32,"") | T32: =IFERROR(INDEX('Squad Listing'!$A:$A,MATCH(S32,'Squad Listing'!$B:$B,0)),"") | U32: =IF(H32<>"",T32&"-"&I32,"") | V32: =IF(L32<>"",B32&"-"&L32&"-"&K32&"-Pos"&M32,"") | W32: =IF(L32<>"",B32&"-"&L32&"-"&K32,"") | X32: =IFERROR(INDEX('Squad Listing'!$A:$A,MATCH(W32,'Squad Listing'!$B:$B,0)),"") | Y32: =IF(P32<>"",B32&"-"&P32&"-"&O32&"-Pos"&Q32,"") | Z32: =IF(P32<>"",B32&"-"&P32&"-"&O32,"") | AA32: =IFERROR(INDEX('Squad Listing'!$A:$A,MATCH(Z32,'Squad Listing'!$B:$B,0)),"")
A33: 24-1023 | B33: =INDEX('Tournament List'!$L:$L,MATCH($A33,'Tournament List'!$A:$A,0)) -> Littleton Target Masters | C33: =INDEX('Tournament List'!$B:$B,MATCH($A33,'Tournament List'!$A:$A,0)) -> Tim | D33: =INDEX('Tournament List'!$C:$C,MATCH($A33,'Tournament List'!$A:$A,0)) -> Last Name24 | E33: =IF(C33<>"",C33&" "&D33,"") -> Tim Last Name24 | F33: =INDEX('Tournament List'!$M:$M,MATCH($A33,'Tournament List'!$A:$A,0)) -> Novice | G33: Skeet | K33: Trap | O33: Sporting Clays | S33: =IF(H33<>"",B33&"-"&H33&"-"&G33,"") | T33: =IFERROR(INDEX('Squad Listing'!$A:$A,MATCH(S33,'Squad Listing'!$B:$B,0)),"") | U33: =IF(H33<>"",T33&"-"&I33,"") | V33: =IF(L33<>"",B33&"-"&L33&"-"&K33&"-Pos"&M33,"") | W33: =IF(L33<>"",B33&"-"&L33&"-"&K33,"") | X33: =IFERROR(INDEX('Squad Listing'!$A:$A,MATCH(W33,'Squad Listing'!$B:$B,0)),"") | Y33: =IF(P33<>"",B33&"-"&P33&"-"&O33&"-Pos"&Q33,"") | Z33: =IF(P33<>"",B33&"-"&P33&"-"&O33,"") | AA33: =IFERROR(INDEX('Squad Listing'!$A:$A,MATCH(Z33,'Squad Listing'!$B:$B,0)),"")
A34: 24-1019 | B34: =INDEX('Tournament List'!$L:$L,MATCH($A34,'Tournament List'!$A:$A,0)) -> Rocky Mountain Clay Busters | C34: =INDEX('Tournament List'!$B:$B,MATCH($A34,'Tournament List'!$A:$A,0)) -> Chris | D34: =INDEX('Tournament List'!$C:$C,MATCH($A34,'Tournament List'!$A:$A,0)) -> Last Name20 | E34: =IF(C34<>"",C34&" "&D34,"") -> Chris Last Name20 | F34: =INDEX('Tournament List'!$M:$M,MATCH($A34,'Tournament List'!$A:$A,0)) -> Junior Varsity | G34: Skeet | K34: Trap | O34: Sporting Clays | S34: =IF(H34<>"",B34&"-"&H34&"-"&G34,"") | T34: =IFERROR(INDEX('Squad Listing'!$A:$A,MATCH(S34,'Squad Listing'!$B:$B,0)),"") | U34: =IF(H34<>"",T34&"-"&I34,"") | V34: =IF(L34<>"",B34&"-"&L34&"-"&K34&"-Pos"&M34,"") | W34: =IF(L34<>"",B34&"-"&L34&"-"&K34,"") | X34: =IFERROR(INDEX('Squad Listing'!$A:$A,MATCH(W34,'Squad Listing'!$B:$B,0)),"") | Y34: =IF(P34<>"",B34&"-"&P34&"-"&O34&"-Pos"&Q34,"") | Z34: =IF(P34<>"",B34&"-"&P34&"-"&O34,"") | AA34: =IFERROR(INDEX('Squad Listing'!$A:$A,MATCH(Z34,'Squad Listing'!$B:$B,0)),"")
A35: 24-1001 | B35: =INDEX('Tournament List'!$L:$L,MATCH($A35,'Tournament List'!$A:$A,0)) -> Rocky Mountain Clay Busters | C35: =INDEX('Tournament List'!$B:$B,MATCH($A35,'Tournament List'!$A:$A,0)) -> John | D35: =INDEX('Tournament List'!$C:$C,MATCH($A35,'Tournament List'!$A:$A,0)) -> Last Name2 | E35: =IF(C35<>"",C35&" "&D35,"") -> John Last Name2 | F35: =INDEX('Tournament List'!$M:$M,MATCH($A35,'Tournament List'!$A:$A,0)) -> Junior Varsity | G35: Skeet | K35: Trap | O35: Sporting Clays | S35: =IF(H35<>"",B35&"-"&H35&"-"&G35,"") | T35: =IFERROR(INDEX('Squad Listing'!$A:$A,MATCH(S35,'Squad Listing'!$B:$B,0)),"") | U35: =IF(H35<>"",T35&"-"&I35,"") | V35: =IF(L35<>"",B35&"-"&L35&"-"&K35&"-Pos"&M35,"") | W35: =IF(L35<>"",B35&"-"&L35&"-"&K35,"") | X35: =IFERROR(INDEX('Squad Listing'!$A:$A,MATCH(W35,'Squad Listing'!$B:$B,0)),"") | Y35: =IF(P35<>"",B35&"-"&P35&"-"&O35&"-Pos"&Q35,"") | Z35: =IF(P35<>"",B35&"-"&P35&"-"&O35,"") | AA35: =IFERROR(INDEX('Squad Listing'!$A:$A,MATCH(Z35,'Squad Listing'!$B:$B,0)),"")
A36: 24-1007 | B36: =INDEX('Tournament List'!$L:$L,MATCH($A36,'Tournament List'!$A:$A,0)) -> Rocky Mountain Clay Busters | C36: =INDEX('Tournament List'!$B:$B,MATCH($A36,'Tournament List'!$A:$A,0)) -> James | D36: =INDEX('Tournament List'!$C:$C,MATCH($A36,'Tournament List'!$A:$A,0)) -> Last Name8 | E36: =IF(C36<>"",C36&" "&D36,"") -> James Last Name8 | F36: =INDEX('Tournament List'!$M:$M,MATCH($A36,'Tournament List'!$A:$A,0)) -> Junior Varsity | G36: Skeet | H36: Junior Varsity 1 | I36: 2 | K36: Trap | O36: Sporting Clays | S36: =IF(H36<>"",B36&"-"&H36&"-"&G36,"") -> Rocky Mountain Clay Busters-Junior Varsity 1-Skeet | T36: =IFERROR(INDEX('Squad Listing'!$A:$A,MATCH(S36,'Squad Listing'!$B:$B,0)),"") -> 70 | U36: =IF(H36<>"",T36&"-"&I36,"") -> 70-2 | V36: =IF(L36<>"",B36&"-"&L36&"-"&K36&"-Pos"&M36,"") | W36: =IF(L36<>"",B36&"-"&L36&"-"&K36,"") | X36: =IFERROR(INDEX('Squad Listing'!$A:$A,MATCH(W36,'Squad Listing'!$B:$B,0)),"") | Y36: =IF(P36<>"",B36&"-"&P36&"-"&O36&"-Pos"&Q36,"") | Z36: =IF(P36<>"",B36&"-"&P36&"-"&O36,"") | AA36: =IFERROR(INDEX('Squad Listing'!$A:$A,MATCH(Z36,'Squad Listing'!$B:$B,0)),"")
A37: 24-1025 | B37: =INDEX('Tournament List'!$L:$L,MATCH($A37,'Tournament List'!$A:$A,0)) -> Rocky Mountain Clay Busters | C37: =INDEX('Tournament List'!$B:$B,MATCH($A37,'Tournament List'!$A:$A,0)) -> Gary | D37: =INDEX('Tournament List'!$C:$C,MATCH($A37,'Tournament List'!$A:$A,0)) -> Last Name26 | E37: =IF(C37<>"",C37&" "&D37,"") -> Gary Last Name26 | F37: =INDEX('Tournament List'!$M:$M,MATCH($A37,'Tournament List'!$A:$A,0)) -> Junior Varsity | G37: Skeet | H37: Junior Varsity 1 | I37: 1 | K37: Trap | O37: Sporting Clays | S37: =IF(H37<>"",B37&"-"&H37&"-"&G37,"") -> Rocky Mountain Clay Busters-Junior Varsity 1-Skeet | T37: =IFERROR(INDEX('Squad Listing'!$A:$A,MATCH(S37,'Squad Listing'!$B:$B,0)),"") -> 70 | U37: =IF(H37<>"",T37&"-"&I37,"") -> 70-1 | V37: =IF(L37<>"",B37&"-"&L37&"-"&K37&"-Pos"&M37,"") | W37: =IF(L37<>"",B37&"-"&L37&"-"&K37,"") | X37: =IFERROR(INDEX('Squad Listing'!$A:$A,MATCH(W37,'Squad Listing'!$B:$B,0)),"") | Y37: =IF(P37<>"",B37&"-"&P37&"-"&O37&"-Pos"&Q37,"") | Z37: =IF(P37<>"",B37&"-"&P37&"-"&O37,"") | AA37: =IFERROR(INDEX('Squad Listing'!$A:$A,MATCH(Z37,'Squad Listing'!$B:$B,0)),"")
A38: 24-1037 | B38: =INDEX('Tournament List'!$L:$L,MATCH($A38,'Tournament List'!$A:$A,0)) -> Rocky Mountain Clay Busters | C38: =INDEX('Tournament List'!$B:$B,MATCH($A38,'Tournament List'!$A:$A,0)) -> Stuart | D38: =INDEX('Tournament List'!$C:$C,MATCH($A38,'Tournament List'!$A:$A,0)) -> Last Name38 | E38: =IF(C38<>"",C38&" "&D38,"") -> Stuart Last Name38 | F38: =INDEX('Tournament List'!$M:$M,MATCH($A38,'Tournament List'!$A:$A,0)) -> Junior Varsity | G38: Skeet | H38: Junior Varsity 1 | I38: 3 | K38: Trap | O38: Sporting Clays | S38: =IF(H38<>"",B38&"-"&H38&"-"&G38,"") -> Rocky Mountain Clay Busters-Junior Varsity 1-Skeet | T38: =IFERROR(INDEX('Squad Listing'!$A:$A,MATCH(S38,'Squad Listing'!$B:$B,0)),"") -> 70 | U38: =IF(H38<>"",T38&"-"&I38,"") -> 70-3 | V38: =IF(L38<>"",B38&"-"&L38&"-"&K38&"-Pos"&M38,"") | W38: =IF(L38<>"",B38&"-"&L38&"-"&K38,"") | X38: =IFERROR(INDEX('Squad Listing'!$A:$A,MATCH(W38,'Squad Listing'!$B:$B,0)),"") | Y38: =IF(P38<>"",B38&"-"&P38&"-"&O38&"-Pos"&Q38,"") | Z38: =IF(P38<>"",B38&"-"&P38&"-"&O38,"") | AA38: =IFERROR(INDEX('Squad Listing'!$A:$A,MATCH(Z38,'Squad Listing'!$B:$B,0)),"")
A39: 24-1031 | B39: =INDEX('Tournament List'!$L:$L,MATCH($A39,'Tournament List'!$A:$A,0)) -> Rocky Mountain Clay Busters | C39: =INDEX('Tournament List'!$B:$B,MATCH($A39,'Tournament List'!$A:$A,0)) -> Kelly | D39: =INDEX('Tournament List'!$C:$C,MATCH($A39,'Tournament List'!$A:$A,0)) -> Last Name32 | E39: =IF(C39<>"",C39&" "&D39,"") -> Kelly Last Name32 | F39: =INDEX('Tournament List'!$M:$M,MATCH($A39,'Tournament List'!$A:$A,0)) -> Intermediate | G39: Skeet | H39: Intermediate 1 | I39: 3 | K39: Trap | O39: Sporting Clays | S39: =IF(H39<>"",B39&"-"&H39&"-"&G39,"") -> Rocky Mountain Clay Busters-Intermediate 1-Skeet | T39: =IFERROR(INDEX('Squad Listing'!$A:$A,MATCH(S39,'Squad Listing'!$B:$B,0)),"") -> 67 | U39: =IF(H39<>"",T39&"-"&I39,"") -> 67-3 | V39: =IF(L39<>"",B39&"-"&L39&"-"&K39&"-Pos"&M39,"") | W39: =IF(L39<>"",B39&"-"&L39&"-"&K39,"") | X39: =IFERROR(INDEX('Squad Listing'!$A:$A,MATCH(W39,'Squad Listing'!$B:$B,0)),"") | Y39: =IF(P39<>"",B39&"-"&P39&"-"&O39&"-Pos"&Q39,"") | Z39: =IF(P39<>"",B39&"-"&P39&"-"&O39,"") | AA39: =IFERROR(INDEX('Squad Listing'!$A:$A,MATCH(Z39,'Squad Listing'!$B:$B,0)),"")
A40: 24-1043 | B40: =INDEX('Tournament List'!$L:$L,MATCH($A40,'Tournament List'!$A:$A,0)) -> Rocky Mountain Clay Busters | C40: =INDEX('Tournament List'!$B:$B,MATCH($A40,'Tournament List'!$A:$A,0)) -> Trisha | D40: =INDEX('Tournament List'!$C:$C,MATCH($A40,'Tournament List'!$A:$A,0)) -> Last Name44 | E40: =IF(C40<>"",C40&" "&D40,"") -> Trisha Last Name44 | F40: =INDEX('Tournament List'!$M:$M,MATCH($A40,'Tournament List'!$A:$A,0)) -> Intermediate | G40: Skeet | H40: Intermediate 1 | I40: 1 | K40: Trap | O40: Sporting Clays | S40: =IF(H40<>"",B40&"-"&H40&"-"&G40,"") -> Rocky Mountain Clay Busters-Intermediate 1-Skeet | T40: =IFERROR(INDEX('Squad Listing'!$A:$A,MATCH(S40,'Squad Listing'!$B:$B,0)),"") -> 67 | U40: =IF(H40<>"",T40&"-"&I40,"") -> 67-1 | V40: =IF(L40<>"",B40&"-"&L40&"-"&K40&"-Pos"&M40,"") | W40: =IF(L40<>"",B40&"-"&L40&"-"&K40,"") | X40: =IFERROR(INDEX('Squad Listing'!$A:$A,MATCH(W40,'Squad Listing'!$B:$B,0)),"") | Y40: =IF(P40<>"",B40&"-"&P40&"-"&O40&"-Pos"&Q40,"") | Z40: =IF(P40<>"",B40&"-"&P40&"-"&O40,"") | AA40: =IFERROR(INDEX('Squad Listing'!$A:$A,MATCH(Z40,'Squad Listing'!$B:$B,0)),"")
A41: 24-1013 | B41: =INDEX('Tournament List'!$L:$L,MATCH($A41,'Tournament List'!$A:$A,0)) -> Rocky Mountain Clay Busters | C41: =INDEX('Tournament List'!$B:$B,MATCH($A41,'Tournament List'!$A:$A,0)) -> Henry | D41: =INDEX('Tournament List'!$C:$C,MATCH($A41,'Tournament List'!$A:$A,0)) -> Last Name14 | E41: =IF(C41<>"",C41&" "&D41,"") -> Henry Last Name14 | F41: =INDEX('Tournament List'!$M:$M,MATCH($A41,'Tournament List'!$A:$A,0)) -> Intermediate | G41: Skeet | H41: Intermediate 1 | I41: 2 | K41: Trap | O41: Sporting Clays | S41: =IF(H41<>"",B41&"-"&H41&"-"&G41,"") -> Rocky Mountain Clay Busters-Intermediate 1-Skeet | T41: =IFERROR(INDEX('Squad Listing'!$A:$A,MATCH(S41,'Squad Listing'!$B:$B,0)),"") -> 67 | U41: =IF(H41<>"",T41&"-"&I41,"") -> 67-2 | V41: =IF(L41<>"",B41&"-"&L41&"-"&K41&"-Pos"&M41,"") | W41: =IF(L41<>"",B41&"-"&L41&"-"&K41,"") | X41: =IFERROR(INDEX('Squad Listing'!$A:$A,MATCH(W41,'Squad Listing'!$B:$B,0)),"") | Y41: =IF(P41<>"",B41&"-"&P41&"-"&O41&"-Pos"&Q41,"") | Z41: =IF(P41<>"",B41&"-"&P41&"-"&O41,"") | AA41: =IFERROR(INDEX('Squad Listing'!$A:$A,MATCH(Z41,'Squad Listing'!$B:$B,0)),"")
A42: 24-1014 | B42: =INDEX('Tournament List'!$L:$L,MATCH($A42,'Tournament List'!$A:$A,0)) -> Wiggins Tigers Sporting Club | C42: =INDEX('Tournament List'!$B:$B,MATCH($A42,'Tournament List'!$A:$A,0)) -> Daniel | D42: =INDEX('Tournament List'!$C:$C,MATCH($A42,'Tournament List'!$A:$A,0)) -> Last Name15 | E42: =IF(C42<>"",C42&" "&D42,"") -> Daniel Last Name15 | F42: =INDEX('Tournament List'!$M:$M,MATCH($A42,'Tournament List'!$A:$A,0)) -> Collegiate | G42: Skeet | H42: Collegiate 1 | I42: 3 | K42: Trap | O42: Sporting Clays | S42: =IF(H42<>"",B42&"-"&H42&"-"&G42,"") -> Wiggins Tigers Sporting Club-Collegiate 1-Skeet | T42: =IFERROR(INDEX('Squad Listing'!$A:$A,MATCH(S42,'Squad Listing'!$B:$B,0)),"") -> 118 | U42: =IF(H42<>"",T42&"-"&I42,"") -> 118-3 | V42: =IF(L42<>"",B42&"-"&L42&"-"&K42&"-Pos"&M42,"") | W42: =IF(L42<>"",B42&"-"&L42&"-"&K42,"") | X42: =IFERROR(INDEX('Squad Listing'!$A:$A,MATCH(W42,'Squad Listing'!$B:$B,0)),"") | Y42: =IF(P42<>"",B42&"-"&P42&"-"&O42&"-Pos"&Q42,"") | Z42: =IF(P42<>"",B42&"-"&P42&"-"&O42,"") | AA42: =IFERROR(INDEX('Squad Listing'!$A:$A,MATCH(Z42,'Squad Listing'!$B:$B,0)),"")
A43: 24-1026 | B43: =INDEX('Tournament List'!$L:$L,MATCH($A43,'Tournament List'!$A:$A,0)) -> Wiggins Tigers Sporting Club | C43: =INDEX('Tournament List'!$B:$B,MATCH($A43,'Tournament List'!$A:$A,0)) -> Becky | D43: =INDEX('Tournament List'!$C:$C,MATCH($A43,'Tournament List'!$A:$A,0)) -> Last Name27 | E43: =IF(C43<>"",C43&" "&D43,"") -> Becky Last Name27 | F43: =INDEX('Tournament List'!$M:$M,MATCH($A43,'Tournament List'!$A:$A,0)) -> Collegiate | G43: Skeet | H43: Collegiate 1 | I43: 2 | K43: Trap | O43: Sporting Clays | S43: =IF(H43<>"",B43&"-"&H43&"-"&G43,"") -> Wiggins Tigers Sporting Club-Collegiate 1-Skeet | T43: =IFERROR(INDEX('Squad Listing'!$A:$A,MATCH(S43,'Squad Listing'!$B:$B,0)),"") -> 118 | U43: =IF(H43<>"",T43&"-"&I43,"") -> 118-2 | V43: =IF(L43<>"",B43&"-"&L43&"-"&K43&"-Pos"&M43,"") | W43: =IF(L43<>"",B43&"-"&L43&"-"&K43,"") | X43: =IFERROR(INDEX('Squad Listing'!$A:$A,MATCH(W43,'Squad Listing'!$B:$B,0)),"") | Y43: =IF(P43<>"",B43&"-"&P43&"-"&O43&"-Pos"&Q43,"") | Z43: =IF(P43<>"",B43&"-"&P43&"-"&O43,"") | AA43: =IFERROR(INDEX('Squad Listing'!$A:$A,MATCH(Z43,'Squad Listing'!$B:$B,0)),"")
A44: 24-1038 | B44: =INDEX('Tournament List'!$L:$L,MATCH($A44,'Tournament List'!$A:$A,0)) -> Wiggins Tigers Sporting Club | C44: =INDEX('Tournament List'!$B:$B,MATCH($A44,'Tournament List'!$A:$A,0)) -> Chad | D44: =INDEX('Tournament List'!$C:$C,MATCH($A44,'Tournament List'!$A:$A,0)) -> Last Name39 | E44: =IF(C44<>"",C44&" "&D44,"") -> Chad Last Name39 | F44: =INDEX('Tournament List'!$M:$M,MATCH($A44,'Tournament List'!$A:$A,0)) -> Collegiate | G44: Skeet | H44: Collegiate 1 | I44: 1 | K44: Trap | O44: Sporting Clays | S44: =IF(H44<>"",B44&"-"&H44&"-"&G44,"") -> Wiggins Tigers Sporting Club-Collegiate 1-Skeet | T44: =IFERROR(INDEX('Squad Listing'!$A:$A,MATCH(S44,'Squad Listing'!$B:$B,0)),"") -> 118 | U44: =IF(H44<>"",T44&"-"&I44,"") -> 118-1 | V44: =IF(L44<>"",B44&"-"&L44&"-"&K44&"-Pos"&M44,"") | W44: =IF(L44<>"",B44&"-"&L44&"-"&K44,"") | X44: =IFERROR(INDEX('Squad Listing'!$A:$A,MATCH(W44,'Squad Listing'!$B:$B,0)),"") | Y44: =IF(P44<>"",B44&"-"&P44&"-"&O44&"-Pos"&Q44,"") | Z44: =IF(P44<>"",B44&"-"&P44&"-"&O44,"") | AA44: =IFERROR(INDEX('Squad Listing'!$A:$A,MATCH(Z44,'Squad Listing'!$B:$B,0)),"")
A45: 24-1002 | B45: =INDEX('Tournament List'!$L:$L,MATCH($A45,'Tournament List'!$A:$A,0)) -> Wiggins Tigers Sporting Club | C45: =INDEX('Tournament List'!$B:$B,MATCH($A45,'Tournament List'!$A:$A,0)) -> Cathy | D45: =INDEX('Tournament List'!$C:$C,MATCH($A45,'Tournament List'!$A:$A,0)) -> Last Name3 | E45: =IF(C45<>"",C45&" "&D45,"") -> Cathy Last Name3 | F45: =INDEX('Tournament List'!$M:$M,MATCH($A45,'Tournament List'!$A:$A,0)) -> Novice | G45: Skeet | K45: Trap | O45: Sporting Clays | S45: =IF(H45<>"",B45&"-"&H45&"-"&G45,"") | T45: =IFERROR(INDEX('Squad Listing'!$A:$A,MATCH(S45,'Squad Listing'!$B:$B,0)),"") | U45: =IF(H45<>"",T45&"-"&I45,"") | V45: =IF(L45<>"",B45&"-"&L45&"-"&K45&"-Pos"&M45,"") | W45: =IF(L45<>"",B45&"-"&L45&"-"&K45,"") | X45: =IFERROR(INDEX('Squad Listing'!$A:$A,MATCH(W45,'Squad Listing'!$B:$B,0)),"") | Y45: =IF(P45<>"",B45&"-"&P45&"-"&O45&"-Pos"&Q45,"") | Z45: =IF(P45<>"",B45&"-"&P45&"-"&O45,"") | AA45: =IFERROR(INDEX('Squad Listing'!$A:$A,MATCH(Z45,'Squad Listing'!$B:$B,0)),"")
A46: 24-1020 | B46: =INDEX('Tournament List'!$L:$L,MATCH($A46,'Tournament List'!$A:$A,0)) -> Wiggins Tigers Sporting Club | C46: =INDEX('Tournament List'!$B:$B,MATCH($A46,'Tournament List'!$A:$A,0)) -> Nathan | D46: =INDEX('Tournament List'!$C:$C,MATCH($A46,'Tournament List'!$A:$A,0)) -> Last Name21 | E46: =IF(C46<>"",C46&" "&D46,"") -> Nathan Last Name21 | F46: =INDEX('Tournament List'!$M:$M,MATCH($A46,'Tournament List'!$A:$A,0)) -> Novice | G46: Skeet | H46: Novice 1 | I46: 2 | K46: Trap | O46: Sporting Clays | S46: =IF(H46<>"",B46&"-"&H46&"-"&G46,"") -> Wiggins Tigers Sporting Club-Novice 1-Skeet | T46: =IFERROR(INDEX('Squad Listing'!$A:$A,MATCH(S46,'Squad Listing'!$B:$B,0)),"") -> 127 | U46: =IF(H46<>"",T46&"-"&I46,"") -> 127-2 | V46: =IF(L46<>"",B46&"-"&L46&"-"&K46&"-Pos"&M46,"") | W46: =IF(L46<>"",B46&"-"&L46&"-"&K46,"") | X46: =IFERROR(INDEX('Squad Listing'!$A:$A,MATCH(W46,'Squad Listing'!$B:$B,0)),"") | Y46: =IF(P46<>"",B46&"-"&P46&"-"&O46&"-Pos"&Q46,"") | Z46: =IF(P46<>"",B46&"-"&P46&"-"&O46,"") | AA46: =IFERROR(INDEX('Squad Listing'!$A:$A,MATCH(Z46,'Squad Listing'!$B:$B,0)),"")
A47: 24-1008 | B47: =INDEX('Tournament List'!$L:$L,MATCH($A47,'Tournament List'!$A:$A,0)) -> Wiggins Tigers Sporting Club | C47: =INDEX('Tournament List'!$B:$B,MATCH($A47,'Tournament List'!$A:$A,0)) -> Linda | D47: =INDEX('Tournament List'!$C:$C,MATCH($A47,'Tournament List'!$A:$A,0)) -> Last Name9 | E47: =IF(C47<>"",C47&" "&D47,"") -> Linda Last Name9 | F47: =INDEX('Tournament List'!$M:$M,MATCH($A47,'Tournament List'!$A:$A,0)) -> Novice | G47: Skeet | K47: Trap | O47: Sporting Clays | S47: =IF(H47<>"",B47&"-"&H47&"-"&G47,"") | T47: =IFERROR(INDEX('Squad Listing'!$A:$A,MATCH(S47,'Squad Listing'!$B:$B,0)),"") | U47: =IF(H47<>"",T47&"-"&I47,"") | V47: =IF(L47<>"",B47&"-"&L47&"-"&K47&"-Pos"&M47,"") | W47: =IF(L47<>"",B47&"-"&L47&"-"&K47,"") | X47: =IFERROR(INDEX('Squad Listing'!$A:$A,MATCH(W47,'Squad Listing'!$B:$B,0)),"") | Y47: =IF(P47<>"",B47&"-"&P47&"-"&O47&"-Pos"&Q47,"") | Z47: =IF(P47<>"",B47&"-"&P47&"-"&O47,"") | AA47: =IFERROR(INDEX('Squad Listing'!$A:$A,MATCH(Z47,'Squad Listing'!$B:$B,0)),"")
A48: 24-1032 | B48: =INDEX('Tournament List'!$L:$L,MATCH($A48,'Tournament List'!$A:$A,0)) -> Wiggins Tigers Sporting Club | C48: =INDEX('Tournament List'!$B:$B,MATCH($A48,'Tournament List'!$A:$A,0)) -> Missy | D48: =INDEX('Tournament List'!$C:$C,MATCH($A48,'Tournament List'!$A:$A,0)) -> Last Name33 | E48: =IF(C48<>"",C48&" "&D48,"") -> Missy Last Name33 | F48: =INDEX('Tournament List'!$M:$M,MATCH($A48,'Tournament List'!$A:$A,0)) -> Novice | G48: Skeet | H48: Novice 1 | I48: 3 | K48: Trap | O48: Sporting Clays | S48: =IF(H48<>"",B48&"-"&H48&"-"&G48,"") -> Wiggins Tigers Sporting Club-Novice 1-Skeet | T48: =IFERROR(INDEX('Squad Listing'!$A:$A,MATCH(S48,'Squad Listing'!$B:$B,0)),"") -> 127 | U48: =IF(H48<>"",T48&"-"&I48,"") -> 127-3 | V48: =IF(L48<>"",B48&"-"&L48&"-"&K48&"-Pos"&M48,"") | W48: =IF(L48<>"",B48&"-"&L48&"-"&K48,"") | X48: =IFERROR(INDEX('Squad Listing'!$A:$A,MATCH(W48,'Squad Listing'!$B:$B,0)),"") | Y48: =IF(P48<>"",B48&"-"&P48&"-"&O48&"-Pos"&Q48,"") | Z48: =IF(P48<>"",B48&"-"&P48&"-"&O48,"") | AA48: =IFERROR(INDEX('Squad Listing'!$A:$A,MATCH(Z48,'Squad Listing'!$B:$B,0)),"")
A49: 24-1044 | B49: =INDEX('Tournament List'!$L:$L,MATCH($A49,'Tournament List'!$A:$A,0)) -> Wiggins Tigers Sporting Club | C49: =INDEX('Tournament List'!$B:$B,MATCH($A49,'Tournament List'!$A:$A,0)) -> Dee | D49: =INDEX('Tournament List'!$C:$C,MATCH($A49,'Tournament List'!$A:$A,0)) -> Last Name45 | E49: =IF(C49<>"",C49&" "&D49,"") -> Dee Last Name45 | F49: =INDEX('Tournament List'!$M:$M,MATCH($A49,'Tournament List'!$A:$A,0)) -> Novice | G49: Skeet | H49: Novice 1 | I49: 1 | K49: Trap | O49: Sporting Clays | S49: =IF(H49<>"",B49&"-"&H49&"-"&G49,"") -> Wiggins Tigers Sporting Club-Novice 1-Skeet | T49: =IFERROR(INDEX('Squad Listing'!$A:$A,MATCH(S49,'Squad Listing'!$B:$B,0)),"") -> 127 | U49: =IF(H49<>"",T49&"-"&I49,"") -> 127-1 | V49: =IF(L49<>"",B49&"-"&L49&"-"&K49&"-Pos"&M49,"") | W49: =IF(L49<>"",B49&"-"&L49&"-"&K49,"") | X49: =IFERROR(INDEX('Squad Listing'!$A:$A,MATCH(W49,'Squad Listing'!$B:$B,0)),"") | Y49: =IF(P49<>"",B49&"-"&P49&"-"&O49&"-Pos"&Q49,"") | Z49: =IF(P49<>"",B49&"-"&P49&"-"&O49,"") | AA49: =IFERROR(INDEX('Squad Listing'!$A:$A,MATCH(Z49,'Squad Listing'!$B:$B,0)),"")
E50: =IF(C50<>"",C50&" "&D50,"") | U50: =IF(H50<>"",T50&"-"&I50,"")
E51: =IF(C51<>"",C51&" "&D51,"") | U51: =IF(H51<>"",T51&"-"&I51,"")
E52: =IF(C52<>"",C52&" "&D52,"") | U52: =IF(H52<>"",T52&"-"&I52,"")
E53: =IF(C53<>"",C53&" "&D53,"") | U53: =IF(H53<>"",T53&"-"&I53,"")
E54: =IF(C54<>"",C54&" "&D54,"") | U54: =IF(H54<>"",T54&"-"&I54,"")
E55: =IF(C55<>"",C55&" "&D55,"") | U55: =IF(H55<>"",T55&"-"&I55,"")
E56: =IF(C56<>"",C56&" "&D56,"") | U56: =IF(H56<>"",T56&"-"&I56,"")
E57: =IF(C57<>"",C57&" "&D57,"") | U57: =IF(H57<>"",T57&"-"&I57,"")
E58: =IF(C58<>"",C58&" "&D58,"") | U58: =IF(H58<>"",T58&"-"&I58,"")
E59: =IF(C59<>"",C59&" "&D59,"") | U59: =IF(H59<>"",T59&"-"&I59,"")
E60: =IF(C60<>"",C60&" "&D60,"") | U60: =IF(H60<>"",T60&"-"&I60,"")
E61: =IF(C61<>"",C61&" "&D61,"") | U61: =IF(H61<>"",T61&"-"&I61,"")
... E200: =IF(C200<>"",C200&" "&D200,"") | U200: =IF(H200<>"",T200&"-"&I200,"")
A201: x | B201: x | C201: x | D201: x | E201: x | F201: x | G201: x | H201: x | I201: x | J201: x | K201: x | L201: x | M201: x | N201: x | O201: x | P201: x | Q201: x | R201: x | S201: x | T201: x | U201: x | V201: x | W201: x | X201: x | Y201: x | Z201: x | AA201: x | AB201: x

Sheet Squad Listing
A1: Squad # | B1: Squad Key | C1: Team Name | D1: Concurrent | E1: Discipline | F1: Participant #1 ID | G1: Participant #1 Name | H1: Participant #2 ID | I1: Participant #2 Name | J1: Participant #3 ID | K1: Participant #3 Name | L1: Participant #4 ID | M1: Participant #4 Name | N1: Participant #5 ID | O1: Participant #5 Name
A2: 10 | B2: =C2&"-"&D2&"-"&E2 -> High Plains Drifters-Collegiate 1-Skeet | C2: High Plains Drifters | D2: Collegiate 1 | E2: Skeet | F2: =IF(E2="Skeet",IFERROR(INDEX('Shooter-Squad Assignment'!$A:$A,MATCH(C2&"-"&D2&"-"&E2&"-Pos1",'Shooter-Squad Assignment'!#REF!,0)),""),IF(E2="Trap",IFERROR(INDEX('Shooter-Squad Assignment'!$A:$A,MATCH(C2&"-"&D2&"-"&E2&"-Pos1",'Shooter-Squad Assignment'!$V:$V,0)),""),IF(E2="Sporting Clays",IFERROR(INDEX('Shooter-Squad Assignment'!$A:$A,MATCH(C2&"-"&D2&"-"&E2&"-Pos1",'Shooter-Squad Assignment'!$Y:$Y,0)),""),""))) | G2: =IF(ISBLANK(F2),"",IFERROR(INDEX('Tournament List'!$D:$D,MATCH(F2,'Tournament List'!$A:$A,0)),"")) | H2: =IF(E2="Skeet",IFERROR(INDEX('Shooter-Squad Assignment'!$A:$A,MATCH(C2&"-"&D2&"-"&E2&"-Pos2",'Shooter-Squad Assignment'!#REF!,0)),""),IF(E2="Trap",IFERROR(INDEX('Shooter-Squad Assignment'!$A:$A,MATCH(C2&"-"&D2&"-"&E2&"-Pos2",'Shooter-Squad Assignment'!$V:$V,0)),""),IF(E2="Sporting Clays",IFERROR(INDEX('Shooter-Squad Assignment'!$A:$A,MATCH(C2&"-"&D2&"-"&E2&"-Pos2",'Shooter-Squad Assignment'!$Y:$Y,0)),""),""))) | I2: =IF(ISBLANK(H2),"",IFERROR(INDEX('Tournament List'!$D:$D,MATCH(H2,'Tournament List'!$A:$A,0)),"")) | J2: =IF(E2="Skeet",IFERROR(INDEX('Shooter-Squad Assignment'!$A:$A,MATCH(C2&"-"&D2&"-"&E2&"-Pos3",'Shooter-Squad Assignment'!#REF!,0)),""),IF(E2="Trap",IFERROR(INDEX('Shooter-Squad Assignment'!$A:$A,MATCH(C2&"-"&D2&"-"&E2&"-Pos3",'Shooter-Squad Assignment'!$V:$V,0)),""),IF(E2="Sporting Clays",IFERROR(INDEX('Shooter-Squad Assignment'!$A:$A,MATCH(C2&"-"&D2&"-"&E2&"-Pos3",'Shooter-Squad Assignment'!$Y:$Y,0)),""),""))) | K2: =IF(ISBLANK(J2),"",IFERROR(INDEX('Tournament List'!$D:$D,MATCH(J2,'Tournament List'!$A:$A,0)),"")) | L2: =IF(E2="Skeet",IFERROR(INDEX('Shooter-Squad Assignment'!$A:$A,MATCH(C2&"-"&D2&"-"&E2&"-Pos4",'Shooter-Squad Assignment'!#REF!,0)),""),IF(E2="Trap",IFERROR(INDEX('Shooter-Squad Assignment'!$A:$A,MATCH(C2&"-"&D2&"-"&E2&"-Pos4",'Shooter-Squad Assignment'!$V:$V,0)),""),IF(E2="Sporting Clays",IFERROR(INDEX('Shooter-Squad Assignment'!$A:$A,MATCH(C2&"-"&D2&"-"&E2&"-Pos4",'Shooter-Squad Assignment'!$Y:$Y,0)),""),""))) | M2: =IF(ISBLANK(L2),"",IFERROR(INDEX('Tournament List'!$D:$D,MATCH(L2,'Tournament List'!$A:$A,0)),"")) | N2: =IF(E2="Skeet",IFERROR(INDEX('Shooter-Squad Assignment'!$A:$A,MATCH(C2&"-"&D2&"-"&E2&"-Pos5",'Shooter-Squad Assignment'!#REF!,0)),""),IF(E2="Trap",IFERROR(INDEX('Shooter-Squad Assignment'!$A:$A,MATCH(C2&"-"&D2&"-"&E2&"-Pos5",'Shooter-Squad Assignment'!$V:$V,0)),""),IF(E2="Sporting Clays",IFERROR(INDEX('Shooter-Squad Assignment'!$A:$A,MATCH(C2&"-"&D2&"-"&E2&"-Pos5",'Shooter-Squad Assignment'!$Y:$Y,0)),""),""))) | O2: =IF(ISBLANK(N2),"",IFERROR(INDEX('Tournament List'!$D:$D,MATCH(N2,'Tournament List'!$A:$A,0)),""))
A3: 11 | B3: =C3&"-"&D3&"-"&E3 -> High Plains Drifters-Collegiate 2-Skeet | C3: High Plains Drifters | D3: Collegiate 2 | E3: Skeet | F3: =IF(E3="Skeet",IFERROR(INDEX('Shooter-Squad Assignment'!$A:$A,MATCH(C3&"-"&D3&"-"&E3&"-Pos1",'Shooter-Squad Assignment'!#REF!,0)),""),IF(E3="Trap",IFERROR(INDEX('Shooter-Squad Assignment'!$A:$A,MATCH(C3&"-"&D3&"-"&E3&"-Pos1",'Shooter-Squad Assignment'!$V:$V,0)),""),IF(E3="Sporting Clays",IFERROR(INDEX('Shooter-Squad Assignment'!$A:$A,MATCH(C3&"-"&D3&"-"&E3&"-Pos1",'Shooter-Squad Assignment'!$Y:$Y,0)),""),""))) | G3: =IF(ISBLANK(F3),"",IFERROR(INDEX('Tournament List'!$D:$D,MATCH(F3,'Tournament List'!$A:$A,0)),"")) | H3: =IF(E3="Skeet",IFERROR(INDEX('Shooter-Squad Assignment'!$A:$A,MATCH(C3&"-"&D3&"-"&E3&"-Pos2",'Shooter-Squad Assignment'!#REF!,0)),""),IF(E3="Trap",IFERROR(INDEX('Shooter-Squad Assignment'!$A:$A,MATCH(C3&"-"&D3&"-"&E3&"-Pos2",'Shooter-Squad Assignment'!$V:$V,0)),""),IF(E3="Sporting Clays",IFERROR(INDEX('Shooter-Squad Assignment'!$A:$A,MATCH(C3&"-"&D3&"-"&E3&"-Pos2",'Shooter-Squad Assignment'!$Y:$Y,0)),""),""))) | I3: =IF(ISBLANK(H3),"",IFERROR(INDEX('Tournament List'!$D:$D,MATCH(H3,'Tournament List'!$A:$A,0)),"")) | J3: =IF(E3="Skeet",IFERROR(INDEX('Shooter-Squad Assignment'!$A:$A,MATCH(C3&"-"&D3&"-"&E3&"-Pos3",'Shooter-Squad Assignment'!#REF!,0)),""),IF(E3="Trap",IFERROR(INDEX('Shooter-Squad Assignment'!$A:$A,MATCH(C3&"-"&D3&"-"&E3&"-Pos3",'Shooter-Squad Assignment'!$V:$V,0)),""),IF(E3="Sporting Clays",IFERROR(INDEX('Shooter-Squad Assignment'!$A:$A,MATCH(C3&"-"&D3&"-"&E3&"-Pos3",'Shooter-Squad Assignment'!$Y:$Y,0)),""),""))) | K3: =IF(ISBLANK(J3),"",IFERROR(INDEX('Tournament List'!$D:$D,MATCH(J3,'Tournament List'!$A:$A,0)),"")) | L3: =IF(E3="Skeet",IFERROR(INDEX('Shooter-Squad Assignment'!$A:$A,MATCH(C3&"-"&D3&"-"&E3&"-Pos4",'Shooter-Squad Assignment'!#REF!,0)),""),IF(E3="Trap",IFERROR(INDEX('Shooter-Squad Assignment'!$A:$A,MATCH(C3&"-"&D3&"-"&E3&"-Pos4",'Shooter-Squad Assignment'!$V:$V,0)),""),IF(E3="Sporting Clays",IFERROR(INDEX('Shooter-Squad Assignment'!$A:$A,MATCH(C3&"-"&D3&"-"&E3&"-Pos4",'Shooter-Squad Assignment'!$Y:$Y,0)),""),""))) | M3: =IF(ISBLANK(L3),"",IFERROR(INDEX('Tournament List'!$D:$D,MATCH(L3,'Tournament List'!$A:$A,0)),"")) | N3: =IF(E3="Skeet",IFERROR(INDEX('Shooter-Squad Assignment'!$A:$A,MATCH(C3&"-"&D3&"-"&E3&"-Pos5",'Shooter-Squad Assignment'!#REF!,0)),""),IF(E3="Trap",IFERROR(INDEX('Shooter-Squad Assignment'!$A:$A,MATCH(C3&"-"&D3&"-"&E3&"-Pos5",'Shooter-Squad Assignment'!$V:$V,0)),""),IF(E3="Sporting Clays",IFERROR(INDEX('Shooter-Squad Assignment'!$A:$A,MATCH(C3&"-"&D3&"-"&E3&"-Pos5",'Shooter-Squad Assignment'!$Y:$Y,0)),""),""))) | O3: =IF(ISBLANK(N3),"",IFERROR(INDEX('Tournament List'!$D:$D,MATCH(N3,'Tournament List'!$A:$A,0)),""))
A4: 12 | B4: =C4&"-"&D4&"-"&E4 -> High Plains Drifters-Collegiate 3-Skeet | C4: High Plains Drifters | D4: Collegiate 3 | E4: Skeet | F4: =IF(E4="Skeet",IFERROR(INDEX('Shooter-Squad Assignment'!$A:$A,MATCH(C4&"-"&D4&"-"&E4&"-Pos1",'Shooter-Squad Assignment'!#REF!,0)),""),IF(E4="Trap",IFERROR(INDEX('Shooter-Squad Assignment'!$A:$A,MATCH(C4&"-"&D4&"-"&E4&"-Pos1",'Shooter-Squad Assignment'!$V:$V,0)),""),IF(E4="Sporting Clays",IFERROR(INDEX('Shooter-Squad Assignment'!$A:$A,MATCH(C4&"-"&D4&"-"&E4&"-Pos1",'Shooter-Squad Assignment'!$Y:$Y,0)),""),""))) | G4: =IF(ISBLANK(F4),"",IFERROR(INDEX('Tournament List'!$D:$D,MATCH(F4,'Tournament List'!$A:$A,0)),"")) | H4: =IF(E4="Skeet",IFERROR(INDEX('Shooter-Squad Assignment'!$A:$A,MATCH(C4&"-"&D4&"-"&E4&"-Pos2",'Shooter-Squad Assignment'!#REF!,0)),""),IF(E4="Trap",IFERROR(INDEX('Shooter-Squad Assignment'!$A:$A,MATCH(C4&"-"&D4&"-"&E4&"-Pos2",'Shooter-Squad Assignment'!$V:$V,0)),""),IF(E4="Sporting Clays",IFERROR(INDEX('Shooter-Squad Assignment'!$A:$A,MATCH(C4&"-"&D4&"-"&E4&"-Pos2",'Shooter-Squad Assignment'!$Y:$Y,0)),""),""))) | I4: =IF(ISBLANK(H4),"",IFERROR(INDEX('Tournament List'!$D:$D,MATCH(H4,'Tournament List'!$A:$A,0)),"")) | J4: =IF(E4="Skeet",IFERROR(INDEX('Shooter-Squad Assignment'!$A:$A,MATCH(C4&"-"&D4&"-"&E4&"-Pos3",'Shooter-Squad Assignment'!#REF!,0)),""),IF(E4="Trap",IFERROR(INDEX('Shooter-Squad Assignment'!$A:$A,MATCH(C4&"-"&D4&"-"&E4&"-Pos3",'Shooter-Squad Assignment'!$V:$V,0)),""),IF(E4="Sporting Clays",IFERROR(INDEX('Shooter-Squad Assignment'!$A:$A,MATCH(C4&"-"&D4&"-"&E4&"-Pos3",'Shooter-Squad Assignment'!$Y:$Y,0)),""),""))) | K4: =IF(ISBLANK(J4),"",IFERROR(INDEX('Tournament List'!$D:$D,MATCH(J4,'Tournament List'!$A:$A,0)),"")) | L4: =IF(E4="Skeet",IFERROR(INDEX('Shooter-Squad Assignment'!$A:$A,MATCH(C4&"-"&D4&"-"&E4&"-Pos4",'Shooter-Squad Assignment'!#REF!,0)),""),IF(E4="Trap",IFERROR(INDEX('Shooter-Squad Assignment'!$A:$A,MATCH(C4&"-"&D4&"-"&E4&"-Pos4",'Shooter-Squad Assignment'!$V:$V,0)),""),IF(E4="Sporting Clays",IFERROR(INDEX('Shooter-Squad Assignment'!$A:$A,MATCH(C4&"-"&D4&"-"&E4&"-Pos4",'Shooter-Squad Assignment'!$Y:$Y,0)),""),""))) | M4: =IF(ISBLANK(L4),"",IFERROR(INDEX('Tournament List'!$D:$D,MATCH(L4,'Tournament List'!$A:$A,0)),"")) | N4: =IF(E4="Skeet",IFERROR(INDEX('Shooter-Squad Assignment'!$A:$A,MATCH(C4&"-"&D4&"-"&E4&"-Pos5",'Shooter-Squad Assignment'!#REF!,0)),""),IF(E4="Trap",IFERROR(INDEX('Shooter-Squad Assignment'!$A:$A,MATCH(C4&"-"&D4&"-"&E4&"-Pos5",'Shooter-Squad Assignment'!$V:$V,0)),""),IF(E4="Sporting Clays",IFERROR(INDEX('Shooter-Squad Assignment'!$A:$A,MATCH(C4&"-"&D4&"-"&E4&"-Pos5",'Shooter-Squad Assignment'!$Y:$Y,0)),""),""))) | O4: =IF(ISBLANK(N4),"",IFERROR(INDEX('Tournament List'!$D:$D,MATCH(N4,'Tournament List'!$A:$A,0)),""))
A5: 13 | B5: =C5&"-"&D5&"-"&E5 -> High Plains Drifters-Intermediate 1-Skeet | C5: High Plains Drifters | D5: Intermediate 1 | E5: Skeet | F5: =IF(E5="Skeet",IFERROR(INDEX('Shooter-Squad Assignment'!$A:$A,MATCH(C5&"-"&D5&"-"&E5&"-Pos1",'Shooter-Squad Assignment'!#REF!,0)),""),IF(E5="Trap",IFERROR(INDEX('Shooter-Squad Assignment'!$A:$A,MATCH(C5&"-"&D5&"-"&E5&"-Pos1",'Shooter-Squad Assignment'!$V:$V,0)),""),IF(E5="Sporting Clays",IFERROR(INDEX('Shooter-Squad Assignment'!$A:$A,MATCH(C5&"-"&D5&"-"&E5&"-Pos1",'Shooter-Squad Assignment'!$Y:$Y,0)),""),""))) | G5: =IF(ISBLANK(F5),"",IFERROR(INDEX('Tournament List'!$D:$D,MATCH(F5,'Tournament List'!$A:$A,0)),"")) | H5: =IF(E5="Skeet",IFERROR(INDEX('Shooter-Squad Assignment'!$A:$A,MATCH(C5&"-"&D5&"-"&E5&"-Pos2",'Shooter-Squad Assignment'!#REF!,0)),""),IF(E5="Trap",IFERROR(INDEX('Shooter-Squad Assignment'!$A:$A,MATCH(C5&"-"&D5&"-"&E5&"-Pos2",'Shooter-Squad Assignment'!$V:$V,0)),""),IF(E5="Sporting Clays",IFERROR(INDEX('Shooter-Squad Assignment'!$A:$A,MATCH(C5&"-"&D5&"-"&E5&"-Pos2",'Shooter-Squad Assignment'!$Y:$Y,0)),""),""))) | I5: =IF(ISBLANK(H5),"",IFERROR(INDEX('Tournament List'!$D:$D,MATCH(H5,'Tournament List'!$A:$A,0)),"")) | J5: =IF(E5="Skeet",IFERROR(INDEX('Shooter-Squad Assignment'!$A:$A,MATCH(C5&"-"&D5&"-"&E5&"-Pos3",'Shooter-Squad Assignment'!#REF!,0)),""),IF(E5="Trap",IFERROR(INDEX('Shooter-Squad Assignment'!$A:$A,MATCH(C5&"-"&D5&"-"&E5&"-Pos3",'Shooter-Squad Assignment'!$V:$V,0)),""),IF(E5="Sporting Clays",IFERROR(INDEX('Shooter-Squad Assignment'!$A:$A,MATCH(C5&"-"&D5&"-"&E5&"-Pos3",'Shooter-Squad Assignment'!$Y:$Y,0)),""),""))) | K5: =IF(ISBLANK(J5),"",IFERROR(INDEX('Tournament List'!$D:$D,MATCH(J5,'Tournament List'!$A:$A,0)),"")) | L5: =IF(E5="Skeet",IFERROR(INDEX('Shooter-Squad Assignment'!$A:$A,MATCH(C5&"-"&D5&"-"&E5&"-Pos4",'Shooter-Squad Assignment'!#REF!,0)),""),IF(E5="Trap",IFERROR(INDEX('Shooter-Squad Assignment'!$A:$A,MATCH(C5&"-"&D5&"-"&E5&"-Pos4",'Shooter-Squad Assignment'!$V:$V,0)),""),IF(E5="Sporting Clays",IFERROR(INDEX('Shooter-Squad Assignment'!$A:$A,MATCH(C5&"-"&D5&"-"&E5&"-Pos4",'Shooter-Squad Assignment'!$Y:$Y,0)),""),""))) | M5: =IF(ISBLANK(L5),"",IFERROR(INDEX('Tournament List'!$D:$D,MATCH(L5,'Tournament List'!$A:$A,0)),"")) | N5: =IF(E5="Skeet",IFERROR(INDEX('Shooter-Squad Assignment'!$A:$A,MATCH(C5&"-"&D5&"-"&E5&"-Pos5",'Shooter-Squad Assignment'!#REF!,0)),""),IF(E5="Trap",IFERROR(INDEX('Shooter-Squad Assignment'!$A:$A,MATCH(C5&"-"&D5&"-"&E5&"-Pos5",'Shooter-Squad Assignment'!$V:$V,0)),""),IF(E5="Sporting Clays",IFERROR(INDEX('Shooter-Squad Assignment'!$A:$A,MATCH(C5&"-"&D5&"-"&E5&"-Pos5",'Shooter-Squad Assignment'!$Y:$Y,0)),""),""))) | O5: =IF(ISBLANK(N5),"",IFERROR(INDEX('Tournament List'!$D:$D,MATCH(N5,'Tournament List'!$A:$A,0)),""))
A6: 14 | B6: =C6&"-"&D6&"-"&E6 -> High Plains Drifters-Intermediate 2-Skeet | C6: High Plains Drifters | D6: Intermediate 2 | E6: Skeet | F6: =IF(E6="Skeet",IFERROR(INDEX('Shooter-Squad Assignment'!$A:$A,MATCH(C6&"-"&D6&"-"&E6&"-Pos1",'Shooter-Squad Assignment'!#REF!,0)),""),IF(E6="Trap",IFERROR(INDEX('Shooter-Squad Assignment'!$A:$A,MATCH(C6&"-"&D6&"-"&E6&"-Pos1",'Shooter-Squad Assignment'!$V:$V,0)),""),IF(E6="Sporting Clays",IFERROR(INDEX('Shooter-Squad Assignment'!$A:$A,MATCH(C6&"-"&D6&"-"&E6&"-Pos1",'Shooter-Squad Assignment'!$Y:$Y,0)),""),""))) | G6: =IF(ISBLANK(F6),"",IFERROR(INDEX('Tournament List'!$D:$D,MATCH(F6,'Tournament List'!$A:$A,0)),"")) | H6: =IF(E6="Skeet",IFERROR(INDEX('Shooter-Squad Assignment'!$A:$A,MATCH(C6&"-"&D6&"-"&E6&"-Pos2",'Shooter-Squad Assignment'!#REF!,0)),""),IF(E6="Trap",IFERROR(INDEX('Shooter-Squad Assignment'!$A:$A,MATCH(C6&"-"&D6&"-"&E6&"-Pos2",'Shooter-Squad Assignment'!$V:$V,0)),""),IF(E6="Sporting Clays",IFERROR(INDEX('Shooter-Squad Assignment'!$A:$A,MATCH(C6&"-"&D6&"-"&E6&"-Pos2",'Shooter-Squad Assignment'!$Y:$Y,0)),""),""))) | I6: =IF(ISBLANK(H6),"",IFERROR(INDEX('Tournament List'!$D:$D,MATCH(H6,'Tournament List'!$A:$A,0)),"")) | J6: =IF(E6="Skeet",IFERROR(INDEX('Shooter-Squad Assignment'!$A:$A,MATCH(C6&"-"&D6&"-"&E6&"-Pos3",'Shooter-Squad Assignment'!#REF!,0)),""),IF(E6="Trap",IFERROR(INDEX('Shooter-Squad Assignment'!$A:$A,MATCH(C6&"-"&D6&"-"&E6&"-Pos3",'Shooter-Squad Assignment'!$V:$V,0)),""),IF(E6="Sporting Clays",IFERROR(INDEX('Shooter-Squad Assignment'!$A:$A,MATCH(C6&"-"&D6&"-"&E6&"-Pos3",'Shooter-Squad Assignment'!$Y:$Y,0)),""),""))) | K6: =IF(ISBLANK(J6),"",IFERROR(INDEX('Tournament List'!$D:$D,MATCH(J6,'Tournament List'!$A:$A,0)),"")) | L6: =IF(E6="Skeet",IFERROR(INDEX('Shooter-Squad Assignment'!$A:$A,MATCH(C6&"-"&D6&"-"&E6&"-Pos4",'Shooter-Squad Assignment'!#REF!,0)),""),IF(E6="Trap",IFERROR(INDEX('Shooter-Squad Assignment'!$A:$A,MATCH(C6&"-"&D6&"-"&E6&"-Pos4",'Shooter-Squad Assignment'!$V:$V,0)),""),IF(E6="Sporting Clays",IFERROR(INDEX('Shooter-Squad Assignment'!$A:$A,MATCH(C6&"-"&D6&"-"&E6&"-Pos4",'Shooter-Squad Assignment'!$Y:$Y,0)),""),""))) | M6: =IF(ISBLANK(L6),"",IFERROR(INDEX('Tournament List'!$D:$D,MATCH(L6,'Tournament List'!$A:$A,0)),"")) | N6: =IF(E6="Skeet",IFERROR(INDEX('Shooter-Squad Assignment'!$A:$A,MATCH(C6&"-"&D6&"-"&E6&"-Pos5",'Shooter-Squad Assignment'!#REF!,0)),""),IF(E6="Trap",IFERROR(INDEX('Shooter-Squad Assignment'!$A:$A,MATCH(C6&"-"&D6&"-"&E6&"-Pos5",'Shooter-Squad Assignment'!$V:$V,0)),""),IF(E6="Sporting Clays",IFERROR(INDEX('Shooter-Squad Assignment'!$A:$A,MATCH(C6&"-"&D6&"-"&E6&"-Pos5",'Shooter-Squad Assignment'!$Y:$Y,0)),""),""))) | O6: =IF(ISBLANK(N6),"",IFERROR(INDEX('Tournament List'!$D:$D,MATCH(N6,'Tournament List'!$A:$A,0)),""))
A7: 15 | B7: =C7&"-"&D7&"-"&E7 -> High Plains Drifters-Intermediate 3-Skeet | C7: High Plains Drifters | D7: Intermediate 3 | E7: Skeet | F7: =IF(E7="Skeet",IFERROR(INDEX('Shooter-Squad Assignment'!$A:$A,MATCH(C7&"-"&D7&"-"&E7&"-Pos1",'Shooter-Squad Assignment'!#REF!,0)),""),IF(E7="Trap",IFERROR(INDEX('Shooter-Squad Assignment'!$A:$A,MATCH(C7&"-"&D7&"-"&E7&"-Pos1",'Shooter-Squad Assignment'!$V:$V,0)),""),IF(E7="Sporting Clays",IFERROR(INDEX('Shooter-Squad Assignment'!$A:$A,MATCH(C7&"-"&D7&"-"&E7&"-Pos1",'Shooter-Squad Assignment'!$Y:$Y,0)),""),""))) | G7: =IF(ISBLANK(F7),"",IFERROR(INDEX('Tournament List'!$D:$D,MATCH(F7,'Tournament List'!$A:$A,0)),"")) | H7: =IF(E7="Skeet",IFERROR(INDEX('Shooter-Squad Assignment'!$A:$A,MATCH(C7&"-"&D7&"-"&E7&"-Pos2",'Shooter-Squad Assignment'!#REF!,0)),""),IF(E7="Trap",IFERROR(INDEX('Shooter-Squad Assignment'!$A:$A,MATCH(C7&"-"&D7&"-"&E7&"-Pos2",'Shooter-Squad Assignment'!$V:$V,0)),""),IF(E7="Sporting Clays",IFERROR(INDEX('Shooter-Squad Assignment'!$A:$A,MATCH(C7&"-"&D7&"-"&E7&"-Pos2",'Shooter-Squad Assignment'!$Y:$Y,0)),""),""))) | I7: =IF(ISBLANK(H7),"",IFERROR(INDEX('Tournament List'!$D:$D,MATCH(H7,'Tournament List'!$A:$A,0)),"")) | J7: =IF(E7="Skeet",IFERROR(INDEX('Shooter-Squad Assignment'!$A:$A,MATCH(C7&"-"&D7&"-"&E7&"-Pos3",'Shooter-Squad Assignment'!#REF!,0)),""),IF(E7="Trap",IFERROR(INDEX('Shooter-Squad Assignment'!$A:$A,MATCH(C7&"-"&D7&"-"&E7&"-Pos3",'Shooter-Squad Assignment'!$V:$V,0)),""),IF(E7="Sporting Clays",IFERROR(INDEX('Shooter-Squad Assignment'!$A:$A,MATCH(C7&"-"&D7&"-"&E7&"-Pos3",'Shooter-Squad Assignment'!$Y:$Y,0)),""),""))) | K7: =IF(ISBLANK(J7),"",IFERROR(INDEX('Tournament List'!$D:$D,MATCH(J7,'Tournament List'!$A:$A,0)),"")) | L7: =IF(E7="Skeet",IFERROR(INDEX('Shooter-Squad Assignment'!$A:$A,MATCH(C7&"-"&D7&"-"&E7&"-Pos4",'Shooter-Squad Assignment'!#REF!,0)),""),IF(E7="Trap",IFERROR(INDEX('Shooter-Squad Assignment'!$A:$A,MATCH(C7&"-"&D7&"-"&E7&"-Pos4",'Shooter-Squad Assignment'!$V:$V,0)),""),IF(E7="Sporting Clays",IFERROR(INDEX('Shooter-Squad Assignment'!$A:$A,MATCH(C7&"-"&D7&"-"&E7&"-Pos4",'Shooter-Squad Assignment'!$Y:$Y,0)),""),""))) | M7: =IF(ISBLANK(L7),"",IFERROR(INDEX('Tournament List'!$D:$D,MATCH(L7,'Tournament List'!$A:$A,0)),"")) | N7: =IF(E7="Skeet",IFERROR(INDEX('Shooter-Squad Assignment'!$A:$A,MATCH(C7&"-"&D7&"-"&E7&"-Pos5",'Shooter-Squad Assignment'!#REF!,0)),""),IF(E7="Trap",IFERROR(INDEX('Shooter-Squad Assignment'!$A:$A,MATCH(C7&"-"&D7&"-"&E7&"-Pos5",'Shooter-Squad Assignment'!$V:$V,0)),""),IF(E7="Sporting Clays",IFERROR(INDEX('Shooter-Squad Assignment'!$A:$A,MATCH(C7&"-"&D7&"-"&E7&"-Pos5",'Shooter-Squad Assignment'!$Y:$Y,0)),""),""))) | O7: =IF(ISBLANK(N7),"",IFERROR(INDEX('Tournament List'!$D:$D,MATCH(N7,'Tournament List'!$A:$A,0)),""))
A8: 16 | B8: =C8&"-"&D8&"-"&E8 -> High Plains Drifters-Junior Varsity 1-Skeet | C8: High Plains Drifters | D8: Junior Varsity 1 | E8: Skeet | F8: =IF(E8="Skeet",IFERROR(INDEX('Shooter-Squad Assignment'!$A:$A,MATCH(C8&"-"&D8&"-"&E8&"-Pos1",'Shooter-Squad Assignment'!#REF!,0)),""),IF(E8="Trap",IFERROR(INDEX('Shooter-Squad Assignment'!$A:$A,MATCH(C8&"-"&D8&"-"&E8&"-Pos1",'Shooter-Squad Assignment'!$V:$V,0)),""),IF(E8="Sporting Clays",IFERROR(INDEX('Shooter-Squad Assignment'!$A:$A,MATCH(C8&"-"&D8&"-"&E8&"-Pos1",'Shooter-Squad Assignment'!$Y:$Y,0)),""),""))) | G8: =IF(ISBLANK(F8),"",IFERROR(INDEX('Tournament List'!$D:$D,MATCH(F8,'Tournament List'!$A:$A,0)),"")) | H8: =IF(E8="Skeet",IFERROR(INDEX('Shooter-Squad Assignment'!$A:$A,MATCH(C8&"-"&D8&"-"&E8&"-Pos2",'Shooter-Squad Assignment'!#REF!,0)),""),IF(E8="Trap",IFERROR(INDEX('Shooter-Squad Assignment'!$A:$A,MATCH(C8&"-"&D8&"-"&E8&"-Pos2",'Shooter-Squad Assignment'!$V:$V,0)),""),IF(E8="Sporting Clays",IFERROR(INDEX('Shooter-Squad Assignment'!$A:$A,MATCH(C8&"-"&D8&"-"&E8&"-Pos2",'Shooter-Squad Assignment'!$Y:$Y,0)),""),""))) | I8: =IF(ISBLANK(H8),"",IFERROR(INDEX('Tournament List'!$D:$D,MATCH(H8,'Tournament List'!$A:$A,0)),"")) | J8: =IF(E8="Skeet",IFERROR(INDEX('Shooter-Squad Assignment'!$A:$A,MATCH(C8&"-"&D8&"-"&E8&"-Pos3",'Shooter-Squad Assignment'!#REF!,0)),""),IF(E8="Trap",IFERROR(INDEX('Shooter-Squad Assignment'!$A:$A,MATCH(C8&"-"&D8&"-"&E8&"-Pos3",'Shooter-Squad Assignment'!$V:$V,0)),""),IF(E8="Sporting Clays",IFERROR(INDEX('Shooter-Squad Assignment'!$A:$A,MATCH(C8&"-"&D8&"-"&E8&"-Pos3",'Shooter-Squad Assignment'!$Y:$Y,0)),""),""))) | K8: =IF(ISBLANK(J8),"",IFERROR(INDEX('Tournament List'!$D:$D,MATCH(J8,'Tournament List'!$A:$A,0)),"")) | L8: =IF(E8="Skeet",IFERROR(INDEX('Shooter-Squad Assignment'!$A:$A,MATCH(C8&"-"&D8&"-"&E8&"-Pos4",'Shooter-Squad Assignment'!#REF!,0)),""),IF(E8="Trap",IFERROR(INDEX('Shooter-Squad Assignment'!$A:$A,MATCH(C8&"-"&D8&"-"&E8&"-Pos4",'Shooter-Squad Assignment'!$V:$V,0)),""),IF(E8="Sporting Clays",IFERROR(INDEX('Shooter-Squad Assignment'!$A:$A,MATCH(C8&"-"&D8&"-"&E8&"-Pos4",'Shooter-Squad Assignment'!$Y:$Y,0)),""),""))) | M8: =IF(ISBLANK(L8),"",IFERROR(INDEX('Tournament List'!$D:$D,MATCH(L8,'Tournament List'!$A:$A,0)),"")) | N8: =IF(E8="Skeet",IFERROR(INDEX('Shooter-Squad Assignment'!$A:$A,MATCH(C8&"-"&D8&"-"&E8&"-Pos5",'Shooter-Squad Assignment'!#REF!,0)),""),IF(E8="Trap",IFERROR(INDEX('Shooter-Squad Assignment'!$A:$A,MATCH(C8&"-"&D8&"-"&E8&"-Pos5",'Shooter-Squad Assignment'!$V:$V,0)),""),IF(E8="Sporting Clays",IFERROR(INDEX('Shooter-Squad Assignment'!$A:$A,MATCH(C8&"-"&D8&"-"&E8&"-Pos5",'Shooter-Squad Assignment'!$Y:$Y,0)),""),""))) | O8: =IF(ISBLANK(N8),"",IFERROR(INDEX('Tournament List'!$D:$D,MATCH(N8,'Tournament List'!$A:$A,0)),""))
A9: 17 | B9: =C9&"-"&D9&"-"&E9 -> High Plains Drifters-Junior Varsity 2-Skeet | C9: High Plains Drifters | D9: Junior Varsity 2 | E9: Skeet | F9: =IF(E9="Skeet",IFERROR(INDEX('Shooter-Squad Assignment'!$A:$A,MATCH(C9&"-"&D9&"-"&E9&"-Pos1",'Shooter-Squad Assignment'!#REF!,0)),""),IF(E9="Trap",IFERROR(INDEX('Shooter-Squad Assignment'!$A:$A,MATCH(C9&"-"&D9&"-"&E9&"-Pos1",'Shooter-Squad Assignment'!$V:$V,0)),""),IF(E9="Sporting Clays",IFERROR(INDEX('Shooter-Squad Assignment'!$A:$A,MATCH(C9&"-"&D9&"-"&E9&"-Pos1",'Shooter-Squad Assignment'!$Y:$Y,0)),""),""))) | G9: =IF(ISBLANK(F9),"",IFERROR(INDEX('Tournament List'!$D:$D,MATCH(F9,'Tournament List'!$A:$A,0)),"")) | H9: =IF(E9="Skeet",IFERROR(INDEX('Shooter-Squad Assignment'!$A:$A,MATCH(C9&"-"&D9&"-"&E9&"-Pos2",'Shooter-Squad Assignment'!#REF!,0)),""),IF(E9="Trap",IFERROR(INDEX('Shooter-Squad Assignment'!$A:$A,MATCH(C9&"-"&D9&"-"&E9&"-Pos2",'Shooter-Squad Assignment'!$V:$V,0)),""),IF(E9="Sporting Clays",IFERROR(INDEX('Shooter-Squad Assignment'!$A:$A,MATCH(C9&"-"&D9&"-"&E9&"-Pos2",'Shooter-Squad Assignment'!$Y:$Y,0)),""),""))) | I9: =IF(ISBLANK(H9),"",IFERROR(INDEX('Tournament List'!$D:$D,MATCH(H9,'Tournament List'!$A:$A,0)),"")) | J9: =IF(E9="Skeet",IFERROR(INDEX('Shooter-Squad Assignment'!$A:$A,MATCH(C9&"-"&D9&"-"&E9&"-Pos3",'Shooter-Squad Assignment'!#REF!,0)),""),IF(E9="Trap",IFERROR(INDEX('Shooter-Squad Assignment'!$A:$A,MATCH(C9&"-"&D9&"-"&E9&"-Pos3",'Shooter-Squad Assignment'!$V:$V,0)),""),IF(E9="Sporting Clays",IFERROR(INDEX('Shooter-Squad Assignment'!$A:$A,MATCH(C9&"-"&D9&"-"&E9&"-Pos3",'Shooter-Squad Assignment'!$Y:$Y,0)),""),""))) | K9: =IF(ISBLANK(J9),"",IFERROR(INDEX('Tournament List'!$D:$D,MATCH(J9,'Tournament List'!$A:$A,0)),"")) | L9: =IF(E9="Skeet",IFERROR(INDEX('Shooter-Squad Assignment'!$A:$A,MATCH(C9&"-"&D9&"-"&E9&"-Pos4",'Shooter-Squad Assignment'!#REF!,0)),""),IF(E9="Trap",IFERROR(INDEX('Shooter-Squad Assignment'!$A:$A,MATCH(C9&"-"&D9&"-"&E9&"-Pos4",'Shooter-Squad Assignment'!$V:$V,0)),""),IF(E9="Sporting Clays",IFERROR(INDEX('Shooter-Squad Assignment'!$A:$A,MATCH(C9&"-"&D9&"-"&E9&"-Pos4",'Shooter-Squad Assignment'!$Y:$Y,0)),""),""))) | M9: =IF(ISBLANK(L9),"",IFERROR(INDEX('Tournament List'!$D:$D,MATCH(L9,'Tournament List'!$A:$A,0)),"")) | N9: =IF(E9="Skeet",IFERROR(INDEX('Shooter-Squad Assignment'!$A:$A,MATCH(C9&"-"&D9&"-"&E9&"-Pos5",'Shooter-Squad Assignment'!#REF!,0)),""),IF(E9="Trap",IFERROR(INDEX('Shooter-Squad Assignment'!$A:$A,MATCH(C9&"-"&D9&"-"&E9&"-Pos5",'Shooter-Squad Assignment'!$V:$V,0)),""),IF(E9="Sporting Clays",IFERROR(INDEX('Shooter-Squad Assignment'!$A:$A,MATCH(C9&"-"&D9&"-"&E9&"-Pos5",'Shooter-Squad Assignment'!$Y:$Y,0)),""),""))) | O9: =IF(ISBLANK(N9),"",IFERROR(INDEX('Tournament List'!$D:$D,MATCH(N9,'Tournament List'!$A:$A,0)),""))
A10: 18 | B10: =C10&"-"&D10&"-"&E10 -> High Plains Drifters-Junior Varsity 3-Skeet | C10: High Plains Drifters | D10: Junior Varsity 3 | E10: Skeet | F10: =IF(E10="Skeet",IFERROR(INDEX('Shooter-Squad Assignment'!$A:$A,MATCH(C10&"-"&D10&"-"&E10&"-Pos1",'Shooter-Squad Assignment'!#REF!,0)),""),IF(E10="Trap",IFERROR(INDEX('Shooter-Squad Assignment'!$A:$A,MATCH(C10&"-"&D10&"-"&E10&"-Pos1",'Shooter-Squad Assignment'!$V:$V,0)),""),IF(E10="Sporting Clays",IFERROR(INDEX('Shooter-Squad Assignment'!$A:$A,MATCH(C10&"-"&D10&"-"&E10&"-Pos1",'Shooter-Squad Assignment'!$Y:$Y,0)),""),""))) | G10: =IF(ISBLANK(F10),"",IFERROR(INDEX('Tournament List'!$D:$D,MATCH(F10,'Tournament List'!$A:$A,0)),"")) | H10: =IF(E10="Skeet",IFERROR(INDEX('Shooter-Squad Assignment'!$A:$A,MATCH(C10&"-"&D10&"-"&E10&"-Pos2",'Shooter-Squad Assignment'!#REF!,0)),""),IF(E10="Trap",IFERROR(INDEX('Shooter-Squad Assignment'!$A:$A,MATCH(C10&"-"&D10&"-"&E10&"-Pos2",'Shooter-Squad Assignment'!$V:$V,0)),""),IF(E10="Sporting Clays",IFERROR(INDEX('Shooter-Squad Assignment'!$A:$A,MATCH(C10&"-"&D10&"-"&E10&"-Pos2",'Shooter-Squad Assignment'!$Y:$Y,0)),""),""))) | I10: =IF(ISBLANK(H10),"",IFERROR(INDEX('Tournament List'!$D:$D,MATCH(H10,'Tournament List'!$A:$A,0)),"")) | J10: =IF(E10="Skeet",IFERROR(INDEX('Shooter-Squad Assignment'!$A:$A,MATCH(C10&"-"&D10&"-"&E10&"-Pos3",'Shooter-Squad Assignment'!#REF!,0)),""),IF(E10="Trap",IFERROR(INDEX('Shooter-Squad Assignment'!$A:$A,MATCH(C10&"-"&D10&"-"&E10&"-Pos3",'Shooter-Squad Assignment'!$V:$V,0)),""),IF(E10="Sporting Clays",IFERROR(INDEX('Shooter-Squad Assignment'!$A:$A,MATCH(C10&"-"&D10&"-"&E10&"-Pos3",'Shooter-Squad Assignment'!$Y:$Y,0)),""),""))) | K10: =IF(ISBLANK(J10),"",IFERROR(INDEX('Tournament List'!$D:$D,MATCH(J10,'Tournament List'!$A:$A,0)),"")) | L10: =IF(E10="Skeet",IFERROR(INDEX('Shooter-Squad Assignment'!$A:$A,MATCH(C10&"-"&D10&"-"&E10&"-Pos4",'Shooter-Squad Assignment'!#REF!,0)),""),IF(E10="Trap",IFERROR(INDEX('Shooter-Squad Assignment'!$A:$A,MATCH(C10&"-"&D10&"-"&E10&"-Pos4",'Shooter-Squad Assignment'!$V:$V,0)),""),IF(E10="Sporting Clays",IFERROR(INDEX('Shooter-Squad Assignment'!$A:$A,MATCH(C10&"-"&D10&"-"&E10&"-Pos4",'Shooter-Squad Assignment'!$Y:$Y,0)),""),""))) | M10: =IF(ISBLANK(L10),"",IFERROR(INDEX('Tournament List'!$D:$D,MATCH(L10,'Tournament List'!$A:$A,0)),"")) | N10: =IF(E10="Skeet",IFERROR(INDEX('Shooter-Squad Assignment'!$A:$A,MATCH(C10&"-"&D10&"-"&E10&"-Pos5",'Shooter-Squad Assignment'!#REF!,0)),""),IF(E10="Trap",IFERROR(INDEX('Shooter-Squad Assignment'!$A:$A,MATCH(C10&"-"&D10&"-"&E10&"-Pos5",'Shooter-Squad Assignment'!$V:$V,0)),""),IF(E10="Sporting Clays",IFERROR(INDEX('Shooter-Squad Assignment'!$A:$A,MATCH(C10&"-"&D10&"-"&E10&"-Pos5",'Shooter-Squad Assignment'!$Y:$Y,0)),""),""))) | O10: =IF(ISBLANK(N10),"",IFERROR(INDEX('Tournament List'!$D:$D,MATCH(N10,'Tournament List'!$A:$A,0)),""))
A11: 19 | B11: =C11&"-"&D11&"-"&E11 -> High Plains Drifters-Novice 1-Skeet | C11: High Plains Drifters | D11: Novice 1 | E11: Skeet | F11: =IF(E11="Skeet",IFERROR(INDEX('Shooter-Squad Assignment'!$A:$A,MATCH(C11&"-"&D11&"-"&E11&"-Pos1",'Shooter-Squad Assignment'!#REF!,0)),""),IF(E11="Trap",IFERROR(INDEX('Shooter-Squad Assignment'!$A:$A,MATCH(C11&"-"&D11&"-"&E11&"-Pos1",'Shooter-Squad Assignment'!$V:$V,0)),""),IF(E11="Sporting Clays",IFERROR(INDEX('Shooter-Squad Assignment'!$A:$A,MATCH(C11&"-"&D11&"-"&E11&"-Pos1",'Shooter-Squad Assignment'!$Y:$Y,0)),""),""))) | G11: =IF(ISBLANK(F11),"",IFERROR(INDEX('Tournament List'!$D:$D,MATCH(F11,'Tournament List'!$A:$A,0)),"")) | H11: =IF(E11="Skeet",IFERROR(INDEX('Shooter-Squad Assignment'!$A:$A,MATCH(C11&"-"&D11&"-"&E11&"-Pos2",'Shooter-Squad Assignment'!#REF!,0)),""),IF(E11="Trap",IFERROR(INDEX('Shooter-Squad Assignment'!$A:$A,MATCH(C11&"-"&D11&"-"&E11&"-Pos2",'Shooter-Squad Assignment'!$V:$V,0)),""),IF(E11="Sporting Clays",IFERROR(INDEX('Shooter-Squad Assignment'!$A:$A,MATCH(C11&"-"&D11&"-"&E11&"-Pos2",'Shooter-Squad Assignment'!$Y:$Y,0)),""),""))) | I11: =IF(ISBLANK(H11),"",IFERROR(INDEX('Tournament List'!$D:$D,MATCH(H11,'Tournament List'!$A:$A,0)),"")) | J11: =IF(E11="Skeet",IFERROR(INDEX('Shooter-Squad Assignment'!$A:$A,MATCH(C11&"-"&D11&"-"&E11&"-Pos3",'Shooter-Squad Assignment'!#REF!,0)),""),IF(E11="Trap",IFERROR(INDEX('Shooter-Squad Assignment'!$A:$A,MATCH(C11&"-"&D11&"-"&E11&"-Pos3",'Shooter-Squad Assignment'!$V:$V,0)),""),IF(E11="Sporting Clays",IFERROR(INDEX('Shooter-Squad Assignment'!$A:$A,MATCH(C11&"-"&D11&"-"&E11&"-Pos3",'Shooter-Squad Assignment'!$Y:$Y,0)),""),""))) | K11: =IF(ISBLANK(J11),"",IFERROR(INDEX('Tournament List'!$D:$D,MATCH(J11,'Tournament List'!$A:$A,0)),"")) | L11: =IF(E11="Skeet",IFERROR(INDEX('Shooter-Squad Assignment'!$A:$A,MATCH(C11&"-"&D11&"-"&E11&"-Pos4",'Shooter-Squad Assignment'!#REF!,0)),""),IF(E11="Trap",IFERROR(INDEX('Shooter-Squad Assignment'!$A:$A,MATCH(C11&"-"&D11&"-"&E11&"-Pos4",'Shooter-Squad Assignment'!$V:$V,0)),""),IF(E11="Sporting Clays",IFERROR(INDEX('Shooter-Squad Assignment'!$A:$A,MATCH(C11&"-"&D11&"-"&E11&"-Pos4",'Shooter-Squad Assignment'!$Y:$Y,0)),""),""))) | M11: =IF(ISBLANK(L11),"",IFERROR(INDEX('Tournament List'!$D:$D,MATCH(L11,'Tournament List'!$A:$A,0)),"")) | N11: =IF(E11="Skeet",IFERROR(INDEX('Shooter-Squad Assignment'!$A:$A,MATCH(C11&"-"&D11&"-"&E11&"-Pos5",'Shooter-Squad Assignment'!#REF!,0)),""),IF(E11="Trap",IFERROR(INDEX('Shooter-Squad Assignment'!$A:$A,MATCH(C11&"-"&D11&"-"&E11&"-Pos5",'Shooter-Squad Assignment'!$V:$V,0)),""),IF(E11="Sporting Clays",IFERROR(INDEX('Shooter-Squad Assignment'!$A:$A,MATCH(C11&"-"&D11&"-"&E11&"-Pos5",'Shooter-Squad Assignment'!$Y:$Y,0)),""),""))) | O11: =IF(ISBLANK(N11),"",IFERROR(INDEX('Tournament List'!$D:$D,MATCH(N11,'Tournament List'!$A:$A,0)),""))
A12: 20 | B12: =C12&"-"&D12&"-"&E12 -> High Plains Drifters-Novice 2-Skeet | C12: High Plains Drifters | D12: Novice 2 | E12: Skeet | F12: =IF(E12="Skeet",IFERROR(INDEX('Shooter-Squad Assignment'!$A:$A,MATCH(C12&"-"&D12&"-"&E12&"-Pos1",'Shooter-Squad Assignment'!#REF!,0)),""),IF(E12="Trap",IFERROR(INDEX('Shooter-Squad Assignment'!$A:$A,MATCH(C12&"-"&D12&"-"&E12&"-Pos1",'Shooter-Squad Assignment'!$V:$V,0)),""),IF(E12="Sporting Clays",IFERROR(INDEX('Shooter-Squad Assignment'!$A:$A,MATCH(C12&"-"&D12&"-"&E12&"-Pos1",'Shooter-Squad Assignment'!$Y:$Y,0)),""),""))) | G12: =IF(ISBLANK(F12),"",IFERROR(INDEX('Tournament List'!$D:$D,MATCH(F12,'Tournament List'!$A:$A,0)),"")) | H12: =IF(E12="Skeet",IFERROR(INDEX('Shooter-Squad Assignment'!$A:$A,MATCH(C12&"-"&D12&"-"&E12&"-Pos2",'Shooter-Squad Assignment'!#REF!,0)),""),IF(E12="Trap",IFERROR(INDEX('Shooter-Squad Assignment'!$A:$A,MATCH(C12&"-"&D12&"-"&E12&"-Pos2",'Shooter-Squad Assignment'!$V:$V,0)),""),IF(E12="Sporting Clays",IFERROR(INDEX('Shooter-Squad Assignment'!$A:$A,MATCH(C12&"-"&D12&"-"&E12&"-Pos2",'Shooter-Squad Assignment'!$Y:$Y,0)),""),""))) | I12: =IF(ISBLANK(H12),"",IFERROR(INDEX('Tournament List'!$D:$D,MATCH(H12,'Tournament List'!$A:$A,0)),"")) | J12: =IF(E12="Skeet",IFERROR(INDEX('Shooter-Squad Assignment'!$A:$A,MATCH(C12&"-"&D12&"-"&E12&"-Pos3",'Shooter-Squad Assignment'!#REF!,0)),""),IF(E12="Trap",IFERROR(INDEX('Shooter-Squad Assignment'!$A:$A,MATCH(C12&"-"&D12&"-"&E12&"-Pos3",'Shooter-Squad Assignment'!$V:$V,0)),""),IF(E12="Sporting Clays",IFERROR(INDEX('Shooter-Squad Assignment'!$A:$A,MATCH(C12&"-"&D12&"-"&E12&"-Pos3",'Shooter-Squad Assignment'!$Y:$Y,0)),""),""))) | K12: =IF(ISBLANK(J12),"",IFERROR(INDEX('Tournament List'!$D:$D,MATCH(J12,'Tournament List'!$A:$A,0)),"")) | L12: =IF(E12="Skeet",IFERROR(INDEX('Shooter-Squad Assignment'!$A:$A,MATCH(C12&"-"&D12&"-"&E12&"-Pos4",'Shooter-Squad Assignment'!#REF!,0)),""),IF(E12="Trap",IFERROR(INDEX('Shooter-Squad Assignment'!$A:$A,MATCH(C12&"-"&D12&"-"&E12&"-Pos4",'Shooter-Squad Assignment'!$V:$V,0)),""),IF(E12="Sporting Clays",IFERROR(INDEX('Shooter-Squad Assignment'!$A:$A,MATCH(C12&"-"&D12&"-"&E12&"-Pos4",'Shooter-Squad Assignment'!$Y:$Y,0)),""),""))) | M12: =IF(ISBLANK(L12),"",IFERROR(INDEX('Tournament List'!$D:$D,MATCH(L12,'Tournament List'!$A:$A,0)),"")) | N12: =IF(E12="Skeet",IFERROR(INDEX('Shooter-Squad Assignment'!$A:$A,MATCH(C12&"-"&D12&"-"&E12&"-Pos5",'Shooter-Squad Assignment'!#REF!,0)),""),IF(E12="Trap",IFERROR(INDEX('Shooter-Squad Assignment'!$A:$A,MATCH(C12&"-"&D12&"-"&E12&"-Pos5",'Shooter-Squad Assignment'!$V:$V,0)),""),IF(E12="Sporting Clays",IFERROR(INDEX('Shooter-Squad Assignment'!$A:$A,MATCH(C12&"-"&D12&"-"&E12&"-Pos5",'Shooter-Squad Assignment'!$Y:$Y,0)),""),""))) | O12: =IF(ISBLANK(N12),"",IFERROR(INDEX('Tournament List'!$D:$D,MATCH(N12,'Tournament List'!$A:$A,0)),""))
A13: 21 | B13: =C13&"-"&D13&"-"&E13 -> High Plains Drifters-Novice 3-Skeet | C13: High Plains Drifters | D13: Novice 3 | E13: Skeet | F13: =IF(E13="Skeet",IFERROR(INDEX('Shooter-Squad Assignment'!$A:$A,MATCH(C13&"-"&D13&"-"&E13&"-Pos1",'Shooter-Squad Assignment'!#REF!,0)),""),IF(E13="Trap",IFERROR(INDEX('Shooter-Squad Assignment'!$A:$A,MATCH(C13&"-"&D13&"-"&E13&"-Pos1",'Shooter-Squad Assignment'!$V:$V,0)),""),IF(E13="Sporting Clays",IFERROR(INDEX('Shooter-Squad Assignment'!$A:$A,MATCH(C13&"-"&D13&"-"&E13&"-Pos1",'Shooter-Squad Assignment'!$Y:$Y,0)),""),""))) | G13: =IF(ISBLANK(F13),"",IFERROR(INDEX('Tournament List'!$D:$D,MATCH(F13,'Tournament List'!$A:$A,0)),"")) | H13: =IF(E13="Skeet",IFERROR(INDEX('Shooter-Squad Assignment'!$A:$A,MATCH(C13&"-"&D13&"-"&E13&"-Pos2",'Shooter-Squad Assignment'!#REF!,0)),""),IF(E13="Trap",IFERROR(INDEX('Shooter-Squad Assignment'!$A:$A,MATCH(C13&"-"&D13&"-"&E13&"-Pos2",'Shooter-Squad Assignment'!$V:$V,0)),""),IF(E13="Sporting Clays",IFERROR(INDEX('Shooter-Squad Assignment'!$A:$A,MATCH(C13&"-"&D13&"-"&E13&"-Pos2",'Shooter-Squad Assignment'!$Y:$Y,0)),""),""))) | I13: =IF(ISBLANK(H13),"",IFERROR(INDEX('Tournament List'!$D:$D,MATCH(H13,'Tournament List'!$A:$A,0)),"")) | J13: =IF(E13="Skeet",IFERROR(INDEX('Shooter-Squad Assignment'!$A:$A,MATCH(C13&"-"&D13&"-"&E13&"-Pos3",'Shooter-Squad Assignment'!#REF!,0)),""),IF(E13="Trap",IFERROR(INDEX('Shooter-Squad Assignment'!$A:$A,MATCH(C13&"-"&D13&"-"&E13&"-Pos3",'Shooter-Squad Assignment'!$V:$V,0)),""),IF(E13="Sporting Clays",IFERROR(INDEX('Shooter-Squad Assignment'!$A:$A,MATCH(C13&"-"&D13&"-"&E13&"-Pos3",'Shooter-Squad Assignment'!$Y:$Y,0)),""),""))) | K13: =IF(ISBLANK(J13),"",IFERROR(INDEX('Tournament List'!$D:$D,MATCH(J13,'Tournament List'!$A:$A,0)),"")) | L13: =IF(E13="Skeet",IFERROR(INDEX('Shooter-Squad Assignment'!$A:$A,MATCH(C13&"-"&D13&"-"&E13&"-Pos4",'Shooter-Squad Assignment'!#REF!,0)),""),IF(E13="Trap",IFERROR(INDEX('Shooter-Squad Assignment'!$A:$A,MATCH(C13&"-"&D13&"-"&E13&"-Pos4",'Shooter-Squad Assignment'!$V:$V,0)),""),IF(E13="Sporting Clays",IFERROR(INDEX('Shooter-Squad Assignment'!$A:$A,MATCH(C13&"-"&D13&"-"&E13&"-Pos4",'Shooter-Squad Assignment'!$Y:$Y,0)),""),""))) | M13: =IF(ISBLANK(L13),"",IFERROR(INDEX('Tournament List'!$D:$D,MATCH(L13,'Tournament List'!$A:$A,0)),"")) | N13: =IF(E13="Skeet",IFERROR(INDEX('Shooter-Squad Assignment'!$A:$A,MATCH(C13&"-"&D13&"-"&E13&"-Pos5",'Shooter-Squad Assignment'!#REF!,0)),""),IF(E13="Trap",IFERROR(INDEX('Shooter-Squad Assignment'!$A:$A,MATCH(C13&"-"&D13&"-"&E13&"-Pos5",'Shooter-Squad Assignment'!$V:$V,0)),""),IF(E13="Sporting Clays",IFERROR(INDEX('Shooter-Squad Assignment'!$A:$A,MATCH(C13&"-"&D13&"-"&E13&"-Pos5",'Shooter-Squad Assignment'!$Y:$Y,0)),""),""))) | O13: =IF(ISBLANK(N13),"",IFERROR(INDEX('Tournament List'!$D:$D,MATCH(N13,'Tournament List'!$A:$A,0)),""))
... A325: 333 | B325: =C325&"-"&D325&"-"&E325 -> Littleton Target Masters-Varsity 3-Sporting Clays | C325: Littleton Target Masters | D325: Varsity 3 | E325: Sporting Clays | F325: =IF(E325="Skeet",IFERROR(INDEX('Shooter-Squad Assignment'!$A:$A,MATCH(C325&"-"&D325&"-"&E325&"-Pos1",'Shooter-Squad Assignment'!#REF!,0)),""),IF(E325="Trap",IFERROR(INDEX('Shooter-Squad Assignment'!$A:$A,MATCH(C325&"-"&D325&"-"&E325&"-Pos1",'Shooter-Squad Assignment'!$V:$V,0)),""),IF(E325="Sporting Clays",IFERROR(INDEX('Shooter-Squad Assignment'!$A:$A,MATCH(C325&"-"&D325&"-"&E325&"-Pos1",'Shooter-Squad Assignment'!$Y:$Y,0)),""),""))) | G325: =IF(ISBLANK(F325),"",IFERROR(INDEX('Tournament List'!$D:$D,MATCH(F325,'Tournament List'!$A:$A,0)),"")) | H325: =IF(E325="Skeet",IFERROR(INDEX('Shooter-Squad Assignment'!$A:$A,MATCH(C325&"-"&D325&"-"&E325&"-Pos2",'Shooter-Squad Assignment'!#REF!,0)),""),IF(E325="Trap",IFERROR(INDEX('Shooter-Squad Assignment'!$A:$A,MATCH(C325&"-"&D325&"-"&E325&"-Pos2",'Shooter-Squad Assignment'!$V:$V,0)),""),IF(E325="Sporting Clays",IFERROR(INDEX('Shooter-Squad Assignment'!$A:$A,MATCH(C325&"-"&D325&"-"&E325&"-Pos2",'Shooter-Squad Assignment'!$Y:$Y,0)),""),""))) | I325: =IF(ISBLANK(H325),"",IFERROR(INDEX('Tournament List'!$D:$D,MATCH(H325,'Tournament List'!$A:$A,0)),"")) | J325: =IF(E325="Skeet",IFERROR(INDEX('Shooter-Squad Assignment'!$A:$A,MATCH(C325&"-"&D325&"-"&E325&"-Pos3",'Shooter-Squad Assignment'!#REF!,0)),""),IF(E325="Trap",IFERROR(INDEX('Shooter-Squad Assignment'!$A:$A,MATCH(C325&"-"&D325&"-"&E325&"-Pos3",'Shooter-Squad Assignment'!$V:$V,0)),""),IF(E325="Sporting Clays",IFERROR(INDEX('Shooter-Squad Assignment'!$A:$A,MATCH(C325&"-"&D325&"-"&E325&"-Pos3",'Shooter-Squad Assignment'!$Y:$Y,0)),""),""))) | K325: =IF(ISBLANK(J325),"",IFERROR(INDEX('Tournament List'!$D:$D,MATCH(J325,'Tournament List'!$A:$A,0)),"")) | L325: =IF(E325="Skeet",IFERROR(INDEX('Shooter-Squad Assignment'!$A:$A,MATCH(C325&"-"&D325&"-"&E325&"-Pos4",'Shooter-Squad Assignment'!#REF!,0)),""),IF(E325="Trap",IFERROR(INDEX('Shooter-Squad Assignment'!$A:$A,MATCH(C325&"-"&D325&"-"&E325&"-Pos4",'Shooter-Squad Assignment'!$V:$V,0)),""),IF(E325="Sporting Clays",IFERROR(INDEX('Shooter-Squad Assignment'!$A:$A,MATCH(C325&"-"&D325&"-"&E325&"-Pos4",'Shooter-Squad Assignment'!$Y:$Y,0)),""),""))) | M325: =IF(ISBLANK(L325),"",IFERROR(INDEX('Tournament List'!$D:$D,MATCH(L325,'Tournament List'!$A:$A,0)),"")) | N325: =IF(E325="Skeet",IFERROR(INDEX('Shooter-Squad Assignment'!$A:$A,MATCH(C325&"-"&D325&"-"&E325&"-Pos5",'Shooter-Squad Assignment'!#REF!,0)),""),IF(E325="Trap",IFERROR(INDEX('Shooter-Squad Assignment'!$A:$A,MATCH(C325&"-"&D325&"-"&E325&"-Pos5",'Shooter-Squad Assignment'!$V:$V,0)),""),IF(E325="Sporting Clays",IFERROR(INDEX('Shooter-Squad Assignment'!$A:$A,MATCH(C325&"-"&D325&"-"&E325&"-Pos5",'Shooter-Squad Assignment'!$Y:$Y,0)),""),""))) | O325: =IF(ISBLANK(N325),"",IFERROR(INDEX('Tournament List'!$D:$D,MATCH(N325,'Tournament List'!$A:$A,0)),""))
A326: 334 | B326: =C326&"-"&D326&"-"&E326 -> -Collegiate 1-Skeet | D326: Collegiate 1 | E326: Skeet | F326: =IF(E326="Skeet",IFERROR(INDEX('Shooter-Squad Assignment'!$A:$A,MATCH(C326&"-"&D326&"-"&E326&"-Pos1",'Shooter-Squad Assignment'!#REF!,0)),""),IF(E326="Trap",IFERROR(INDEX('Shooter-Squad Assignment'!$A:$A,MATCH(C326&"-"&D326&"-"&E326&"-Pos1",'Shooter-Squad Assignment'!$V:$V,0)),""),IF(E326="Sporting Clays",IFERROR(INDEX('Shooter-Squad Assignment'!$A:$A,MATCH(C326&"-"&D326&"-"&E326&"-Pos1",'Shooter-Squad Assignment'!$Y:$Y,0)),""),""))) | G326: =IF(ISBLANK(F326),"",IFERROR(INDEX('Tournament List'!$D:$D,MATCH(F326,'Tournament List'!$A:$A,0)),"")) | H326: =IF(E326="Skeet",IFERROR(INDEX('Shooter-Squad Assignment'!$A:$A,MATCH(C326&"-"&D326&"-"&E326&"-Pos2",'Shooter-Squad Assignment'!#REF!,0)),""),IF(E326="Trap",IFERROR(INDEX('Shooter-Squad Assignment'!$A:$A,MATCH(C326&"-"&D326&"-"&E326&"-Pos2",'Shooter-Squad Assignment'!$V:$V,0)),""),IF(E326="Sporting Clays",IFERROR(INDEX('Shooter-Squad Assignment'!$A:$A,MATCH(C326&"-"&D326&"-"&E326&"-Pos2",'Shooter-Squad Assignment'!$Y:$Y,0)),""),""))) | I326: =IF(ISBLANK(H326),"",IFERROR(INDEX('Tournament List'!$D:$D,MATCH(H326,'Tournament List'!$A:$A,0)),"")) | J326: =IF(E326="Skeet",IFERROR(INDEX('Shooter-Squad Assignment'!$A:$A,MATCH(C326&"-"&D326&"-"&E326&"-Pos3",'Shooter-Squad Assignment'!#REF!,0)),""),IF(E326="Trap",IFERROR(INDEX('Shooter-Squad Assignment'!$A:$A,MATCH(C326&"-"&D326&"-"&E326&"-Pos3",'Shooter-Squad Assignment'!$V:$V,0)),""),IF(E326="Sporting Clays",IFERROR(INDEX('Shooter-Squad Assignment'!$A:$A,MATCH(C326&"-"&D326&"-"&E326&"-Pos3",'Shooter-Squad Assignment'!$Y:$Y,0)),""),""))) | K326: =IF(ISBLANK(J326),"",IFERROR(INDEX('Tournament List'!$D:$D,MATCH(J326,'Tournament List'!$A:$A,0)),"")) | L326: =IF(E326="Skeet",IFERROR(INDEX('Shooter-Squad Assignment'!$A:$A,MATCH(C326&"-"&D326&"-"&E326&"-Pos4",'Shooter-Squad Assignment'!#REF!,0)),""),IF(E326="Trap",IFERROR(INDEX('Shooter-Squad Assignment'!$A:$A,MATCH(C326&"-"&D326&"-"&E326&"-Pos4",'Shooter-Squad Assignment'!$V:$V,0)),""),IF(E326="Sporting Clays",IFERROR(INDEX('Shooter-Squad Assignment'!$A:$A,MATCH(C326&"-"&D326&"-"&E326&"-Pos4",'Shooter-Squad Assignment'!$Y:$Y,0)),""),""))) | M326: =IF(ISBLANK(L326),"",IFERROR(INDEX('Tournament List'!$D:$D,MATCH(L326,'Tournament List'!$A:$A,0)),"")) | N326: =IF(E326="Skeet",IFERROR(INDEX('Shooter-Squad Assignment'!$A:$A,MATCH(C326&"-"&D326&"-"&E326&"-Pos5",'Shooter-Squad Assignment'!#REF!,0)),""),IF(E326="Trap",IFERROR(INDEX('Shooter-Squad Assignment'!$A:$A,MATCH(C326&"-"&D326&"-"&E326&"-Pos5",'Shooter-Squad Assignment'!$V:$V,0)),""),IF(E326="Sporting Clays",IFERROR(INDEX('Shooter-Squad Assignment'!$A:$A,MATCH(C326&"-"&D326&"-"&E326&"-Pos5",'Shooter-Squad Assignment'!$Y:$Y,0)),""),""))) | O326: =IF(ISBLANK(N326),"",IFERROR(INDEX('Tournament List'!$D:$D,MATCH(N326,'Tournament List'!$A:$A,0)),""))
A327: 335 | B327: =C327&"-"&D327&"-"&E327 -> -Collegiate 2-Skeet | D327: Collegiate 2 | E327: Skeet | F327: =IF(E327="Skeet",IFERROR(INDEX('Shooter-Squad Assignment'!$A:$A,MATCH(C327&"-"&D327&"-"&E327&"-Pos1",'Shooter-Squad Assignment'!#REF!,0)),""),IF(E327="Trap",IFERROR(INDEX('Shooter-Squad Assignment'!$A:$A,MATCH(C327&"-"&D327&"-"&E327&"-Pos1",'Shooter-Squad Assignment'!$V:$V,0)),""),IF(E327="Sporting Clays",IFERROR(INDEX('Shooter-Squad Assignment'!$A:$A,MATCH(C327&"-"&D327&"-"&E327&"-Pos1",'Shooter-Squad Assignment'!$Y:$Y,0)),""),""))) | G327: =IF(ISBLANK(F327),"",IFERROR(INDEX('Tournament List'!$D:$D,MATCH(F327,'Tournament List'!$A:$A,0)),"")) | H327: =IF(E327="Skeet",IFERROR(INDEX('Shooter-Squad Assignment'!$A:$A,MATCH(C327&"-"&D327&"-"&E327&"-Pos2",'Shooter-Squad Assignment'!#REF!,0)),""),IF(E327="Trap",IFERROR(INDEX('Shooter-Squad Assignment'!$A:$A,MATCH(C327&"-"&D327&"-"&E327&"-Pos2",'Shooter-Squad Assignment'!$V:$V,0)),""),IF(E327="Sporting Clays",IFERROR(INDEX('Shooter-Squad Assignment'!$A:$A,MATCH(C327&"-"&D327&"-"&E327&"-Pos2",'Shooter-Squad Assignment'!$Y:$Y,0)),""),""))) | I327: =IF(ISBLANK(H327),"",IFERROR(INDEX('Tournament List'!$D:$D,MATCH(H327,'Tournament List'!$A:$A,0)),"")) | J327: =IF(E327="Skeet",IFERROR(INDEX('Shooter-Squad Assignment'!$A:$A,MATCH(C327&"-"&D327&"-"&E327&"-Pos3",'Shooter-Squad Assignment'!#REF!,0)),""),IF(E327="Trap",IFERROR(INDEX('Shooter-Squad Assignment'!$A:$A,MATCH(C327&"-"&D327&"-"&E327&"-Pos3",'Shooter-Squad Assignment'!$V:$V,0)),""),IF(E327="Sporting Clays",IFERROR(INDEX('Shooter-Squad Assignment'!$A:$A,MATCH(C327&"-"&D327&"-"&E327&"-Pos3",'Shooter-Squad Assignment'!$Y:$Y,0)),""),""))) | K327: =IF(ISBLANK(J327),"",IFERROR(INDEX('Tournament List'!$D:$D,MATCH(J327,'Tournament List'!$A:$A,0)),"")) | L327: =IF(E327="Skeet",IFERROR(INDEX('Shooter-Squad Assignment'!$A:$A,MATCH(C327&"-"&D327&"-"&E327&"-Pos4",'Shooter-Squad Assignment'!#REF!,0)),""),IF(E327="Trap",IFERROR(INDEX('Shooter-Squad Assignment'!$A:$A,MATCH(C327&"-"&D327&"-"&E327&"-Pos4",'Shooter-Squad Assignment'!$V:$V,0)),""),IF(E327="Sporting Clays",IFERROR(INDEX('Shooter-Squad Assignment'!$A:$A,MATCH(C327&"-"&D327&"-"&E327&"-Pos4",'Shooter-Squad Assignment'!$Y:$Y,0)),""),""))) | M327: =IF(ISBLANK(L327),"",IFERROR(INDEX('Tournament List'!$D:$D,MATCH(L327,'Tournament List'!$A:$A,0)),"")) | N327: =IF(E327="Skeet",IFERROR(INDEX('Shooter-Squad Assignment'!$A:$A,MATCH(C327&"-"&D327&"-"&E327&"-Pos5",'Shooter-Squad Assignment'!#REF!,0)),""),IF(E327="Trap",IFERROR(INDEX('Shooter-Squad Assignment'!$A:$A,MATCH(C327&"-"&D327&"-"&E327&"-Pos5",'Shooter-Squad Assignment'!$V:$V,0)),""),IF(E327="Sporting Clays",IFERROR(INDEX('Shooter-Squad Assignment'!$A:$A,MATCH(C327&"-"&D327&"-"&E327&"-Pos5",'Shooter-Squad Assignment'!$Y:$Y,0)),""),""))) | O327: =IF(ISBLANK(N327),"",IFERROR(INDEX('Tournament List'!$D:$D,MATCH(N327,'Tournament List'!$A:$A,0)),""))
A328: 336 | B328: =C328&"-"&D328&"-"&E328 -> -Collegiate 3-Skeet | D328: Collegiate 3 | E328: Skeet | F328: =IF(E328="Skeet",IFERROR(INDEX('Shooter-Squad Assignment'!$A:$A,MATCH(C328&"-"&D328&"-"&E328&"-Pos1",'Shooter-Squad Assignment'!#REF!,0)),""),IF(E328="Trap",IFERROR(INDEX('Shooter-Squad Assignment'!$A:$A,MATCH(C328&"-"&D328&"-"&E328&"-Pos1",'Shooter-Squad Assignment'!$V:$V,0)),""),IF(E328="Sporting Clays",IFERROR(INDEX('Shooter-Squad Assignment'!$A:$A,MATCH(C328&"-"&D328&"-"&E328&"-Pos1",'Shooter-Squad Assignment'!$Y:$Y,0)),""),""))) | G328: =IF(ISBLANK(F328),"",IFERROR(INDEX('Tournament List'!$D:$D,MATCH(F328,'Tournament List'!$A:$A,0)),"")) | H328: =IF(E328="Skeet",IFERROR(INDEX('Shooter-Squad Assignment'!$A:$A,MATCH(C328&"-"&D328&"-"&E328&"-Pos2",'Shooter-Squad Assignment'!#REF!,0)),""),IF(E328="Trap",IFERROR(INDEX('Shooter-Squad Assignment'!$A:$A,MATCH(C328&"-"&D328&"-"&E328&"-Pos2",'Shooter-Squad Assignment'!$V:$V,0)),""),IF(E328="Sporting Clays",IFERROR(INDEX('Shooter-Squad Assignment'!$A:$A,MATCH(C328&"-"&D328&"-"&E328&"-Pos2",'Shooter-Squad Assignment'!$Y:$Y,0)),""),""))) | I328: =IF(ISBLANK(H328),"",IFERROR(INDEX('Tournament List'!$D:$D,MATCH(H328,'Tournament List'!$A:$A,0)),"")) | J328: =IF(E328="Skeet",IFERROR(INDEX('Shooter-Squad Assignment'!$A:$A,MATCH(C328&"-"&D328&"-"&E328&"-Pos3",'Shooter-Squad Assignment'!#REF!,0)),""),IF(E328="Trap",IFERROR(INDEX('Shooter-Squad Assignment'!$A:$A,MATCH(C328&"-"&D328&"-"&E328&"-Pos3",'Shooter-Squad Assignment'!$V:$V,0)),""),IF(E328="Sporting Clays",IFERROR(INDEX('Shooter-Squad Assignment'!$A:$A,MATCH(C328&"-"&D328&"-"&E328&"-Pos3",'Shooter-Squad Assignment'!$Y:$Y,0)),""),""))) | K328: =IF(ISBLANK(J328),"",IFERROR(INDEX('Tournament List'!$D:$D,MATCH(J328,'Tournament List'!$A:$A,0)),"")) | L328: =IF(E328="Skeet",IFERROR(INDEX('Shooter-Squad Assignment'!$A:$A,MATCH(C328&"-"&D328&"-"&E328&"-Pos4",'Shooter-Squad Assignment'!#REF!,0)),""),IF(E328="Trap",IFERROR(INDEX('Shooter-Squad Assignment'!$A:$A,MATCH(C328&"-"&D328&"-"&E328&"-Pos4",'Shooter-Squad Assignment'!$V:$V,0)),""),IF(E328="Sporting Clays",IFERROR(INDEX('Shooter-Squad Assignment'!$A:$A,MATCH(C328&"-"&D328&"-"&E328&"-Pos4",'Shooter-Squad Assignment'!$Y:$Y,0)),""),""))) | M328: =IF(ISBLANK(L328),"",IFERROR(INDEX('Tournament List'!$D:$D,MATCH(L328,'Tournament List'!$A:$A,0)),"")) | N328: =IF(E328="Skeet",IFERROR(INDEX('Shooter-Squad Assignment'!$A:$A,MATCH(C328&"-"&D328&"-"&E328&"-Pos5",'Shooter-Squad Assignment'!#REF!,0)),""),IF(E328="Trap",IFERROR(INDEX('Shooter-Squad Assignment'!$A:$A,MATCH(C328&"-"&D328&"-"&E328&"-Pos5",'Shooter-Squad Assignment'!$V:$V,0)),""),IF(E328="Sporting Clays",IFERROR(INDEX('Shooter-Squad Assignment'!$A:$A,MATCH(C328&"-"&D328&"-"&E328&"-Pos5",'Shooter-Squad Assignment'!$Y:$Y,0)),""),""))) | O328: =IF(ISBLANK(N328),"",IFERROR(INDEX('Tournament List'!$D:$D,MATCH(N328,'Tournament List'!$A:$A,0)),""))
A329: 337 | B329: =C329&"-"&D329&"-"&E329 -> -Intermediate 1-Skeet | D329: Intermediate 1 | E329: Skeet | F329: =IF(E329="Skeet",IFERROR(INDEX('Shooter-Squad Assignment'!$A:$A,MATCH(C329&"-"&D329&"-"&E329&"-Pos1",'Shooter-Squad Assignment'!#REF!,0)),""),IF(E329="Trap",IFERROR(INDEX('Shooter-Squad Assignment'!$A:$A,MATCH(C329&"-"&D329&"-"&E329&"-Pos1",'Shooter-Squad Assignment'!$V:$V,0)),""),IF(E329="Sporting Clays",IFERROR(INDEX('Shooter-Squad Assignment'!$A:$A,MATCH(C329&"-"&D329&"-"&E329&"-Pos1",'Shooter-Squad Assignment'!$Y:$Y,0)),""),""))) | G329: =IF(ISBLANK(F329),"",IFERROR(INDEX('Tournament List'!$D:$D,MATCH(F329,'Tournament List'!$A:$A,0)),"")) | H329: =IF(E329="Skeet",IFERROR(INDEX('Shooter-Squad Assignment'!$A:$A,MATCH(C329&"-"&D329&"-"&E329&"-Pos2",'Shooter-Squad Assignment'!#REF!,0)),""),IF(E329="Trap",IFERROR(INDEX('Shooter-Squad Assignment'!$A:$A,MATCH(C329&"-"&D329&"-"&E329&"-Pos2",'Shooter-Squad Assignment'!$V:$V,0)),""),IF(E329="Sporting Clays",IFERROR(INDEX('Shooter-Squad Assignment'!$A:$A,MATCH(C329&"-"&D329&"-"&E329&"-Pos2",'Shooter-Squad Assignment'!$Y:$Y,0)),""),""))) | I329: =IF(ISBLANK(H329),"",IFERROR(INDEX('Tournament List'!$D:$D,MATCH(H329,'Tournament List'!$A:$A,0)),"")) | J329: =IF(E329="Skeet",IFERROR(INDEX('Shooter-Squad Assignment'!$A:$A,MATCH(C329&"-"&D329&"-"&E329&"-Pos3",'Shooter-Squad Assignment'!#REF!,0)),""),IF(E329="Trap",IFERROR(INDEX('Shooter-Squad Assignment'!$A:$A,MATCH(C329&"-"&D329&"-"&E329&"-Pos3",'Shooter-Squad Assignment'!$V:$V,0)),""),IF(E329="Sporting Clays",IFERROR(INDEX('Shooter-Squad Assignment'!$A:$A,MATCH(C329&"-"&D329&"-"&E329&"-Pos3",'Shooter-Squad Assignment'!$Y:$Y,0)),""),""))) | K329: =IF(ISBLANK(J329),"",IFERROR(INDEX('Tournament List'!$D:$D,MATCH(J329,'Tournament List'!$A:$A,0)),"")) | L329: =IF(E329="Skeet",IFERROR(INDEX('Shooter-Squad Assignment'!$A:$A,MATCH(C329&"-"&D329&"-"&E329&"-Pos4",'Shooter-Squad Assignment'!#REF!,0)),""),IF(E329="Trap",IFERROR(INDEX('Shooter-Squad Assignment'!$A:$A,MATCH(C329&"-"&D329&"-"&E329&"-Pos4",'Shooter-Squad Assignment'!$V:$V,0)),""),IF(E329="Sporting Clays",IFERROR(INDEX('Shooter-Squad Assignment'!$A:$A,MATCH(C329&"-"&D329&"-"&E329&"-Pos4",'Shooter-Squad Assignment'!$Y:$Y,0)),""),""))) | M329: =IF(ISBLANK(L329),"",IFERROR(INDEX('Tournament List'!$D:$D,MATCH(L329,'Tournament List'!$A:$A,0)),"")) | N329: =IF(E329="Skeet",IFERROR(INDEX('Shooter-Squad Assignment'!$A:$A,MATCH(C329&"-"&D329&"-"&E329&"-Pos5",'Shooter-Squad Assignment'!#REF!,0)),""),IF(E329="Trap",IFERROR(INDEX('Shooter-Squad Assignment'!$A:$A,MATCH(C329&"-"&D329&"-"&E329&"-Pos5",'Shooter-Squad Assignment'!$V:$V,0)),""),IF(E329="Sporting Clays",IFERROR(INDEX('Shooter-Squad Assignment'!$A:$A,MATCH(C329&"-"&D329&"-"&E329&"-Pos5",'Shooter-Squad Assignment'!$Y:$Y,0)),""),""))) | O329: =IF(ISBLANK(N329),"",IFERROR(INDEX('Tournament List'!$D:$D,MATCH(N329,'Tournament List'!$A:$A,0)),""))
A330: 338 | B330: =C330&"-"&D330&"-"&E330 -> -Intermediate 2-Skeet | D330: Intermediate 2 | E330: Skeet | F330: =IF(E330="Skeet",IFERROR(INDEX('Shooter-Squad Assignment'!$A:$A,MATCH(C330&"-"&D330&"-"&E330&"-Pos1",'Shooter-Squad Assignment'!#REF!,0)),""),IF(E330="Trap",IFERROR(INDEX('Shooter-Squad Assignment'!$A:$A,MATCH(C330&"-"&D330&"-"&E330&"-Pos1",'Shooter-Squad Assignment'!$V:$V,0)),""),IF(E330="Sporting Clays",IFERROR(INDEX('Shooter-Squad Assignment'!$A:$A,MATCH(C330&"-"&D330&"-"&E330&"-Pos1",'Shooter-Squad Assignment'!$Y:$Y,0)),""),""))) | G330: =IF(ISBLANK(F330),"",IFERROR(INDEX('Tournament List'!$D:$D,MATCH(F330,'Tournament List'!$A:$A,0)),"")) | H330: =IF(E330="Skeet",IFERROR(INDEX('Shooter-Squad Assignment'!$A:$A,MATCH(C330&"-"&D330&"-"&E330&"-Pos2",'Shooter-Squad Assignment'!#REF!,0)),""),IF(E330="Trap",IFERROR(INDEX('Shooter-Squad Assignment'!$A:$A,MATCH(C330&"-"&D330&"-"&E330&"-Pos2",'Shooter-Squad Assignment'!$V:$V,0)),""),IF(E330="Sporting Clays",IFERROR(INDEX('Shooter-Squad Assignment'!$A:$A,MATCH(C330&"-"&D330&"-"&E330&"-Pos2",'Shooter-Squad Assignment'!$Y:$Y,0)),""),""))) | I330: =IF(ISBLANK(H330),"",IFERROR(INDEX('Tournament List'!$D:$D,MATCH(H330,'Tournament List'!$A:$A,0)),"")) | J330: =IF(E330="Skeet",IFERROR(INDEX('Shooter-Squad Assignment'!$A:$A,MATCH(C330&"-"&D330&"-"&E330&"-Pos3",'Shooter-Squad Assignment'!#REF!,0)),""),IF(E330="Trap",IFERROR(INDEX('Shooter-Squad Assignment'!$A:$A,MATCH(C330&"-"&D330&"-"&E330&"-Pos3",'Shooter-Squad Assignment'!$V:$V,0)),""),IF(E330="Sporting Clays",IFERROR(INDEX('Shooter-Squad Assignment'!$A:$A,MATCH(C330&"-"&D330&"-"&E330&"-Pos3",'Shooter-Squad Assignment'!$Y:$Y,0)),""),""))) | K330: =IF(ISBLANK(J330),"",IFERROR(INDEX('Tournament List'!$D:$D,MATCH(J330,'Tournament List'!$A:$A,0)),"")) | L330: =IF(E330="Skeet",IFERROR(INDEX('Shooter-Squad Assignment'!$A:$A,MATCH(C330&"-"&D330&"-"&E330&"-Pos4",'Shooter-Squad Assignment'!#REF!,0)),""),IF(E330="Trap",IFERROR(INDEX('Shooter-Squad Assignment'!$A:$A,MATCH(C330&"-"&D330&"-"&E330&"-Pos4",'Shooter-Squad Assignment'!$V:$V,0)),""),IF(E330="Sporting Clays",IFERROR(INDEX('Shooter-Squad Assignment'!$A:$A,MATCH(C330&"-"&D330&"-"&E330&"-Pos4",'Shooter-Squad Assignment'!$Y:$Y,0)),""),""))) | M330: =IF(ISBLANK(L330),"",IFERROR(INDEX('Tournament List'!$D:$D,MATCH(L330,'Tournament List'!$A:$A,0)),"")) | N330: =IF(E330="Skeet",IFERROR(INDEX('Shooter-Squad Assignment'!$A:$A,MATCH(C330&"-"&D330&"-"&E330&"-Pos5",'Shooter-Squad Assignment'!#REF!,0)),""),IF(E330="Trap",IFERROR(INDEX('Shooter-Squad Assignment'!$A:$A,MATCH(C330&"-"&D330&"-"&E330&"-Pos5",'Shooter-Squad Assignment'!$V:$V,0)),""),IF(E330="Sporting Clays",IFERROR(INDEX('Shooter-Squad Assignment'!$A:$A,MATCH(C330&"-"&D330&"-"&E330&"-Pos5",'Shooter-Squad Assignment'!$Y:$Y,0)),""),""))) | O330: =IF(ISBLANK(N330),"",IFERROR(INDEX('Tournament List'!$D:$D,MATCH(N330,'Tournament List'!$A:$A,0)),""))
A331: 339 | B331: =C331&"-"&D331&"-"&E331 -> -Intermediate 3-Skeet | D331: Intermediate 3 | E331: Skeet | F331: =IF(E331="Skeet",IFERROR(INDEX('Shooter-Squad Assignment'!$A:$A,MATCH(C331&"-"&D331&"-"&E331&"-Pos1",'Shooter-Squad Assignment'!#REF!,0)),""),IF(E331="Trap",IFERROR(INDEX('Shooter-Squad Assignment'!$A:$A,MATCH(C331&"-"&D331&"-"&E331&"-Pos1",'Shooter-Squad Assignment'!$V:$V,0)),""),IF(E331="Sporting Clays",IFERROR(INDEX('Shooter-Squad Assignment'!$A:$A,MATCH(C331&"-"&D331&"-"&E331&"-Pos1",'Shooter-Squad Assignment'!$Y:$Y,0)),""),""))) | G331: =IF(ISBLANK(F331),"",IFERROR(INDEX('Tournament List'!$D:$D,MATCH(F331,'Tournament List'!$A:$A,0)),"")) | H331: =IF(E331="Skeet",IFERROR(INDEX('Shooter-Squad Assignment'!$A:$A,MATCH(C331&"-"&D331&"-"&E331&"-Pos2",'Shooter-Squad Assignment'!#REF!,0)),""),IF(E331="Trap",IFERROR(INDEX('Shooter-Squad Assignment'!$A:$A,MATCH(C331&"-"&D331&"-"&E331&"-Pos2",'Shooter-Squad Assignment'!$V:$V,0)),""),IF(E331="Sporting Clays",IFERROR(INDEX('Shooter-Squad Assignment'!$A:$A,MATCH(C331&"-"&D331&"-"&E331&"-Pos2",'Shooter-Squad Assignment'!$Y:$Y,0)),""),""))) | I331: =IF(ISBLANK(H331),"",IFERROR(INDEX('Tournament List'!$D:$D,MATCH(H331,'Tournament List'!$A:$A,0)),"")) | J331: =IF(E331="Skeet",IFERROR(INDEX('Shooter-Squad Assignment'!$A:$A,MATCH(C331&"-"&D331&"-"&E331&"-Pos3",'Shooter-Squad Assignment'!#REF!,0)),""),IF(E331="Trap",IFERROR(INDEX('Shooter-Squad Assignment'!$A:$A,MATCH(C331&"-"&D331&"-"&E331&"-Pos3",'Shooter-Squad Assignment'!$V:$V,0)),""),IF(E331="Sporting Clays",IFERROR(INDEX('Shooter-Squad Assignment'!$A:$A,MATCH(C331&"-"&D331&"-"&E331&"-Pos3",'Shooter-Squad Assignment'!$Y:$Y,0)),""),""))) | K331: =IF(ISBLANK(J331),"",IFERROR(INDEX('Tournament List'!$D:$D,MATCH(J331,'Tournament List'!$A:$A,0)),"")) | L331: =IF(E331="Skeet",IFERROR(INDEX('Shooter-Squad Assignment'!$A:$A,MATCH(C331&"-"&D331&"-"&E331&"-Pos4",'Shooter-Squad Assignment'!#REF!,0)),""),IF(E331="Trap",IFERROR(INDEX('Shooter-Squad Assignment'!$A:$A,MATCH(C331&"-"&D331&"-"&E331&"-Pos4",'Shooter-Squad Assignment'!$V:$V,0)),""),IF(E331="Sporting Clays",IFERROR(INDEX('Shooter-Squad Assignment'!$A:$A,MATCH(C331&"-"&D331&"-"&E331&"-Pos4",'Shooter-Squad Assignment'!$Y:$Y,0)),""),""))) | M331: =IF(ISBLANK(L331),"",IFERROR(INDEX('Tournament List'!$D:$D,MATCH(L331,'Tournament List'!$A:$A,0)),"")) | N331: =IF(E331="Skeet",IFERROR(INDEX('Shooter-Squad Assignment'!$A:$A,MATCH(C331&"-"&D331&"-"&E331&"-Pos5",'Shooter-Squad Assignment'!#REF!,0)),""),IF(E331="Trap",IFERROR(INDEX('Shooter-Squad Assignment'!$A:$A,MATCH(C331&"-"&D331&"-"&E331&"-Pos5",'Shooter-Squad Assignment'!$V:$V,0)),""),IF(E331="Sporting Clays",IFERROR(INDEX('Shooter-Squad Assignment'!$A:$A,MATCH(C331&"-"&D331&"-"&E331&"-Pos5",'Shooter-Squad Assignment'!$Y:$Y,0)),""),""))) | O331: =IF(ISBLANK(N331),"",IFERROR(INDEX('Tournament List'!$D:$D,MATCH(N331,'Tournament List'!$A:$A,0)),""))
A332: 340 | B332: =C332&"-"&D332&"-"&E332 -> -Junior Varsity 1-Skeet | D332: Junior Varsity 1 | E332: Skeet | F332: =IF(E332="Skeet",IFERROR(INDEX('Shooter-Squad Assignment'!$A:$A,MATCH(C332&"-"&D332&"-"&E332&"-Pos1",'Shooter-Squad Assignment'!#REF!,0)),""),IF(E332="Trap",IFERROR(INDEX('Shooter-Squad Assignment'!$A:$A,MATCH(C332&"-"&D332&"-"&E332&"-Pos1",'Shooter-Squad Assignment'!$V:$V,0)),""),IF(E332="Sporting Clays",IFERROR(INDEX('Shooter-Squad Assignment'!$A:$A,MATCH(C332&"-"&D332&"-"&E332&"-Pos1",'Shooter-Squad Assignment'!$Y:$Y,0)),""),""))) | G332: =IF(ISBLANK(F332),"",IFERROR(INDEX('Tournament List'!$D:$D,MATCH(F332,'Tournament List'!$A:$A,0)),"")) | H332: =IF(E332="Skeet",IFERROR(INDEX('Shooter-Squad Assignment'!$A:$A,MATCH(C332&"-"&D332&"-"&E332&"-Pos2",'Shooter-Squad Assignment'!#REF!,0)),""),IF(E332="Trap",IFERROR(INDEX('Shooter-Squad Assignment'!$A:$A,MATCH(C332&"-"&D332&"-"&E332&"-Pos2",'Shooter-Squad Assignment'!$V:$V,0)),""),IF(E332="Sporting Clays",IFERROR(INDEX('Shooter-Squad Assignment'!$A:$A,MATCH(C332&"-"&D332&"-"&E332&"-Pos2",'Shooter-Squad Assignment'!$Y:$Y,0)),""),""))) | I332: =IF(ISBLANK(H332),"",IFERROR(INDEX('Tournament List'!$D:$D,MATCH(H332,'Tournament List'!$A:$A,0)),"")) | J332: =IF(E332="Skeet",IFERROR(INDEX('Shooter-Squad Assignment'!$A:$A,MATCH(C332&"-"&D332&"-"&E332&"-Pos3",'Shooter-Squad Assignment'!#REF!,0)),""),IF(E332="Trap",IFERROR(INDEX('Shooter-Squad Assignment'!$A:$A,MATCH(C332&"-"&D332&"-"&E332&"-Pos3",'Shooter-Squad Assignment'!$V:$V,0)),""),IF(E332="Sporting Clays",IFERROR(INDEX('Shooter-Squad Assignment'!$A:$A,MATCH(C332&"-"&D332&"-"&E332&"-Pos3",'Shooter-Squad Assignment'!$Y:$Y,0)),""),""))) | K332: =IF(ISBLANK(J332),"",IFERROR(INDEX('Tournament List'!$D:$D,MATCH(J332,'Tournament List'!$A:$A,0)),"")) | L332: =IF(E332="Skeet",IFERROR(INDEX('Shooter-Squad Assignment'!$A:$A,MATCH(C332&"-"&D332&"-"&E332&"-Pos4",'Shooter-Squad Assignment'!#REF!,0)),""),IF(E332="Trap",IFERROR(INDEX('Shooter-Squad Assignment'!$A:$A,MATCH(C332&"-"&D332&"-"&E332&"-Pos4",'Shooter-Squad Assignment'!$V:$V,0)),""),IF(E332="Sporting Clays",IFERROR(INDEX('Shooter-Squad Assignment'!$A:$A,MATCH(C332&"-"&D332&"-"&E332&"-Pos4",'Shooter-Squad Assignment'!$Y:$Y,0)),""),""))) | M332: =IF(ISBLANK(L332),"",IFERROR(INDEX('Tournament List'!$D:$D,MATCH(L332,'Tournament List'!$A:$A,0)),"")) | N332: =IF(E332="Skeet",IFERROR(INDEX('Shooter-Squad Assignment'!$A:$A,MATCH(C332&"-"&D332&"-"&E332&"-Pos5",'Shooter-Squad Assignment'!#REF!,0)),""),IF(E332="Trap",IFERROR(INDEX('Shooter-Squad Assignment'!$A:$A,MATCH(C332&"-"&D332&"-"&E332&"-Pos5",'Shooter-Squad Assignment'!$V:$V,0)),""),IF(E332="Sporting Clays",IFERROR(INDEX('Shooter-Squad Assignment'!$A:$A,MATCH(C332&"-"&D332&"-"&E332&"-Pos5",'Shooter-Squad Assignment'!$Y:$Y,0)),""),""))) | O332: =IF(ISBLANK(N332),"",IFERROR(INDEX('Tournament List'!$D:$D,MATCH(N332,'Tournament List'!$A:$A,0)),""))
A333: 341 | B333: =C333&"-"&D333&"-"&E333 -> -Junior Varsity 2-Skeet | D333: Junior Varsity 2 | E333: Skeet | F333: =IF(E333="Skeet",IFERROR(INDEX('Shooter-Squad Assignment'!$A:$A,MATCH(C333&"-"&D333&"-"&E333&"-Pos1",'Shooter-Squad Assignment'!#REF!,0)),""),IF(E333="Trap",IFERROR(INDEX('Shooter-Squad Assignment'!$A:$A,MATCH(C333&"-"&D333&"-"&E333&"-Pos1",'Shooter-Squad Assignment'!$V:$V,0)),""),IF(E333="Sporting Clays",IFERROR(INDEX('Shooter-Squad Assignment'!$A:$A,MATCH(C333&"-"&D333&"-"&E333&"-Pos1",'Shooter-Squad Assignment'!$Y:$Y,0)),""),""))) | G333: =IF(ISBLANK(F333),"",IFERROR(INDEX('Tournament List'!$D:$D,MATCH(F333,'Tournament List'!$A:$A,0)),"")) | H333: =IF(E333="Skeet",IFERROR(INDEX('Shooter-Squad Assignment'!$A:$A,MATCH(C333&"-"&D333&"-"&E333&"-Pos2",'Shooter-Squad Assignment'!#REF!,0)),""),IF(E333="Trap",IFERROR(INDEX('Shooter-Squad Assignment'!$A:$A,MATCH(C333&"-"&D333&"-"&E333&"-Pos2",'Shooter-Squad Assignment'!$V:$V,0)),""),IF(E333="Sporting Clays",IFERROR(INDEX('Shooter-Squad Assignment'!$A:$A,MATCH(C333&"-"&D333&"-"&E333&"-Pos2",'Shooter-Squad Assignment'!$Y:$Y,0)),""),""))) | I333: =IF(ISBLANK(H333),"",IFERROR(INDEX('Tournament List'!$D:$D,MATCH(H333,'Tournament List'!$A:$A,0)),"")) | J333: =IF(E333="Skeet",IFERROR(INDEX('Shooter-Squad Assignment'!$A:$A,MATCH(C333&"-"&D333&"-"&E333&"-Pos3",'Shooter-Squad Assignment'!#REF!,0)),""),IF(E333="Trap",IFERROR(INDEX('Shooter-Squad Assignment'!$A:$A,MATCH(C333&"-"&D333&"-"&E333&"-Pos3",'Shooter-Squad Assignment'!$V:$V,0)),""),IF(E333="Sporting Clays",IFERROR(INDEX('Shooter-Squad Assignment'!$A:$A,MATCH(C333&"-"&D333&"-"&E333&"-Pos3",'Shooter-Squad Assignment'!$Y:$Y,0)),""),""))) | K333: =IF(ISBLANK(J333),"",IFERROR(INDEX('Tournament List'!$D:$D,MATCH(J333,'Tournament List'!$A:$A,0)),"")) | L333: =IF(E333="Skeet",IFERROR(INDEX('Shooter-Squad Assignment'!$A:$A,MATCH(C333&"-"&D333&"-"&E333&"-Pos4",'Shooter-Squad Assignment'!#REF!,0)),""),IF(E333="Trap",IFERROR(INDEX('Shooter-Squad Assignment'!$A:$A,MATCH(C333&"-"&D333&"-"&E333&"-Pos4",'Shooter-Squad Assignment'!$V:$V,0)),""),IF(E333="Sporting Clays",IFERROR(INDEX('Shooter-Squad Assignment'!$A:$A,MATCH(C333&"-"&D333&"-"&E333&"-Pos4",'Shooter-Squad Assignment'!$Y:$Y,0)),""),""))) | M333: =IF(ISBLANK(L333),"",IFERROR(INDEX('Tournament List'!$D:$D,MATCH(L333,'Tournament List'!$A:$A,0)),"")) | N333: =IF(E333="Skeet",IFERROR(INDEX('Shooter-Squad Assignment'!$A:$A,MATCH(C333&"-"&D333&"-"&E333&"-Pos5",'Shooter-Squad Assignment'!#REF!,0)),""),IF(E333="Trap",IFERROR(INDEX('Shooter-Squad Assignment'!$A:$A,MATCH(C333&"-"&D333&"-"&E333&"-Pos5",'Shooter-Squad Assignment'!$V:$V,0)),""),IF(E333="Sporting Clays",IFERROR(INDEX('Shooter-Squad Assignment'!$A:$A,MATCH(C333&"-"&D333&"-"&E333&"-Pos5",'Shooter-Squad Assignment'!$Y:$Y,0)),""),""))) | O333: =IF(ISBLANK(N333),"",IFERROR(INDEX('Tournament List'!$D:$D,MATCH(N333,'Tournament List'!$A:$A,0)),""))
A334: 342 | B334: =C334&"-"&D334&"-"&E334 -> -Junior Varsity 3-Skeet | D334: Junior Varsity 3 | E334: Skeet | F334: =IF(E334="Skeet",IFERROR(INDEX('Shooter-Squad Assignment'!$A:$A,MATCH(C334&"-"&D334&"-"&E334&"-Pos1",'Shooter-Squad Assignment'!#REF!,0)),""),IF(E334="Trap",IFERROR(INDEX('Shooter-Squad Assignment'!$A:$A,MATCH(C334&"-"&D334&"-"&E334&"-Pos1",'Shooter-Squad Assignment'!$V:$V,0)),""),IF(E334="Sporting Clays",IFERROR(INDEX('Shooter-Squad Assignment'!$A:$A,MATCH(C334&"-"&D334&"-"&E334&"-Pos1",'Shooter-Squad Assignment'!$Y:$Y,0)),""),""))) | G334: =IF(ISBLANK(F334),"",IFERROR(INDEX('Tournament List'!$D:$D,MATCH(F334,'Tournament List'!$A:$A,0)),"")) | H334: =IF(E334="Skeet",IFERROR(INDEX('Shooter-Squad Assignment'!$A:$A,MATCH(C334&"-"&D334&"-"&E334&"-Pos2",'Shooter-Squad Assignment'!#REF!,0)),""),IF(E334="Trap",IFERROR(INDEX('Shooter-Squad Assignment'!$A:$A,MATCH(C334&"-"&D334&"-"&E334&"-Pos2",'Shooter-Squad Assignment'!$V:$V,0)),""),IF(E334="Sporting Clays",IFERROR(INDEX('Shooter-Squad Assignment'!$A:$A,MATCH(C334&"-"&D334&"-"&E334&"-Pos2",'Shooter-Squad Assignment'!$Y:$Y,0)),""),""))) | I334: =IF(ISBLANK(H334),"",IFERROR(INDEX('Tournament List'!$D:$D,MATCH(H334,'Tournament List'!$A:$A,0)),"")) | J334: =IF(E334="Skeet",IFERROR(INDEX('Shooter-Squad Assignment'!$A:$A,MATCH(C334&"-"&D334&"-"&E334&"-Pos3",'Shooter-Squad Assignment'!#REF!,0)),""),IF(E334="Trap",IFERROR(INDEX('Shooter-Squad Assignment'!$A:$A,MATCH(C334&"-"&D334&"-"&E334&"-Pos3",'Shooter-Squad Assignment'!$V:$V,0)),""),IF(E334="Sporting Clays",IFERROR(INDEX('Shooter-Squad Assignment'!$A:$A,MATCH(C334&"-"&D334&"-"&E334&"-Pos3",'Shooter-Squad Assignment'!$Y:$Y,0)),""),""))) | K334: =IF(ISBLANK(J334),"",IFERROR(INDEX('Tournament List'!$D:$D,MATCH(J334,'Tournament List'!$A:$A,0)),"")) | L334: =IF(E334="Skeet",IFERROR(INDEX('Shooter-Squad Assignment'!$A:$A,MATCH(C334&"-"&D334&"-"&E334&"-Pos4",'Shooter-Squad Assignment'!#REF!,0)),""),IF(E334="Trap",IFERROR(INDEX('Shooter-Squad Assignment'!$A:$A,MATCH(C334&"-"&D334&"-"&E334&"-Pos4",'Shooter-Squad Assignment'!$V:$V,0)),""),IF(E334="Sporting Clays",IFERROR(INDEX('Shooter-Squad Assignment'!$A:$A,MATCH(C334&"-"&D334&"-"&E334&"-Pos4",'Shooter-Squad Assignment'!$Y:$Y,0)),""),""))) | M334: =IF(ISBLANK(L334),"",IFERROR(INDEX('Tournament List'!$D:$D,MATCH(L334,'Tournament List'!$A:$A,0)),"")) | N334: =IF(E334="Skeet",IFERROR(INDEX('Shooter-Squad Assignment'!$A:$A,MATCH(C334&"-"&D334&"-"&E334&"-Pos5",'Shooter-Squad Assignment'!#REF!,0)),""),IF(E334="Trap",IFERROR(INDEX('Shooter-Squad Assignment'!$A:$A,MATCH(C334&"-"&D334&"-"&E334&"-Pos5",'Shooter-Squad Assignment'!$V:$V,0)),""),IF(E334="Sporting Clays",IFERROR(INDEX('Shooter-Squad Assignment'!$A:$A,MATCH(C334&"-"&D334&"-"&E334&"-Pos5",'Shooter-Squad Assignment'!$Y:$Y,0)),""),""))) | O334: =IF(ISBLANK(N334),"",IFERROR(INDEX('Tournament List'!$D:$D,MATCH(N334,'Tournament List'!$A:$A,0)),""))
A335: 343 | B335: =C335&"-"&D335&"-"&E335 -> -Novice 1-Skeet | D335: Novice 1 | E335: Skeet | F335: =IF(E335="Skeet",IFERROR(INDEX('Shooter-Squad Assignment'!$A:$A,MATCH(C335&"-"&D335&"-"&E335&"-Pos1",'Shooter-Squad Assignment'!#REF!,0)),""),IF(E335="Trap",IFERROR(INDEX('Shooter-Squad Assignment'!$A:$A,MATCH(C335&"-"&D335&"-"&E335&"-Pos1",'Shooter-Squad Assignment'!$V:$V,0)),""),IF(E335="Sporting Clays",IFERROR(INDEX('Shooter-Squad Assignment'!$A:$A,MATCH(C335&"-"&D335&"-"&E335&"-Pos1",'Shooter-Squad Assignment'!$Y:$Y,0)),""),""))) | G335: =IF(ISBLANK(F335),"",IFERROR(INDEX('Tournament List'!$D:$D,MATCH(F335,'Tournament List'!$A:$A,0)),"")) | H335: =IF(E335="Skeet",IFERROR(INDEX('Shooter-Squad Assignment'!$A:$A,MATCH(C335&"-"&D335&"-"&E335&"-Pos2",'Shooter-Squad Assignment'!#REF!,0)),""),IF(E335="Trap",IFERROR(INDEX('Shooter-Squad Assignment'!$A:$A,MATCH(C335&"-"&D335&"-"&E335&"-Pos2",'Shooter-Squad Assignment'!$V:$V,0)),""),IF(E335="Sporting Clays",IFERROR(INDEX('Shooter-Squad Assignment'!$A:$A,MATCH(C335&"-"&D335&"-"&E335&"-Pos2",'Shooter-Squad Assignment'!$Y:$Y,0)),""),""))) | I335: =IF(ISBLANK(H335),"",IFERROR(INDEX('Tournament List'!$D:$D,MATCH(H335,'Tournament List'!$A:$A,0)),"")) | J335: =IF(E335="Skeet",IFERROR(INDEX('Shooter-Squad Assignment'!$A:$A,MATCH(C335&"-"&D335&"-"&E335&"-Pos3",'Shooter-Squad Assignment'!#REF!,0)),""),IF(E335="Trap",IFERROR(INDEX('Shooter-Squad Assignment'!$A:$A,MATCH(C335&"-"&D335&"-"&E335&"-Pos3",'Shooter-Squad Assignment'!$V:$V,0)),""),IF(E335="Sporting Clays",IFERROR(INDEX('Shooter-Squad Assignment'!$A:$A,MATCH(C335&"-"&D335&"-"&E335&"-Pos3",'Shooter-Squad Assignment'!$Y:$Y,0)),""),""))) | K335: =IF(ISBLANK(J335),"",IFERROR(INDEX('Tournament List'!$D:$D,MATCH(J335,'Tournament List'!$A:$A,0)),"")) | L335: =IF(E335="Skeet",IFERROR(INDEX('Shooter-Squad Assignment'!$A:$A,MATCH(C335&"-"&D335&"-"&E335&"-Pos4",'Shooter-Squad Assignment'!#REF!,0)),""),IF(E335="Trap",IFERROR(INDEX('Shooter-Squad Assignment'!$A:$A,MATCH(C335&"-"&D335&"-"&E335&"-Pos4",'Shooter-Squad Assignment'!$V:$V,0)),""),IF(E335="Sporting Clays",IFERROR(INDEX('Shooter-Squad Assignment'!$A:$A,MATCH(C335&"-"&D335&"-"&E335&"-Pos4",'Shooter-Squad Assignment'!$Y:$Y,0)),""),""))) | M335: =IF(ISBLANK(L335),"",IFERROR(INDEX('Tournament List'!$D:$D,MATCH(L335,'Tournament List'!$A:$A,0)),"")) | N335: =IF(E335="Skeet",IFERROR(INDEX('Shooter-Squad Assignment'!$A:$A,MATCH(C335&"-"&D335&"-"&E335&"-Pos5",'Shooter-Squad Assignment'!#REF!,0)),""),IF(E335="Trap",IFERROR(INDEX('Shooter-Squad Assignment'!$A:$A,MATCH(C335&"-"&D335&"-"&E335&"-Pos5",'Shooter-Squad Assignment'!$V:$V,0)),""),IF(E335="Sporting Clays",IFERROR(INDEX('Shooter-Squad Assignment'!$A:$A,MATCH(C335&"-"&D335&"-"&E335&"-Pos5",'Shooter-Squad Assignment'!$Y:$Y,0)),""),""))) | O335: =IF(ISBLANK(N335),"",IFERROR(INDEX('Tournament List'!$D:$D,MATCH(N335,'Tournament List'!$A:$A,0)),""))
A336: 344 | B336: =C336&"-"&D336&"-"&E336 -> -Novice 2-Skeet | D336: Novice 2 | E336: Skeet | F336: =IF(E336="Skeet",IFERROR(INDEX('Shooter-Squad Assignment'!$A:$A,MATCH(C336&"-"&D336&"-"&E336&"-Pos1",'Shooter-Squad Assignment'!#REF!,0)),""),IF(E336="Trap",IFERROR(INDEX('Shooter-Squad Assignment'!$A:$A,MATCH(C336&"-"&D336&"-"&E336&"-Pos1",'Shooter-Squad Assignment'!$V:$V,0)),""),IF(E336="Sporting Clays",IFERROR(INDEX('Shooter-Squad Assignment'!$A:$A,MATCH(C336&"-"&D336&"-"&E336&"-Pos1",'Shooter-Squad Assignment'!$Y:$Y,0)),""),""))) | G336: =IF(ISBLANK(F336),"",IFERROR(INDEX('Tournament List'!$D:$D,MATCH(F336,'Tournament List'!$A:$A,0)),"")) | H336: =IF(E336="Skeet",IFERROR(INDEX('Shooter-Squad Assignment'!$A:$A,MATCH(C336&"-"&D336&"-"&E336&"-Pos2",'Shooter-Squad Assignment'!#REF!,0)),""),IF(E336="Trap",IFERROR(INDEX('Shooter-Squad Assignment'!$A:$A,MATCH(C336&"-"&D336&"-"&E336&"-Pos2",'Shooter-Squad Assignment'!$V:$V,0)),""),IF(E336="Sporting Clays",IFERROR(INDEX('Shooter-Squad Assignment'!$A:$A,MATCH(C336&"-"&D336&"-"&E336&"-Pos2",'Shooter-Squad Assignment'!$Y:$Y,0)),""),""))) | I336: =IF(ISBLANK(H336),"",IFERROR(INDEX('Tournament List'!$D:$D,MATCH(H336,'Tournament List'!$A:$A,0)),"")) | J336: =IF(E336="Skeet",IFERROR(INDEX('Shooter-Squad Assignment'!$A:$A,MATCH(C336&"-"&D336&"-"&E336&"-Pos3",'Shooter-Squad Assignment'!#REF!,0)),""),IF(E336="Trap",IFERROR(INDEX('Shooter-Squad Assignment'!$A:$A,MATCH(C336&"-"&D336&"-"&E336&"-Pos3",'Shooter-Squad Assignment'!$V:$V,0)),""),IF(E336="Sporting Clays",IFERROR(INDEX('Shooter-Squad Assignment'!$A:$A,MATCH(C336&"-"&D336&"-"&E336&"-Pos3",'Shooter-Squad Assignment'!$Y:$Y,0)),""),""))) | K336: =IF(ISBLANK(J336),"",IFERROR(INDEX('Tournament List'!$D:$D,MATCH(J336,'Tournament List'!$A:$A,0)),"")) | L336: =IF(E336="Skeet",IFERROR(INDEX('Shooter-Squad Assignment'!$A:$A,MATCH(C336&"-"&D336&"-"&E336&"-Pos4",'Shooter-Squad Assignment'!#REF!,0)),""),IF(E336="Trap",IFERROR(INDEX('Shooter-Squad Assignment'!$A:$A,MATCH(C336&"-"&D336&"-"&E336&"-Pos4",'Shooter-Squad Assignment'!$V:$V,0)),""),IF(E336="Sporting Clays",IFERROR(INDEX('Shooter-Squad Assignment'!$A:$A,MATCH(C336&"-"&D336&"-"&E336&"-Pos4",'Shooter-Squad Assignment'!$Y:$Y,0)),""),""))) | M336: =IF(ISBLANK(L336),"",IFERROR(INDEX('Tournament List'!$D:$D,MATCH(L336,'Tournament List'!$A:$A,0)),"")) | N336: =IF(E336="Skeet",IFERROR(INDEX('Shooter-Squad Assignment'!$A:$A,MATCH(C336&"-"&D336&"-"&E336&"-Pos5",'Shooter-Squad Assignment'!#REF!,0)),""),IF(E336="Trap",IFERROR(INDEX('Shooter-Squad Assignment'!$A:$A,MATCH(C336&"-"&D336&"-"&E336&"-Pos5",'Shooter-Squad Assignment'!$V:$V,0)),""),IF(E336="Sporting Clays",IFERROR(INDEX('Shooter-Squad Assignment'!$A:$A,MATCH(C336&"-"&D336&"-"&E336&"-Pos5",'Shooter-Squad Assignment'!$Y:$Y,0)),""),""))) | O336: =IF(ISBLANK(N336),"",IFERROR(INDEX('Tournament List'!$D:$D,MATCH(N336,'Tournament List'!$A:$A,0)),""))
A337: 345 | B337: =C337&"-"&D337&"-"&E337 -> -Novice 3-Skeet | D337: Novice 3 | E337: Skeet | F337: =IF(E337="Skeet",IFERROR(INDEX('Shooter-Squad Assignment'!$A:$A,MATCH(C337&"-"&D337&"-"&E337&"-Pos1",'Shooter-Squad Assignment'!#REF!,0)),""),IF(E337="Trap",IFERROR(INDEX('Shooter-Squad Assignment'!$A:$A,MATCH(C337&"-"&D337&"-"&E337&"-Pos1",'Shooter-Squad Assignment'!$V:$V,0)),""),IF(E337="Sporting Clays",IFERROR(INDEX('Shooter-Squad Assignment'!$A:$A,MATCH(C337&"-"&D337&"-"&E337&"-Pos1",'Shooter-Squad Assignment'!$Y:$Y,0)),""),""))) | G337: =IF(ISBLANK(F337),"",IFERROR(INDEX('Tournament List'!$D:$D,MATCH(F337,'Tournament List'!$A:$A,0)),"")) | H337: =IF(E337="Skeet",IFERROR(INDEX('Shooter-Squad Assignment'!$A:$A,MATCH(C337&"-"&D337&"-"&E337&"-Pos2",'Shooter-Squad Assignment'!#REF!,0)),""),IF(E337="Trap",IFERROR(INDEX('Shooter-Squad Assignment'!$A:$A,MATCH(C337&"-"&D337&"-"&E337&"-Pos2",'Shooter-Squad Assignment'!$V:$V,0)),""),IF(E337="Sporting Clays",IFERROR(INDEX('Shooter-Squad Assignment'!$A:$A,MATCH(C337&"-"&D337&"-"&E337&"-Pos2",'Shooter-Squad Assignment'!$Y:$Y,0)),""),""))) | I337: =IF(ISBLANK(H337),"",IFERROR(INDEX('Tournament List'!$D:$D,MATCH(H337,'Tournament List'!$A:$A,0)),"")) | J337: =IF(E337="Skeet",IFERROR(INDEX('Shooter-Squad Assignment'!$A:$A,MATCH(C337&"-"&D337&"-"&E337&"-Pos3",'Shooter-Squad Assignment'!#REF!,0)),""),IF(E337="Trap",IFERROR(INDEX('Shooter-Squad Assignment'!$A:$A,MATCH(C337&"-"&D337&"-"&E337&"-Pos3",'Shooter-Squad Assignment'!$V:$V,0)),""),IF(E337="Sporting Clays",IFERROR(INDEX('Shooter-Squad Assignment'!$A:$A,MATCH(C337&"-"&D337&"-"&E337&"-Pos3",'Shooter-Squad Assignment'!$Y:$Y,0)),""),""))) | K337: =IF(ISBLANK(J337),"",IFERROR(INDEX('Tournament List'!$D:$D,MATCH(J337,'Tournament List'!$A:$A,0)),"")) | L337: =IF(E337="Skeet",IFERROR(INDEX('Shooter-Squad Assignment'!$A:$A,MATCH(C337&"-"&D337&"-"&E337&"-Pos4",'Shooter-Squad Assignment'!#REF!,0)),""),IF(E337="Trap",IFERROR(INDEX('Shooter-Squad Assignment'!$A:$A,MATCH(C337&"-"&D337&"-"&E337&"-Pos4",'Shooter-Squad Assignment'!$V:$V,0)),""),IF(E337="Sporting Clays",IFERROR(INDEX('Shooter-Squad Assignment'!$A:$A,MATCH(C337&"-"&D337&"-"&E337&"-Pos4",'Shooter-Squad Assignment'!$Y:$Y,0)),""),""))) | M337: =IF(ISBLANK(L337),"",IFERROR(INDEX('Tournament List'!$D:$D,MATCH(L337,'Tournament List'!$A:$A,0)),"")) | N337: =IF(E337="Skeet",IFERROR(INDEX('Shooter-Squad Assignment'!$A:$A,MATCH(C337&"-"&D337&"-"&E337&"-Pos5",'Shooter-Squad Assignment'!#REF!,0)),""),IF(E337="Trap",IFERROR(INDEX('Shooter-Squad Assignment'!$A:$A,MATCH(C337&"-"&D337&"-"&E337&"-Pos5",'Shooter-Squad Assignment'!$V:$V,0)),""),IF(E337="Sporting Clays",IFERROR(INDEX('Shooter-Squad Assignment'!$A:$A,MATCH(C337&"-"&D337&"-"&E337&"-Pos5",'Shooter-Squad Assignment'!$Y:$Y,0)),""),""))) | O337: =IF(ISBLANK(N337),"",IFERROR(INDEX('Tournament List'!$D:$D,MATCH(N337,'Tournament List'!$A:$A,0)),""))
... A595: 603 | B595: =C595&"-"&D595&"-"&E595 -> -Varsity 3-Sporting Clays | D595: Varsity 3 | E595: Sporting Clays | F595: =IF(E595="Skeet",IFERROR(INDEX('Shooter-Squad Assignment'!$A:$A,MATCH(C595&"-"&D595&"-"&E595&"-Pos1",'Shooter-Squad Assignment'!#REF!,0)),""),IF(E595="Trap",IFERROR(INDEX('Shooter-Squad Assignment'!$A:$A,MATCH(C595&"-"&D595&"-"&E595&"-Pos1",'Shooter-Squad Assignment'!$V:$V,0)),""),IF(E595="Sporting Clays",IFERROR(INDEX('Shooter-Squad Assignment'!$A:$A,MATCH(C595&"-"&D595&"-"&E595&"-Pos1",'Shooter-Squad Assignment'!$Y:$Y,0)),""),""))) | G595: =IF(ISBLANK(F595),"",IFERROR(INDEX('Tournament List'!$D:$D,MATCH(F595,'Tournament List'!$A:$A,0)),"")) | H595: =IF(E595="Skeet",IFERROR(INDEX('Shooter-Squad Assignment'!$A:$A,MATCH(C595&"-"&D595&"-"&E595&"-Pos2",'Shooter-Squad Assignment'!#REF!,0)),""),IF(E595="Trap",IFERROR(INDEX('Shooter-Squad Assignment'!$A:$A,MATCH(C595&"-"&D595&"-"&E595&"-Pos2",'Shooter-Squad Assignment'!$V:$V,0)),""),IF(E595="Sporting Clays",IFERROR(INDEX('Shooter-Squad Assignment'!$A:$A,MATCH(C595&"-"&D595&"-"&E595&"-Pos2",'Shooter-Squad Assignment'!$Y:$Y,0)),""),""))) | I595: =IF(ISBLANK(H595),"",IFERROR(INDEX('Tournament List'!$D:$D,MATCH(H595,'Tournament List'!$A:$A,0)),"")) | J595: =IF(E595="Skeet",IFERROR(INDEX('Shooter-Squad Assignment'!$A:$A,MATCH(C595&"-"&D595&"-"&E595&"-Pos3",'Shooter-Squad Assignment'!#REF!,0)),""),IF(E595="Trap",IFERROR(INDEX('Shooter-Squad Assignment'!$A:$A,MATCH(C595&"-"&D595&"-"&E595&"-Pos3",'Shooter-Squad Assignment'!$V:$V,0)),""),IF(E595="Sporting Clays",IFERROR(INDEX('Shooter-Squad Assignment'!$A:$A,MATCH(C595&"-"&D595&"-"&E595&"-Pos3",'Shooter-Squad Assignment'!$Y:$Y,0)),""),""))) | K595: =IF(ISBLANK(J595),"",IFERROR(INDEX('Tournament List'!$D:$D,MATCH(J595,'Tournament List'!$A:$A,0)),"")) | L595: =IF(E595="Skeet",IFERROR(INDEX('Shooter-Squad Assignment'!$A:$A,MATCH(C595&"-"&D595&"-"&E595&"-Pos4",'Shooter-Squad Assignment'!#REF!,0)),""),IF(E595="Trap",IFERROR(INDEX('Shooter-Squad Assignment'!$A:$A,MATCH(C595&"-"&D595&"-"&E595&"-Pos4",'Shooter-Squad Assignment'!$V:$V,0)),""),IF(E595="Sporting Clays",IFERROR(INDEX('Shooter-Squad Assignment'!$A:$A,MATCH(C595&"-"&D595&"-"&E595&"-Pos4",'Shooter-Squad Assignment'!$Y:$Y,0)),""),""))) | M595: =IF(ISBLANK(L595),"",IFERROR(INDEX('Tournament List'!$D:$D,MATCH(L595,'Tournament List'!$A:$A,0)),"")) | N595: =IF(E595="Skeet",IFERROR(INDEX('Shooter-Squad Assignment'!$A:$A,MATCH(C595&"-"&D595&"-"&E595&"-Pos5",'Shooter-Squad Assignment'!#REF!,0)),""),IF(E595="Trap",IFERROR(INDEX('Shooter-Squad Assignment'!$A:$A,MATCH(C595&"-"&D595&"-"&E595&"-Pos5",'Shooter-Squad Assignment'!$V:$V,0)),""),IF(E595="Sporting Clays",IFERROR(INDEX('Shooter-Squad Assignment'!$A:$A,MATCH(C595&"-"&D595&"-"&E595&"-Pos5",'Shooter-Squad Assignment'!$Y:$Y,0)),""),""))) | O595: =IF(ISBLANK(N595),"",IFERROR(INDEX('Tournament List'!$D:$D,MATCH(N595,'Tournament List'!$A:$A,0)),""))

Sheet Shooter History
A1: Date | B1: Shooter ID | C1: First Name | D1: Last Name | E1: Skeet | F1: Trap | G1: Sporting Clays | H1: Skeet Class | I1: Trap Class | J1: Sporting Class

Sheet Tournament List
O1: Skeet Squad Assignment | W1: Skeet | AK1: Trap Squad Assignment | AN1: Trap Scores | AX1: Sporting Squad Assignment | BA1: Sporting Clays
A2: Shooter ID | B2: First Name | C2: Last Name | D2: Full Name | E2: Birthdate | F2: Sex | G2: Skeet Event | H2: Trap Event | I2: Sporting Event | J2: Total Amount | K2: Paid | L2: Shooting Team | M2: Age Concurrent | N2: X | O2: Skeet Squad # | P2: Squad Pos | Q2: Captain | R2: Skeet Squad | S2: Squad Concurrent | T2: Team Score | U2: Ind Score | V2: Team Tie Breaker | W2: Shooting Class | X2: Shooting Average | Y2: Individual Rank | Z2: Total Ind Score | AA2: Ind Tie Breaker | AB2: Round 1 | AC2: Round 2 | AD2: Round 3 | AE2: Round 4 | AF2: HAA Place | AG2: Concurrent Place | AH2: Class Place | AI2: Team Place | AJ2: X | AK2: Trap Squad # | AL2: Trap Squad | AM2: Trap Concurrent | AN2: Shooting Class | AO2: Shooting Average | AP2: Individual Rank | AQ2: Total Score | AR2: Ind Tie Breaker | AS2: Round 1 | AT2: Round 2 | AU2: Round 3 | AV2: Round 4 | AW2: X | AX2: Sporting Squad # | AY2: Sporting Squad | AZ2: Sporting Concurrent | BA2: Shooting Class | BB2: Shooting Average | BC2: Individual Rank | BD2: Total | BE2: Ind Tie Breaker | BF2: Station 1 | BG2: Station 2 | BH2: Station 3 | BI2: Station 4 | BJ2: Station 5 | BK2: Station 6 | BL2: Station 7 | BM2: Station 8 | BN2: Station 9 | BO2: Station 10 | BP2: Station 11 | BQ2: Station 12 | BR2: Station 13 | BS2: Station 14 | BT2: Station 15 | BU2: Station 16 | BV2: Station 17 | BW2: Station 18 | BX2: Station 19 | BY2: Station 20 | BZ2: X
A3: 24-1010 | B3: Bill | C3: Last Name11 | D3: =B3&" "&C3 -> Bill Last Name11 | F3: M | G3: Y | H3: Y | I3: Y | J3: =IF(G3="Y",'Tournament Setup'!$C$2,0)+IF(H3="Y",'Tournament Setup'!$C$3,0)+IF(I3="Y",'Tournament Setup'!$C$4,0) -> 120 | L3: Brighton Clay Crushers | M3: Junior Varsity | O3: =IFERROR(IF(INDEX('Shooter-Squad Assignment'!$T:$T,MATCH($A3,'Shooter-Squad Assignment'!$A:$A,0))="","",INDEX('Shooter-Squad Assignment'!$T:$T,MATCH($A3,'Shooter-Squad Assignment'!$A:$A,0))),"") -> 232 | P3: =IFERROR(IF(INDEX('Shooter-Squad Assignment'!$U:$U,MATCH($A3,'Shooter-Squad Assignment'!$A:$A,0))="","",INDEX('Shooter-Squad Assignment'!$U:$U,MATCH($A3,'Shooter-Squad Assignment'!$A:$A,0))),"") -> 232-2 | Q3: =IFERROR(IF(INDEX('Shooter-Squad Assignment'!$I:$I,MATCH($A3,'Shooter-Squad Assignment'!$A:$A,0))="","",IF(INDEX('Shooter-Squad Assignment'!$I:$I,MATCH($A3,'Shooter-Squad Assignment'!$A:$A,0))=1,O3&"-"&1,"")),"") | R3: =IF(ISBLANK($O3),"",IFERROR(INDEX('Squad Listing'!$C:$C,MATCH($O3,'Squad Listing'!$A:$A,0)),"")) -> Brighton Clay Crushers | S3: =IF(ISBLANK($O3),"",IFERROR(INDEX('Squad Listing'!$D:$D,MATCH($O3,'Squad Listing'!$A:$A,0)),"")) -> Junior Varsity 1 | T3: =IF(Q3<>"",SUMIFS(U:U,O:O,O3)+V3,"") | U3: =IF(SUM(AB3:AE3)>0,SUM(AB3:AE3),"") -> 98 | W3: B | Y3: =IF(_xlfn.NUMBERVALUE(Z3)>0,_xlfn.RANK.EQ(Z3,$Z$3:$Z$250,0),"") -> 1 | Z3: =IF(SUM(AB3:AE3)>0,SUM(AA3:AE3),"") -> 98 | AB3: 25 | AC3: 24 | AD3: 24 | AE3: 25 | AK3: =IFERROR(IF(INDEX('Shooter-Squad Assignment'!$X:$X,MATCH($A3,'Shooter-Squad Assignment'!$A:$A,0))="","",INDEX('Shooter-Squad Assignment'!$X:$X,MATCH($A3,'Shooter-Squad Assignment'!$A:$A,0))),"") | AL3: =IF(ISBLANK($AK3),"",IFERROR(INDEX('Squad Listing'!$C:$C,MATCH($AK3,'Squad Listing'!$A:$A,0)),"")) | AM3: =IF(ISBLANK($AK3),"",IFERROR(INDEX('Squad Listing'!$D:$D,MATCH($AK3,'Squad Listing'!$A:$A,0)),"")) | AN3: B | AP3: =IF(_xlfn.NUMBERVALUE(AQ3)>0,_xlfn.RANK.EQ(AQ3,$AQ$3:$AQ$250,0),"") | AQ3: =IF(SUM(AS3:AV3)>0,SUM(AR3:AV3),"") | AX3: =IFERROR(IF(INDEX('Shooter-Squad Assignment'!$AA:$AA,MATCH($A3,'Shooter-Squad Assignment'!$A:$A,0))="","",INDEX('Shooter-Squad Assignment'!$AA:$AA,MATCH($A3,'Shooter-Squad Assignment'!$A:$A,0))),"") | AY3: =IF(ISBLANK($AX3),"",IFERROR(INDEX('Squad Listing'!$C:$C,MATCH($AX3,'Squad Listing'!$A:$A,0)),"")) | AZ3: =IF(ISBLANK($AX3),"",IFERROR(INDEX('Squad Listing'!$D:$D,MATCH($AX3,'Squad Listing'!$A:$A,0)),"")) | BA3: B | BC3: =IF(_xlfn.NUMBERVALUE(BD3)>0,_xlfn.RANK.EQ(BD3,$BD$3:$BD$250,0),"") | BD3: =IF(SUM(BF3:BY3)>0,SUM(BE3:BY3),"")
A4: 24-1022 | B4: Tom | C4: Last Name23 | D4: =B4&" "&C4 -> Tom Last Name23 | F4: M | G4: Y | H4: Y | I4: Y | J4: =IF(G4="Y",'Tournament Setup'!$C$2,0)+IF(H4="Y",'Tournament Setup'!$C$3,0)+IF(I4="Y",'Tournament Setup'!$C$4,0) -> 120 | L4: Brighton Clay Crushers | M4: Junior Varsity | O4: =IFERROR(IF(INDEX('Shooter-Squad Assignment'!$T:$T,MATCH($A4,'Shooter-Squad Assignment'!$A:$A,0))="","",INDEX('Shooter-Squad Assignment'!$T:$T,MATCH($A4,'Shooter-Squad Assignment'!$A:$A,0))),"") -> 232 | P4: =IFERROR(IF(INDEX('Shooter-Squad Assignment'!$U:$U,MATCH($A4,'Shooter-Squad Assignment'!$A:$A,0))="","",INDEX('Shooter-Squad Assignment'!$U:$U,MATCH($A4,'Shooter-Squad Assignment'!$A:$A,0))),"") -> 232-1 | Q4: =IFERROR(IF(INDEX('Shooter-Squad Assignment'!$I:$I,MATCH($A4,'Shooter-Squad Assignment'!$A:$A,0))="","",IF(INDEX('Shooter-Squad Assignment'!$I:$I,MATCH($A4,'Shooter-Squad Assignment'!$A:$A,0))=1,O4&"-"&1,"")),"") -> 232-1 | R4: =IF(ISBLANK($O4),"",IFERROR(INDEX('Squad Listing'!$C:$C,MATCH($O4,'Squad Listing'!$A:$A,0)),"")) -> Brighton Clay Crushers | S4: =IF(ISBLANK($O4),"",IFERROR(INDEX('Squad Listing'!$D:$D,MATCH($O4,'Squad Listing'!$A:$A,0)),"")) -> Junior Varsity 1 | T4: =IF(Q4<>"",SUMIFS(U:U,O:O,O4)+V4,"") -> 239 | U4: =IF(SUM(AB4:AE4)>0,SUM(AB4:AE4),"") -> 61 | W4: C | Y4: =IF(_xlfn.NUMBERVALUE(Z4)>0,_xlfn.RANK.EQ(Z4,$Z$3:$Z$250,0),"") -> 34 | Z4: =IF(SUM(AB4:AE4)>0,SUM(AA4:AE4),"") -> 61 | AB4: 20 | AC4: 12 | AD4: 14 | AE4: 15 | AK4: =IFERROR(IF(INDEX('Shooter-Squad Assignment'!$X:$X,MATCH($A4,'Shooter-Squad Assignment'!$A:$A,0))="","",INDEX('Shooter-Squad Assignment'!$X:$X,MATCH($A4,'Shooter-Squad Assignment'!$A:$A,0))),"") | AL4: =IF(ISBLANK($AK4),"",IFERROR(INDEX('Squad Listing'!$C:$C,MATCH($AK4,'Squad Listing'!$A:$A,0)),"")) | AM4: =IF(ISBLANK($AK4),"",IFERROR(INDEX('Squad Listing'!$D:$D,MATCH($AK4,'Squad Listing'!$A:$A,0)),"")) | AN4: C | AP4: =IF(_xlfn.NUMBERVALUE(AQ4)>0,_xlfn.RANK.EQ(AQ4,$AQ$3:$AQ$250,0),"") | AQ4: =IF(SUM(AS4:AV4)>0,SUM(AR4:AV4),"") | AX4: =IFERROR(IF(INDEX('Shooter-Squad Assignment'!$AA:$AA,MATCH($A4,'Shooter-Squad Assignment'!$A:$A,0))="","",INDEX('Shooter-Squad Assignment'!$AA:$AA,MATCH($A4,'Shooter-Squad Assignment'!$A:$A,0))),"") | AY4: =IF(ISBLANK($AX4),"",IFERROR(INDEX('Squad Listing'!$C:$C,MATCH($AX4,'Squad Listing'!$A:$A,0)),"")) | AZ4: =IF(ISBLANK($AX4),"",IFERROR(INDEX('Squad Listing'!$D:$D,MATCH($AX4,'Squad Listing'!$A:$A,0)),"")) | BA4: C | BC4: =IF(_xlfn.NUMBERVALUE(BD4)>0,_xlfn.RANK.EQ(BD4,$BD$3:$BD$250,0),"") | BD4: =IF(SUM(BF4:BY4)>0,SUM(BE4:BY4),"")
A5: 24-1028 | B5: Alan | C5: Last Name29 | D5: =B5&" "&C5 -> Alan Last Name29 | F5: M | G5: Y | H5: Y | I5: Y | J5: =IF(G5="Y",'Tournament Setup'!$C$2,0)+IF(H5="Y",'Tournament Setup'!$C$3,0)+IF(I5="Y",'Tournament Setup'!$C$4,0) -> 120 | L5: Brighton Clay Crushers | M5: Junior Varsity | O5: =IFERROR(IF(INDEX('Shooter-Squad Assignment'!$T:$T,MATCH($A5,'Shooter-Squad Assignment'!$A:$A,0))="","",INDEX('Shooter-Squad Assignment'!$T:$T,MATCH($A5,'Shooter-Squad Assignment'!$A:$A,0))),"") -> 232 | P5: =IFERROR(IF(INDEX('Shooter-Squad Assignment'!$U:$U,MATCH($A5,'Shooter-Squad Assignment'!$A:$A,0))="","",INDEX('Shooter-Squad Assignment'!$U:$U,MATCH($A5,'Shooter-Squad Assignment'!$A:$A,0))),"") -> 232-3 | Q5: =IFERROR(IF(INDEX('Shooter-Squad Assignment'!$I:$I,MATCH($A5,'Shooter-Squad Assignment'!$A:$A,0))="","",IF(INDEX('Shooter-Squad Assignment'!$I:$I,MATCH($A5,'Shooter-Squad Assignment'!$A:$A,0))=1,O5&"-"&1,"")),"") | R5: =IF(ISBLANK($O5),"",IFERROR(INDEX('Squad Listing'!$C:$C,MATCH($O5,'Squad Listing'!$A:$A,0)),"")) -> Brighton Clay Crushers | S5: =IF(ISBLANK($O5),"",IFERROR(INDEX('Squad Listing'!$D:$D,MATCH($O5,'Squad Listing'!$A:$A,0)),"")) -> Junior Varsity 1 | T5: =IF(Q5<>"",SUMIFS(U:U,O:O,O5)+V5,"") | U5: =IF(SUM(AB5:AE5)>0,SUM(AB5:AE5),"") -> 80 | W5: A | Y5: =IF(_xlfn.NUMBERVALUE(Z5)>0,_xlfn.RANK.EQ(Z5,$Z$3:$Z$250,0),"") -> 18 | Z5: =IF(SUM(AB5:AE5)>0,SUM(AA5:AE5),"") -> 80 | AB5: 18 | AC5: 20 | AD5: 22 | AE5: 20 | AK5: =IFERROR(IF(INDEX('Shooter-Squad Assignment'!$X:$X,MATCH($A5,'Shooter-Squad Assignment'!$A:$A,0))="","",INDEX('Shooter-Squad Assignment'!$X:$X,MATCH($A5,'Shooter-Squad Assignment'!$A:$A,0))),"") | AL5: =IF(ISBLANK($AK5),"",IFERROR(INDEX('Squad Listing'!$C:$C,MATCH($AK5,'Squad Listing'!$A:$A,0)),"")) | AM5: =IF(ISBLANK($AK5),"",IFERROR(INDEX('Squad Listing'!$D:$D,MATCH($AK5,'Squad Listing'!$A:$A,0)),"")) | AP5: =IF(_xlfn.NUMBERVALUE(AQ5)>0,_xlfn.RANK.EQ(AQ5,$AQ$3:$AQ$250,0),"") | AQ5: =IF(SUM(AS5:AV5)>0,SUM(AR5:AV5),"") | AX5: =IFERROR(IF(INDEX('Shooter-Squad Assignment'!$AA:$AA,MATCH($A5,'Shooter-Squad Assignment'!$A:$A,0))="","",INDEX('Shooter-Squad Assignment'!$AA:$AA,MATCH($A5,'Shooter-Squad Assignment'!$A:$A,0))),"") | AY5: =IF(ISBLANK($AX5),"",IFERROR(INDEX('Squad Listing'!$C:$C,MATCH($AX5,'Squad Listing'!$A:$A,0)),"")) | AZ5: =IF(ISBLANK($AX5),"",IFERROR(INDEX('Squad Listing'!$D:$D,MATCH($AX5,'Squad Listing'!$A:$A,0)),"")) | BC5: =IF(_xlfn.NUMBERVALUE(BD5)>0,_xlfn.RANK.EQ(BD5,$BD$3:$BD$250,0),"") | BD5: =IF(SUM(BF5:BY5)>0,SUM(BE5:BY5),"")
A6: 24-1016 | B6: Joan | C6: Last Name17 | D6: =B6&" "&C6 -> Joan Last Name17 | F6: F | G6: Y | H6: Y | I6: Y | J6: =IF(G6="Y",'Tournament Setup'!$C$2,0)+IF(H6="Y",'Tournament Setup'!$C$3,0)+IF(I6="Y",'Tournament Setup'!$C$4,0) -> 120 | L6: Brighton Clay Crushers | M6: Novice | O6: =IFERROR(IF(INDEX('Shooter-Squad Assignment'!$T:$T,MATCH($A6,'Shooter-Squad Assignment'!$A:$A,0))="","",INDEX('Shooter-Squad Assignment'!$T:$T,MATCH($A6,'Shooter-Squad Assignment'!$A:$A,0))),"") -> 235 | P6: =IFERROR(IF(INDEX('Shooter-Squad Assignment'!$U:$U,MATCH($A6,'Shooter-Squad Assignment'!$A:$A,0))="","",INDEX('Shooter-Squad Assignment'!$U:$U,MATCH($A6,'Shooter-Squad Assignment'!$A:$A,0))),"") -> 235-1 | Q6: =IFERROR(IF(INDEX('Shooter-Squad Assignment'!$I:$I,MATCH($A6,'Shooter-Squad Assignment'!$A:$A,0))="","",IF(INDEX('Shooter-Squad Assignment'!$I:$I,MATCH($A6,'Shooter-Squad Assignment'!$A:$A,0))=1,O6&"-"&1,"")),"") -> 235-1 | R6: =IF(ISBLANK($O6),"",IFERROR(INDEX('Squad Listing'!$C:$C,MATCH($O6,'Squad Listing'!$A:$A,0)),"")) -> Brighton Clay Crushers | S6: =IF(ISBLANK($O6),"",IFERROR(INDEX('Squad Listing'!$D:$D,MATCH($O6,'Squad Listing'!$A:$A,0)),"")) -> Novice 1 | T6: =IF(Q6<>"",SUMIFS(U:U,O:O,O6)+V6,"") -> 220 | U6: =IF(SUM(AB6:AE6)>0,SUM(AB6:AE6),"") -> 60 | W6: D | Y6: =IF(_xlfn.NUMBERVALUE(Z6)>0,_xlfn.RANK.EQ(Z6,$Z$3:$Z$250,0),"") -> 35 | Z6: =IF(SUM(AB6:AE6)>0,SUM(AA6:AE6),"") -> 60 | AB6: 13 | AC6: 16 | AD6: 14 | AE6: 17 | AK6: =IFERROR(IF(INDEX('Shooter-Squad Assignment'!$X:$X,MATCH($A6,'Shooter-Squad Assignment'!$A:$A,0))="","",INDEX('Shooter-Squad Assignment'!$X:$X,MATCH($A6,'Shooter-Squad Assignment'!$A:$A,0))),"") | AL6: =IF(ISBLANK($AK6),"",IFERROR(INDEX('Squad Listing'!$C:$C,MATCH($AK6,'Squad Listing'!$A:$A,0)),"")) | AM6: =IF(ISBLANK($AK6),"",IFERROR(INDEX('Squad Listing'!$D:$D,MATCH($AK6,'Squad Listing'!$A:$A,0)),"")) | AN6: D | AP6: =IF(_xlfn.NUMBERVALUE(AQ6)>0,_xlfn.RANK.EQ(AQ6,$AQ$3:$AQ$250,0),"") | AQ6: =IF(SUM(AS6:AV6)>0,SUM(AR6:AV6),"") | AX6: =IFERROR(IF(INDEX('Shooter-Squad Assignment'!$AA:$AA,MATCH($A6,'Shooter-Squad Assignment'!$A:$A,0))="","",INDEX('Shooter-Squad Assignment'!$AA:$AA,MATCH($A6,'Shooter-Squad Assignment'!$A:$A,0))),"") | AY6: =IF(ISBLANK($AX6),"",IFERROR(INDEX('Squad Listing'!$C:$C,MATCH($AX6,'Squad Listing'!$A:$A,0)),"")) | AZ6: =IF(ISBLANK($AX6),"",IFERROR(INDEX('Squad Listing'!$D:$D,MATCH($AX6,'Squad Listing'!$A:$A,0)),"")) | BA6: D | BC6: =IF(_xlfn.NUMBERVALUE(BD6)>0,_xlfn.RANK.EQ(BD6,$BD$3:$BD$250,0),"") | BD6: =IF(SUM(BF6:BY6)>0,SUM(BE6:BY6),"")
A7: 24-1034 | B7: Patricia | C7: Last Name35 | D7: =B7&" "&C7 -> Patricia Last Name35 | F7: F | G7: Y | H7: Y | I7: Y | J7: =IF(G7="Y",'Tournament Setup'!$C$2,0)+IF(H7="Y",'Tournament Setup'!$C$3,0)+IF(I7="Y",'Tournament Setup'!$C$4,0) -> 120 | L7: Brighton Clay Crushers | M7: Novice | O7: =IFERROR(IF(INDEX('Shooter-Squad Assignment'!$T:$T,MATCH($A7,'Shooter-Squad Assignment'!$A:$A,0))="","",INDEX('Shooter-Squad Assignment'!$T:$T,MATCH($A7,'Shooter-Squad Assignment'!$A:$A,0))),"") -> 235 | P7: =IFERROR(IF(INDEX('Shooter-Squad Assignment'!$U:$U,MATCH($A7,'Shooter-Squad Assignment'!$A:$A,0))="","",INDEX('Shooter-Squad Assignment'!$U:$U,MATCH($A7,'Shooter-Squad Assignment'!$A:$A,0))),"") -> 235-2 | Q7: =IFERROR(IF(INDEX('Shooter-Squad Assignment'!$I:$I,MATCH($A7,'Shooter-Squad Assignment'!$A:$A,0))="","",IF(INDEX('Shooter-Squad Assignment'!$I:$I,MATCH($A7,'Shooter-Squad Assignment'!$A:$A,0))=1,O7&"-"&1,"")),"") | R7: =IF(ISBLANK($O7),"",IFERROR(INDEX('Squad Listing'!$C:$C,MATCH($O7,'Squad Listing'!$A:$A,0)),"")) -> Brighton Clay Crushers | S7: =IF(ISBLANK($O7),"",IFERROR(INDEX('Squad Listing'!$D:$D,MATCH($O7,'Squad Listing'!$A:$A,0)),"")) -> Novice 1 | T7: =IF(Q7<>"",SUMIFS(U:U,O:O,O7)+V7,"") | U7: =IF(SUM(AB7:AE7)>0,SUM(AB7:AE7),"") -> 95 | W7: A | Y7: =IF(_xlfn.NUMBERVALUE(Z7)>0,_xlfn.RANK.EQ(Z7,$Z$3:$Z$250,0),"") -> 4 | Z7: =IF(SUM(AB7:AE7)>0,SUM(AA7:AE7),"") -> 95 | AB7: 25 | AC7: 25 | AD7: 23 | AE7: 22 | AK7: =IFERROR(IF(INDEX('Shooter-Squad Assignment'!$X:$X,MATCH($A7,'Shooter-Squad Assignment'!$A:$A,0))="","",INDEX('Shooter-Squad Assignment'!$X:$X,MATCH($A7,'Shooter-Squad Assignment'!$A:$A,0))),"") | AL7: =IF(ISBLANK($AK7),"",IFERROR(INDEX('Squad Listing'!$C:$C,MATCH($AK7,'Squad Listing'!$A:$A,0)),"")) | AM7: =IF(ISBLANK($AK7),"",IFERROR(INDEX('Squad Listing'!$D:$D,MATCH($AK7,'Squad Listing'!$A:$A,0)),"")) | AP7: =IF(_xlfn.NUMBERVALUE(AQ7)>0,_xlfn.RANK.EQ(AQ7,$AQ$3:$AQ$250,0),"") | AQ7: =IF(SUM(AS7:AV7)>0,SUM(AR7:AV7),"") | AX7: =IFERROR(IF(INDEX('Shooter-Squad Assignment'!$AA:$AA,MATCH($A7,'Shooter-Squad Assignment'!$A:$A,0))="","",INDEX('Shooter-Squad Assignment'!$AA:$AA,MATCH($A7,'Shooter-Squad Assignment'!$A:$A,0))),"") | AY7: =IF(ISBLANK($AX7),"",IFERROR(INDEX('Squad Listing'!$C:$C,MATCH($AX7,'Squad Listing'!$A:$A,0)),"")) | AZ7: =IF(ISBLANK($AX7),"",IFERROR(INDEX('Squad Listing'!$D:$D,MATCH($AX7,'Squad Listing'!$A:$A,0)),"")) | BC7: =IF(_xlfn.NUMBERVALUE(BD7)>0,_xlfn.RANK.EQ(BD7,$BD$3:$BD$250,0),"") | BD7: =IF(SUM(BF7:BY7)>0,SUM(BE7:BY7),"")
A8: 24-1046 | B8: Rick | C8: Last Name47 | D8: =B8&" "&C8 -> Rick Last Name47 | F8: M | G8: Y | H8: Y | I8: Y | J8: =IF(G8="Y",'Tournament Setup'!$C$2,0)+IF(H8="Y",'Tournament Setup'!$C$3,0)+IF(I8="Y",'Tournament Setup'!$C$4,0) -> 120 | L8: Brighton Clay Crushers | M8: Novice | O8: =IFERROR(IF(INDEX('Shooter-Squad Assignment'!$T:$T,MATCH($A8,'Shooter-Squad Assignment'!$A:$A,0))="","",INDEX('Shooter-Squad Assignment'!$T:$T,MATCH($A8,'Shooter-Squad Assignment'!$A:$A,0))),"") -> 235 | P8: =IFERROR(IF(INDEX('Shooter-Squad Assignment'!$U:$U,MATCH($A8,'Shooter-Squad Assignment'!$A:$A,0))="","",INDEX('Shooter-Squad Assignment'!$U:$U,MATCH($A8,'Shooter-Squad Assignment'!$A:$A,0))),"") -> 235-3 | Q8: =IFERROR(IF(INDEX('Shooter-Squad Assignment'!$I:$I,MATCH($A8,'Shooter-Squad Assignment'!$A:$A,0))="","",IF(INDEX('Shooter-Squad Assignment'!$I:$I,MATCH($A8,'Shooter-Squad Assignment'!$A:$A,0))=1,O8&"-"&1,"")),"") | R8: =IF(ISBLANK($O8),"",IFERROR(INDEX('Squad Listing'!$C:$C,MATCH($O8,'Squad Listing'!$A:$A,0)),"")) -> Brighton Clay Crushers | S8: =IF(ISBLANK($O8),"",IFERROR(INDEX('Squad Listing'!$D:$D,MATCH($O8,'Squad Listing'!$A:$A,0)),"")) -> Novice 1 | T8: =IF(Q8<>"",SUMIFS(U:U,O:O,O8)+V8,"") | U8: =IF(SUM(AB8:AE8)>0,SUM(AB8:AE8),"") -> 65 | W8: A | Y8: =IF(_xlfn.NUMBERVALUE(Z8)>0,_xlfn.RANK.EQ(Z8,$Z$3:$Z$250,0),"") -> 29 | Z8: =IF(SUM(AB8:AE8)>0,SUM(AA8:AE8),"") -> 65 | AB8: 15 | AC8: 17 | AD8: 18 | AE8: 15 | AK8: =IFERROR(IF(INDEX('Shooter-Squad Assignment'!$X:$X,MATCH($A8,'Shooter-Squad Assignment'!$A:$A,0))="","",INDEX('Shooter-Squad Assignment'!$X:$X,MATCH($A8,'Shooter-Squad Assignment'!$A:$A,0))),"") | AL8: =IF(ISBLANK($AK8),"",IFERROR(INDEX('Squad Listing'!$C:$C,MATCH($AK8,'Squad Listing'!$A:$A,0)),"")) | AM8: =IF(ISBLANK($AK8),"",IFERROR(INDEX('Squad Listing'!$D:$D,MATCH($AK8,'Squad Listing'!$A:$A,0)),"")) | AP8: =IF(_xlfn.NUMBERVALUE(AQ8)>0,_xlfn.RANK.EQ(AQ8,$AQ$3:$AQ$250,0),"") | AQ8: =IF(SUM(AS8:AV8)>0,SUM(AR8:AV8),"") | AX8: =IFERROR(IF(INDEX('Shooter-Squad Assignment'!$AA:$AA,MATCH($A8,'Shooter-Squad Assignment'!$A:$A,0))="","",INDEX('Shooter-Squad Assignment'!$AA:$AA,MATCH($A8,'Shooter-Squad Assignment'!$A:$A,0))),"") | AY8: =IF(ISBLANK($AX8),"",IFERROR(INDEX('Squad Listing'!$C:$C,MATCH($AX8,'Squad Listing'!$A:$A,0)),"")) | AZ8: =IF(ISBLANK($AX8),"",IFERROR(INDEX('Squad Listing'!$D:$D,MATCH($AX8,'Squad Listing'!$A:$A,0)),"")) | BC8: =IF(_xlfn.NUMBERVALUE(BD8)>0,_xlfn.RANK.EQ(BD8,$BD$3:$BD$250,0),"") | BD8: =IF(SUM(BF8:BY8)>0,SUM(BE8:BY8),"")
A9: 24-1004 | B9: Matt | C9: Last Name5 | D9: =B9&" "&C9 -> Matt Last Name5 | F9: M | G9: Y | H9: Y | I9: Y | J9: =IF(G9="Y",'Tournament Setup'!$C$2,0)+IF(H9="Y",'Tournament Setup'!$C$3,0)+IF(I9="Y",'Tournament Setup'!$C$4,0) -> 120 | L9: Brighton Clay Crushers | M9: Varsity | O9: =IFERROR(IF(INDEX('Shooter-Squad Assignment'!$T:$T,MATCH($A9,'Shooter-Squad Assignment'!$A:$A,0))="","",INDEX('Shooter-Squad Assignment'!$T:$T,MATCH($A9,'Shooter-Squad Assignment'!$A:$A,0))),"") | P9: =IFERROR(IF(INDEX('Shooter-Squad Assignment'!$U:$U,MATCH($A9,'Shooter-Squad Assignment'!$A:$A,0))="","",INDEX('Shooter-Squad Assignment'!$U:$U,MATCH($A9,'Shooter-Squad Assignment'!$A:$A,0))),"") | Q9: =IFERROR(IF(INDEX('Shooter-Squad Assignment'!$I:$I,MATCH($A9,'Shooter-Squad Assignment'!$A:$A,0))="","",IF(INDEX('Shooter-Squad Assignment'!$I:$I,MATCH($A9,'Shooter-Squad Assignment'!$A:$A,0))=1,O9&"-"&1,"")),"") | R9: =IF(ISBLANK($O9),"",IFERROR(INDEX('Squad Listing'!$C:$C,MATCH($O9,'Squad Listing'!$A:$A,0)),"")) | S9: =IF(ISBLANK($O9),"",IFERROR(INDEX('Squad Listing'!$D:$D,MATCH($O9,'Squad Listing'!$A:$A,0)),"")) | T9: =IF(Q9<>"",SUMIFS(U:U,O:O,O9)+V9,"") | U9: =IF(SUM(AB9:AE9)>0,SUM(AB9:AE9),"") -> 89 | W9: A | Y9: =IF(_xlfn.NUMBERVALUE(Z9)>0,_xlfn.RANK.EQ(Z9,$Z$3:$Z$250,0),"") -> 9 | Z9: =IF(SUM(AB9:AE9)>0,SUM(AA9:AE9),"") -> 89 | AB9: 22 | AC9: 23 | AD9: 23 | AE9: 21 | AK9: =IFERROR(IF(INDEX('Shooter-Squad Assignment'!$X:$X,MATCH($A9,'Shooter-Squad Assignment'!$A:$A,0))="","",INDEX('Shooter-Squad Assignment'!$X:$X,MATCH($A9,'Shooter-Squad Assignment'!$A:$A,0))),"") | AL9: =IF(ISBLANK($AK9),"",IFERROR(INDEX('Squad Listing'!$C:$C,MATCH($AK9,'Squad Listing'!$A:$A,0)),"")) | AM9: =IF(ISBLANK($AK9),"",IFERROR(INDEX('Squad Listing'!$D:$D,MATCH($AK9,'Squad Listing'!$A:$A,0)),"")) | AN9: A | AP9: =IF(_xlfn.NUMBERVALUE(AQ9)>0,_xlfn.RANK.EQ(AQ9,$AQ$3:$AQ$250,0),"") | AQ9: =IF(SUM(AS9:AV9)>0,SUM(AR9:AV9),"") | AX9: =IFERROR(IF(INDEX('Shooter-Squad Assignment'!$AA:$AA,MATCH($A9,'Shooter-Squad Assignment'!$A:$A,0))="","",INDEX('Shooter-Squad Assignment'!$AA:$AA,MATCH($A9,'Shooter-Squad Assignment'!$A:$A,0))),"") | AY9: =IF(ISBLANK($AX9),"",IFERROR(INDEX('Squad Listing'!$C:$C,MATCH($AX9,'Squad Listing'!$A:$A,0)),"")) | AZ9: =IF(ISBLANK($AX9),"",IFERROR(INDEX('Squad Listing'!$D:$D,MATCH($AX9,'Squad Listing'!$A:$A,0)),"")) | BA9: A | BC9: =IF(_xlfn.NUMBERVALUE(BD9)>0,_xlfn.RANK.EQ(BD9,$BD$3:$BD$250,0),"") | BD9: =IF(SUM(BF9:BY9)>0,SUM(BE9:BY9),"")
A10: 24-1040 | B10: Trey | C10: Last Name41 | D10: =B10&" "&C10 -> Trey Last Name41 | F10: M | G10: Y | H10: Y | I10: Y | J10: =IF(G10="Y",'Tournament Setup'!$C$2,0)+IF(H10="Y",'Tournament Setup'!$C$3,0)+IF(I10="Y",'Tournament Setup'!$C$4,0) -> 120 | L10: Brighton Clay Crushers | M10: Varsity | O10: =IFERROR(IF(INDEX('Shooter-Squad Assignment'!$T:$T,MATCH($A10,'Shooter-Squad Assignment'!$A:$A,0))="","",INDEX('Shooter-Squad Assignment'!$T:$T,MATCH($A10,'Shooter-Squad Assignment'!$A:$A,0))),"") | P10: =IFERROR(IF(INDEX('Shooter-Squad Assignment'!$U:$U,MATCH($A10,'Shooter-Squad Assignment'!$A:$A,0))="","",INDEX('Shooter-Squad Assignment'!$U:$U,MATCH($A10,'Shooter-Squad Assignment'!$A:$A,0))),"") | Q10: =IFERROR(IF(INDEX('Shooter-Squad Assignment'!$I:$I,MATCH($A10,'Shooter-Squad Assignment'!$A:$A,0))="","",IF(INDEX('Shooter-Squad Assignment'!$I:$I,MATCH($A10,'Shooter-Squad Assignment'!$A:$A,0))=1,O10&"-"&1,"")),"") | R10: =IF(ISBLANK($O10),"",IFERROR(INDEX('Squad Listing'!$C:$C,MATCH($O10,'Squad Listing'!$A:$A,0)),"")) | S10: =IF(ISBLANK($O10),"",IFERROR(INDEX('Squad Listing'!$D:$D,MATCH($O10,'Squad Listing'!$A:$A,0)),"")) | T10: =IF(Q10<>"",SUMIFS(U:U,O:O,O10)+V10,"") | U10: =IF(SUM(AB10:AE10)>0,SUM(AB10:AE10),"") -> 84 | W10: C | Y10: =IF(_xlfn.NUMBERVALUE(Z10)>0,_xlfn.RANK.EQ(Z10,$Z$3:$Z$250,0),"") -> 15 | Z10: =IF(SUM(AB10:AE10)>0,SUM(AA10:AE10),"") -> 84 | AB10: 21 | AC10: 20 | AD10: 22 | AE10: 21 | AK10: =IFERROR(IF(INDEX('Shooter-Squad Assignment'!$X:$X,MATCH($A10,'Shooter-Squad Assignment'!$A:$A,0))="","",INDEX('Shooter-Squad Assignment'!$X:$X,MATCH($A10,'Shooter-Squad Assignment'!$A:$A,0))),"") | AL10: =IF(ISBLANK($AK10),"",IFERROR(INDEX('Squad Listing'!$C:$C,MATCH($AK10,'Squad Listing'!$A:$A,0)),"")) | AM10: =IF(ISBLANK($AK10),"",IFERROR(INDEX('Squad Listing'!$D:$D,MATCH($AK10,'Squad Listing'!$A:$A,0)),"")) | AP10: =IF(_xlfn.NUMBERVALUE(AQ10)>0,_xlfn.RANK.EQ(AQ10,$AQ$3:$AQ$250,0),"") | AQ10: =IF(SUM(AS10:AV10)>0,SUM(AR10:AV10),"") | AX10: =IFERROR(IF(INDEX('Shooter-Squad Assignment'!$AA:$AA,MATCH($A10,'Shooter-Squad Assignment'!$A:$A,0))="","",INDEX('Shooter-Squad Assignment'!$AA:$AA,MATCH($A10,'Shooter-Squad Assignment'!$A:$A,0))),"") | AY10: =IF(ISBLANK($AX10),"",IFERROR(INDEX('Squad Listing'!$C:$C,MATCH($AX10,'Squad Listing'!$A:$A,0)),"")) | AZ10: =IF(ISBLANK($AX10),"",IFERROR(INDEX('Squad Listing'!$D:$D,MATCH($AX10,'Squad Listing'!$A:$A,0)),"")) | BC10: =IF(_xlfn.NUMBERVALUE(BD10)>0,_xlfn.RANK.EQ(BD10,$BD$3:$BD$250,0),"") | BD10: =IF(SUM(BF10:BY10)>0,SUM(BE10:BY10),"")
A11: 24-1009 | B11: Christy | C11: Last Name10 | D11: =B11&" "&C11 -> Christy Last Name10 | F11: F | G11: Y | H11: Y | I11: Y | J11: =IF(G11="Y",'Tournament Setup'!$C$2,0)+IF(H11="Y",'Tournament Setup'!$C$3,0)+IF(I11="Y",'Tournament Setup'!$C$4,0) -> 120 | L11: Forge Christian Shooting Team | M11: Intermediate | O11: =IFERROR(IF(INDEX('Shooter-Squad Assignment'!$T:$T,MATCH($A11,'Shooter-Squad Assignment'!$A:$A,0))="","",INDEX('Shooter-Squad Assignment'!$T:$T,MATCH($A11,'Shooter-Squad Assignment'!$A:$A,0))),"") -> 175 | P11: =IFERROR(IF(INDEX('Shooter-Squad Assignment'!$U:$U,MATCH($A11,'Shooter-Squad Assignment'!$A:$A,0))="","",INDEX('Shooter-Squad Assignment'!$U:$U,MATCH($A11,'Shooter-Squad Assignment'!$A:$A,0))),"") -> 175-1 | Q11: =IFERROR(IF(INDEX('Shooter-Squad Assignment'!$I:$I,MATCH($A11,'Shooter-Squad Assignment'!$A:$A,0))="","",IF(INDEX('Shooter-Squad Assignment'!$I:$I,MATCH($A11,'Shooter-Squad Assignment'!$A:$A,0))=1,O11&"-"&1,"")),"") -> 175-1 | R11: =IF(ISBLANK($O11),"",IFERROR(INDEX('Squad Listing'!$C:$C,MATCH($O11,'Squad Listing'!$A:$A,0)),"")) -> Forge Christian Shooting Team | S11: =IF(ISBLANK($O11),"",IFERROR(INDEX('Squad Listing'!$D:$D,MATCH($O11,'Squad Listing'!$A:$A,0)),"")) -> Intermediate 1 | T11: =IF(Q11<>"",SUMIFS(U:U,O:O,O11)+V11,"") -> 231 | U11: =IF(SUM(AB11:AE11)>0,SUM(AB11:AE11),"") -> 93 | W11: B | Y11: =IF(_xlfn.NUMBERVALUE(Z11)>0,_xlfn.RANK.EQ(Z11,$Z$3:$Z$250,0),"") -> 5 | Z11: =IF(SUM(AB11:AE11)>0,SUM(AA11:AE11),"") -> 93 | AB11: 23 | AC11: 23 | AD11: 25 | AE11: 22 | AK11: =IFERROR(IF(INDEX('Shooter-Squad Assignment'!$X:$X,MATCH($A11,'Shooter-Squad Assignment'!$A:$A,0))="","",INDEX('Shooter-Squad Assignment'!$X:$X,MATCH($A11,'Shooter-Squad Assignment'!$A:$A,0))),"") | AL11: =IF(ISBLANK($AK11),"",IFERROR(INDEX('Squad Listing'!$C:$C,MATCH($AK11,'Squad Listing'!$A:$A,0)),"")) | AM11: =IF(ISBLANK($AK11),"",IFERROR(INDEX('Squad Listing'!$D:$D,MATCH($AK11,'Squad Listing'!$A:$A,0)),"")) | AN11: B | AP11: =IF(_xlfn.NUMBERVALUE(AQ11)>0,_xlfn.RANK.EQ(AQ11,$AQ$3:$AQ$250,0),"") | AQ11: =IF(SUM(AS11:AV11)>0,SUM(AR11:AV11),"") | AX11: =IFERROR(IF(INDEX('Shooter-Squad Assignment'!$AA:$AA,MATCH($A11,'Shooter-Squad Assignment'!$A:$A,0))="","",INDEX('Shooter-Squad Assignment'!$AA:$AA,MATCH($A11,'Shooter-Squad Assignment'!$A:$A,0))),"") | AY11: =IF(ISBLANK($AX11),"",IFERROR(INDEX('Squad Listing'!$C:$C,MATCH($AX11,'Squad Listing'!$A:$A,0)),"")) | AZ11: =IF(ISBLANK($AX11),"",IFERROR(INDEX('Squad Listing'!$D:$D,MATCH($AX11,'Squad Listing'!$A:$A,0)),"")) | BA11: B | BC11: =IF(_xlfn.NUMBERVALUE(BD11)>0,_xlfn.RANK.EQ(BD11,$BD$3:$BD$250,0),"") | BD11: =IF(SUM(BF11:BY11)>0,SUM(BE11:BY11),"")
A12: 24-1021 | B12: Steve | C12: Last Name22 | D12: =B12&" "&C12 -> Steve Last Name22 | F12: M | G12: Y | H12: Y | I12: Y | J12: =IF(G12="Y",'Tournament Setup'!$C$2,0)+IF(H12="Y",'Tournament Setup'!$C$3,0)+IF(I12="Y",'Tournament Setup'!$C$4,0) -> 120 | L12: Forge Christian Shooting Team | M12: Intermediate | O12: =IFERROR(IF(INDEX('Shooter-Squad Assignment'!$T:$T,MATCH($A12,'Shooter-Squad Assignment'!$A:$A,0))="","",INDEX('Shooter-Squad Assignment'!$T:$T,MATCH($A12,'Shooter-Squad Assignment'!$A:$A,0))),"") -> 175 | P12: =IFERROR(IF(INDEX('Shooter-Squad Assignment'!$U:$U,MATCH($A12,'Shooter-Squad Assignment'!$A:$A,0))="","",INDEX('Shooter-Squad Assignment'!$U:$U,MATCH($A12,'Shooter-Squad Assignment'!$A:$A,0))),"") -> 175-2 | Q12: =IFERROR(IF(INDEX('Shooter-Squad Assignment'!$I:$I,MATCH($A12,'Shooter-Squad Assignment'!$A:$A,0))="","",IF(INDEX('Shooter-Squad Assignment'!$I:$I,MATCH($A12,'Shooter-Squad Assignment'!$A:$A,0))=1,O12&"-"&1,"")),"") | R12: =IF(ISBLANK($O12),"",IFERROR(INDEX('Squad Listing'!$C:$C,MATCH($O12,'Squad Listing'!$A:$A,0)),"")) -> Forge Christian Shooting Team | S12: =IF(ISBLANK($O12),"",IFERROR(INDEX('Squad Listing'!$D:$D,MATCH($O12,'Squad Listing'!$A:$A,0)),"")) -> Intermediate 1 | T12: =IF(Q12<>"",SUMIFS(U:U,O:O,O12)+V12,"") | U12: =IF(SUM(AB12:AE12)>0,SUM(AB12:AE12),"") -> 70 | W12: C | Y12: =IF(_xlfn.NUMBERVALUE(Z12)>0,_xlfn.RANK.EQ(Z12,$Z$3:$Z$250,0),"") -> 26 | Z12: =IF(SUM(AB12:AE12)>0,SUM(AA12:AE12),"") -> 70 | AB12: 21 | AC12: 20 | AD12: 15 | AE12: 14 | AK12: =IFERROR(IF(INDEX('Shooter-Squad Assignment'!$X:$X,MATCH($A12,'Shooter-Squad Assignment'!$A:$A,0))="","",INDEX('Shooter-Squad Assignment'!$X:$X,MATCH($A12,'Shooter-Squad Assignment'!$A:$A,0))),"") | AL12: =IF(ISBLANK($AK12),"",IFERROR(INDEX('Squad Listing'!$C:$C,MATCH($AK12,'Squad Listing'!$A:$A,0)),"")) | AM12: =IF(ISBLANK($AK12),"",IFERROR(INDEX('Squad Listing'!$D:$D,MATCH($AK12,'Squad Listing'!$A:$A,0)),"")) | AN12: C | AP12: =IF(_xlfn.NUMBERVALUE(AQ12)>0,_xlfn.RANK.EQ(AQ12,$AQ$3:$AQ$250,0),"") | AQ12: =IF(SUM(AS12:AV12)>0,SUM(AR12:AV12),"") | AX12: =IFERROR(IF(INDEX('Shooter-Squad Assignment'!$AA:$AA,MATCH($A12,'Shooter-Squad Assignment'!$A:$A,0))="","",INDEX('Shooter-Squad Assignment'!$AA:$AA,MATCH($A12,'Shooter-Squad Assignment'!$A:$A,0))),"") | AY12: =IF(ISBLANK($AX12),"",IFERROR(INDEX('Squad Listing'!$C:$C,MATCH($AX12,'Squad Listing'!$A:$A,0)),"")) | AZ12: =IF(ISBLANK($AX12),"",IFERROR(INDEX('Squad Listing'!$D:$D,MATCH($AX12,'Squad Listing'!$A:$A,0)),"")) | BA12: C | BC12: =IF(_xlfn.NUMBERVALUE(BD12)>0,_xlfn.RANK.EQ(BD12,$BD$3:$BD$250,0),"") | BD12: =IF(SUM(BF12:BY12)>0,SUM(BE12:BY12),"")
A13: 24-1033 | B13: Marty | C13: Last Name34 | D13: =B13&" "&C13 -> Marty Last Name34 | F13: M | G13: Y | H13: Y | I13: Y | J13: =IF(G13="Y",'Tournament Setup'!$C$2,0)+IF(H13="Y",'Tournament Setup'!$C$3,0)+IF(I13="Y",'Tournament Setup'!$C$4,0) -> 120 | L13: Forge Christian Shooting Team | M13: Intermediate | O13: =IFERROR(IF(INDEX('Shooter-Squad Assignment'!$T:$T,MATCH($A13,'Shooter-Squad Assignment'!$A:$A,0))="","",INDEX('Shooter-Squad Assignment'!$T:$T,MATCH($A13,'Shooter-Squad Assignment'!$A:$A,0))),"") -> 175 | P13: =IFERROR(IF(INDEX('Shooter-Squad Assignment'!$U:$U,MATCH($A13,'Shooter-Squad Assignment'!$A:$A,0))="","",INDEX('Shooter-Squad Assignment'!$U:$U,MATCH($A13,'Shooter-Squad Assignment'!$A:$A,0))),"") -> 175-3 | Q13: =IFERROR(IF(INDEX('Shooter-Squad Assignment'!$I:$I,MATCH($A13,'Shooter-Squad Assignment'!$A:$A,0))="","",IF(INDEX('Shooter-Squad Assignment'!$I:$I,MATCH($A13,'Shooter-Squad Assignment'!$A:$A,0))=1,O13&"-"&1,"")),"") | R13: =IF(ISBLANK($O13),"",IFERROR(INDEX('Squad Listing'!$C:$C,MATCH($O13,'Squad Listing'!$A:$A,0)),"")) -> Forge Christian Shooting Team | S13: =IF(ISBLANK($O13),"",IFERROR(INDEX('Squad Listing'!$D:$D,MATCH($O13,'Squad Listing'!$A:$A,0)),"")) -> Intermediate 1 | T13: =IF(Q13<>"",SUMIFS(U:U,O:O,O13)+V13,"") | U13: =IF(SUM(AB13:AE13)>0,SUM(AB13:AE13),"") -> 68 | W13: A | Y13: =IF(_xlfn.NUMBERVALUE(Z13)>0,_xlfn.RANK.EQ(Z13,$Z$3:$Z$250,0),"") -> 28 | Z13: =IF(SUM(AB13:AE13)>0,SUM(AA13:AE13),"") -> 68 | AB13: 15 | AC13: 15 | AD13: 18 | AE13: 20 | AK13: =IFERROR(IF(INDEX('Shooter-Squad Assignment'!$X:$X,MATCH($A13,'Shooter-Squad Assignment'!$A:$A,0))="","",INDEX('Shooter-Squad Assignment'!$X:$X,MATCH($A13,'Shooter-Squad Assignment'!$A:$A,0))),"") | AL13: =IF(ISBLANK($AK13),"",IFERROR(INDEX('Squad Listing'!$C:$C,MATCH($AK13,'Squad Listing'!$A:$A,0)),"")) | AM13: =IF(ISBLANK($AK13),"",IFERROR(INDEX('Squad Listing'!$D:$D,MATCH($AK13,'Squad Listing'!$A:$A,0)),"")) | AP13: =IF(_xlfn.NUMBERVALUE(AQ13)>0,_xlfn.RANK.EQ(AQ13,$AQ$3:$AQ$250,0),"") | AQ13: =IF(SUM(AS13:AV13)>0,SUM(AR13:AV13),"") | AX13: =IFERROR(IF(INDEX('Shooter-Squad Assignment'!$AA:$AA,MATCH($A13,'Shooter-Squad Assignment'!$A:$A,0))="","",INDEX('Shooter-Squad Assignment'!$AA:$AA,MATCH($A13,'Shooter-Squad Assignment'!$A:$A,0))),"") | AY13: =IF(ISBLANK($AX13),"",IFERROR(INDEX('Squad Listing'!$C:$C,MATCH($AX13,'Squad Listing'!$A:$A,0)),"")) | AZ13: =IF(ISBLANK($AX13),"",IFERROR(INDEX('Squad Listing'!$D:$D,MATCH($AX13,'Squad Listing'!$A:$A,0)),"")) | BC13: =IF(_xlfn.NUMBERVALUE(BD13)>0,_xlfn.RANK.EQ(BD13,$BD$3:$BD$250,0),"") | BD13: =IF(SUM(BF13:BY13)>0,SUM(BE13:BY13),"")
A14: 24-1003 | B14: Susan | C14: Last Name4 | D14: =B14&" "&C14 -> Susan Last Name4 | F14: F | G14: Y | H14: Y | I14: Y | J14: =IF(G14="Y",'Tournament Setup'!$C$2,0)+IF(H14="Y",'Tournament Setup'!$C$3,0)+IF(I14="Y",'Tournament Setup'!$C$4,0) -> 120 | L14: Forge Christian Shooting Team | M14: Varsity | O14: =IFERROR(IF(INDEX('Shooter-Squad Assignment'!$T:$T,MATCH($A14,'Shooter-Squad Assignment'!$A:$A,0))="","",INDEX('Shooter-Squad Assignment'!$T:$T,MATCH($A14,'Shooter-Squad Assignment'!$A:$A,0))),"") | P14: =IFERROR(IF(INDEX('Shooter-Squad Assignment'!$U:$U,MATCH($A14,'Shooter-Squad Assignment'!$A:$A,0))="","",INDEX('Shooter-Squad Assignment'!$U:$U,MATCH($A14,'Shooter-Squad Assignment'!$A:$A,0))),"") | Q14: =IFERROR(IF(INDEX('Shooter-Squad Assignment'!$I:$I,MATCH($A14,'Shooter-Squad Assignment'!$A:$A,0))="","",IF(INDEX('Shooter-Squad Assignment'!$I:$I,MATCH($A14,'Shooter-Squad Assignment'!$A:$A,0))=1,O14&"-"&1,"")),"") | R14: =IF(ISBLANK($O14),"",IFERROR(INDEX('Squad Listing'!$C:$C,MATCH($O14,'Squad Listing'!$A:$A,0)),"")) | S14: =IF(ISBLANK($O14),"",IFERROR(INDEX('Squad Listing'!$D:$D,MATCH($O14,'Squad Listing'!$A:$A,0)),"")) | T14: =IF(Q14<>"",SUMIFS(U:U,O:O,O14)+V14,"") | U14: =IF(SUM(AB14:AE14)>0,SUM(AB14:AE14),"") -> 82 | W14: A | Y14: =IF(_xlfn.NUMBERVALUE(Z14)>0,_xlfn.RANK.EQ(Z14,$Z$3:$Z$250,0),"") -> 16 | Z14: =IF(SUM(AB14:AE14)>0,SUM(AA14:AE14),"") -> 82 | AB14: 20 | AC14: 21 | AD14: 22 | AE14: 19 | AK14: =IFERROR(IF(INDEX('Shooter-Squad Assignment'!$X:$X,MATCH($A14,'Shooter-Squad Assignment'!$A:$A,0))="","",INDEX('Shooter-Squad Assignment'!$X:$X,MATCH($A14,'Shooter-Squad Assignment'!$A:$A,0))),"") | AL14: =IF(ISBLANK($AK14),"",IFERROR(INDEX('Squad Listing'!$C:$C,MATCH($AK14,'Squad Listing'!$A:$A,0)),"")) | AM14: =IF(ISBLANK($AK14),"",IFERROR(INDEX('Squad Listing'!$D:$D,MATCH($AK14,'Squad Listing'!$A:$A,0)),"")) | AN14: A | AP14: =IF(_xlfn.NUMBERVALUE(AQ14)>0,_xlfn.RANK.EQ(AQ14,$AQ$3:$AQ$250,0),"") | AQ14: =IF(SUM(AS14:AV14)>0,SUM(AR14:AV14),"") | AX14: =IFERROR(IF(INDEX('Shooter-Squad Assignment'!$AA:$AA,MATCH($A14,'Shooter-Squad Assignment'!$A:$A,0))="","",INDEX('Shooter-Squad Assignment'!$AA:$AA,MATCH($A14,'Shooter-Squad Assignment'!$A:$A,0))),"") | AY14: =IF(ISBLANK($AX14),"",IFERROR(INDEX('Squad Listing'!$C:$C,MATCH($AX14,'Squad Listing'!$A:$A,0)),"")) | AZ14: =IF(ISBLANK($AX14),"",IFERROR(INDEX('Squad Listing'!$D:$D,MATCH($AX14,'Squad Listing'!$A:$A,0)),"")) | BA14: A | BC14: =IF(_xlfn.NUMBERVALUE(BD14)>0,_xlfn.RANK.EQ(BD14,$BD$3:$BD$250,0),"") | BD14: =IF(SUM(BF14:BY14)>0,SUM(BE14:BY14),"")
A15: 24-1015 | B15: Paul | C15: Last Name16 | D15: =B15&" "&C15 -> Paul Last Name16 | F15: M | G15: Y | H15: Y | I15: Y | J15: =IF(G15="Y",'Tournament Setup'!$C$2,0)+IF(H15="Y",'Tournament Setup'!$C$3,0)+IF(I15="Y",'Tournament Setup'!$C$4,0) -> 120 | L15: Forge Christian Shooting Team | M15: Varsity | O15: =IFERROR(IF(INDEX('Shooter-Squad Assignment'!$T:$T,MATCH($A15,'Shooter-Squad Assignment'!$A:$A,0))="","",INDEX('Shooter-Squad Assignment'!$T:$T,MATCH($A15,'Shooter-Squad Assignment'!$A:$A,0))),"") | P15: =IFERROR(IF(INDEX('Shooter-Squad Assignment'!$U:$U,MATCH($A15,'Shooter-Squad Assignment'!$A:$A,0))="","",INDEX('Shooter-Squad Assignment'!$U:$U,MATCH($A15,'Shooter-Squad Assignment'!$A:$A,0))),"") | Q15: =IFERROR(IF(INDEX('Shooter-Squad Assignment'!$I:$I,MATCH($A15,'Shooter-Squad Assignment'!$A:$A,0))="","",IF(INDEX('Shooter-Squad Assignment'!$I:$I,MATCH($A15,'Shooter-Squad Assignment'!$A:$A,0))=1,O15&"-"&1,"")),"") | R15: =IF(ISBLANK($O15),"",IFERROR(INDEX('Squad Listing'!$C:$C,MATCH($O15,'Squad Listing'!$A:$A,0)),"")) | S15: =IF(ISBLANK($O15),"",IFERROR(INDEX('Squad Listing'!$D:$D,MATCH($O15,'Squad Listing'!$A:$A,0)),"")) | T15: =IF(Q15<>"",SUMIFS(U:U,O:O,O15)+V15,"") | U15: =IF(SUM(AB15:AE15)>0,SUM(AB15:AE15),"") -> 42 | W15: D | Y15: =IF(_xlfn.NUMBERVALUE(Z15)>0,_xlfn.RANK.EQ(Z15,$Z$3:$Z$250,0),"") -> 45 | Z15: =IF(SUM(AB15:AE15)>0,SUM(AA15:AE15),"") -> 42 | AB15: 9 | AC15: 10 | AD15: 12 | AE15: 11 | AK15: =IFERROR(IF(INDEX('Shooter-Squad Assignment'!$X:$X,MATCH($A15,'Shooter-Squad Assignment'!$A:$A,0))="","",INDEX('Shooter-Squad Assignment'!$X:$X,MATCH($A15,'Shooter-Squad Assignment'!$A:$A,0))),"") | AL15: =IF(ISBLANK($AK15),"",IFERROR(INDEX('Squad Listing'!$C:$C,MATCH($AK15,'Squad Listing'!$A:$A,0)),"")) | AM15: =IF(ISBLANK($AK15),"",IFERROR(INDEX('Squad Listing'!$D:$D,MATCH($AK15,'Squad Listing'!$A:$A,0)),"")) | AN15: D | AP15: =IF(_xlfn.NUMBERVALUE(AQ15)>0,_xlfn.RANK.EQ(AQ15,$AQ$3:$AQ$250,0),"") | AQ15: =IF(SUM(AS15:AV15)>0,SUM(AR15:AV15),"") | AX15: =IFERROR(IF(INDEX('Shooter-Squad Assignment'!$AA:$AA,MATCH($A15,'Shooter-Squad Assignment'!$A:$A,0))="","",INDEX('Shooter-Squad Assignment'!$AA:$AA,MATCH($A15,'Shooter-Squad Assignment'!$A:$A,0))),"") | AY15: =IF(ISBLANK($AX15),"",IFERROR(INDEX('Squad Listing'!$C:$C,MATCH($AX15,'Squad Listing'!$A:$A,0)),"")) | AZ15: =IF(ISBLANK($AX15),"",IFERROR(INDEX('Squad Listing'!$D:$D,MATCH($AX15,'Squad Listing'!$A:$A,0)),"")) | BA15: D | BC15: =IF(_xlfn.NUMBERVALUE(BD15)>0,_xlfn.RANK.EQ(BD15,$BD$3:$BD$250,0),"") | BD15: =IF(SUM(BF15:BY15)>0,SUM(BE15:BY15),"")
A16: 24-1027 | B16: Brad | C16: Last Name28 | D16: =B16&" "&C16 -> Brad Last Name28 | F16: M | G16: Y | H16: Y | I16: Y | J16: =IF(G16="Y",'Tournament Setup'!$C$2,0)+IF(H16="Y",'Tournament Setup'!$C$3,0)+IF(I16="Y",'Tournament Setup'!$C$4,0) -> 120 | L16: Forge Christian Shooting Team | M16: Varsity | O16: =IFERROR(IF(INDEX('Shooter-Squad Assignment'!$T:$T,MATCH($A16,'Shooter-Squad Assignment'!$A:$A,0))="","",INDEX('Shooter-Squad Assignment'!$T:$T,MATCH($A16,'Shooter-Squad Assignment'!$A:$A,0))),"") -> 187 | P16: =IFERROR(IF(INDEX('Shooter-Squad Assignment'!$U:$U,MATCH($A16,'Shooter-Squad Assignment'!$A:$A,0))="","",INDEX('Shooter-Squad Assignment'!$U:$U,MATCH($A16,'Shooter-Squad Assignment'!$A:$A,0))),"") -> 187-2 | Q16: =IFERROR(IF(INDEX('Shooter-Squad Assignment'!$I:$I,MATCH($A16,'Shooter-Squad Assignment'!$A:$A,0))="","",IF(INDEX('Shooter-Squad Assignment'!$I:$I,MATCH($A16,'Shooter-Squad Assignment'!$A:$A,0))=1,O16&"-"&1,"")),"") | R16: =IF(ISBLANK($O16),"",IFERROR(INDEX('Squad Listing'!$C:$C,MATCH($O16,'Squad Listing'!$A:$A,0)),"")) -> Forge Christian Shooting Team | S16: =IF(ISBLANK($O16),"",IFERROR(INDEX('Squad Listing'!$D:$D,MATCH($O16,'Squad Listing'!$A:$A,0)),"")) -> Varsity 1 | T16: =IF(Q16<>"",SUMIFS(U:U,O:O,O16)+V16,"") | U16: =IF(SUM(AB16:AE16)>0,SUM(AB16:AE16),"") -> 63 | W16: D | Y16: =IF(_xlfn.NUMBERVALUE(Z16)>0,_xlfn.RANK.EQ(Z16,$Z$3:$Z$250,0),"") -> 32 | Z16: =IF(SUM(AB16:AE16)>0,SUM(AA16:AE16),"") -> 63 | AB16: 16 | AC16: 18 | AD16: 14 | AE16: 15 | AK16: =IFERROR(IF(INDEX('Shooter-Squad Assignment'!$X:$X,MATCH($A16,'Shooter-Squad Assignment'!$A:$A,0))="","",INDEX('Shooter-Squad Assignment'!$X:$X,MATCH($A16,'Shooter-Squad Assignment'!$A:$A,0))),"") | AL16: =IF(ISBLANK($AK16),"",IFERROR(INDEX('Squad Listing'!$C:$C,MATCH($AK16,'Squad Listing'!$A:$A,0)),"")) | AM16: =IF(ISBLANK($AK16),"",IFERROR(INDEX('Squad Listing'!$D:$D,MATCH($AK16,'Squad Listing'!$A:$A,0)),"")) | AP16: =IF(_xlfn.NUMBERVALUE(AQ16)>0,_xlfn.RANK.EQ(AQ16,$AQ$3:$AQ$250,0),"") | AQ16: =IF(SUM(AS16:AV16)>0,SUM(AR16:AV16),"") | AX16: =IFERROR(IF(INDEX('Shooter-Squad Assignment'!$AA:$AA,MATCH($A16,'Shooter-Squad Assignment'!$A:$A,0))="","",INDEX('Shooter-Squad Assignment'!$AA:$AA,MATCH($A16,'Shooter-Squad Assignment'!$A:$A,0))),"") | AY16: =IF(ISBLANK($AX16),"",IFERROR(INDEX('Squad Listing'!$C:$C,MATCH($AX16,'Squad Listing'!$A:$A,0)),"")) | AZ16: =IF(ISBLANK($AX16),"",IFERROR(INDEX('Squad Listing'!$D:$D,MATCH($AX16,'Squad Listing'!$A:$A,0)),"")) | BC16: =IF(_xlfn.NUMBERVALUE(BD16)>0,_xlfn.RANK.EQ(BD16,$BD$3:$BD$250,0),"") | BD16: =IF(SUM(BF16:BY16)>0,SUM(BE16:BY16),"")
A17: 24-1039 | B17: Troy | C17: Last Name40 | D17: =B17&" "&C17 -> Troy Last Name40 | F17: M | G17: Y | H17: Y | I17: Y | J17: =IF(G17="Y",'Tournament Setup'!$C$2,0)+IF(H17="Y",'Tournament Setup'!$C$3,0)+IF(I17="Y",'Tournament Setup'!$C$4,0) -> 120 | L17: Forge Christian Shooting Team | M17: Varsity | O17: =IFERROR(IF(INDEX('Shooter-Squad Assignment'!$T:$T,MATCH($A17,'Shooter-Squad Assignment'!$A:$A,0))="","",INDEX('Shooter-Squad Assignment'!$T:$T,MATCH($A17,'Shooter-Squad Assignment'!$A:$A,0))),"") -> 187 | P17: =IFERROR(IF(INDEX('Shooter-Squad Assignment'!$U:$U,MATCH($A17,'Shooter-Squad Assignment'!$A:$A,0))="","",INDEX('Shooter-Squad Assignment'!$U:$U,MATCH($A17,'Shooter-Squad Assignment'!$A:$A,0))),"") -> 187-3 | Q17: =IFERROR(IF(INDEX('Shooter-Squad Assignment'!$I:$I,MATCH($A17,'Shooter-Squad Assignment'!$A:$A,0))="","",IF(INDEX('Shooter-Squad Assignment'!$I:$I,MATCH($A17,'Shooter-Squad Assignment'!$A:$A,0))=1,O17&"-"&1,"")),"") | R17: =IF(ISBLANK($O17),"",IFERROR(INDEX('Squad Listing'!$C:$C,MATCH($O17,'Squad Listing'!$A:$A,0)),"")) -> Forge Christian Shooting Team | S17: =IF(ISBLANK($O17),"",IFERROR(INDEX('Squad Listing'!$D:$D,MATCH($O17,'Squad Listing'!$A:$A,0)),"")) -> Varsity 1 | T17: =IF(Q17<>"",SUMIFS(U:U,O:O,O17)+V17,"") | U17: =IF(SUM(AB17:AE17)>0,SUM(AB17:AE17),"") -> 59 | W17: D | Y17: =IF(_xlfn.NUMBERVALUE(Z17)>0,_xlfn.RANK.EQ(Z17,$Z$3:$Z$250,0),"") -> 37 | Z17: =IF(SUM(AB17:AE17)>0,SUM(AA17:AE17),"") -> 59 | AB17: 13 | AC17: 15 | AD17: 17 | AE17: 14 | AK17: =IFERROR(IF(INDEX('Shooter-Squad Assignment'!$X:$X,MATCH($A17,'Shooter-Squad Assignment'!$A:$A,0))="","",INDEX('Shooter-Squad Assignment'!$X:$X,MATCH($A17,'Shooter-Squad Assignment'!$A:$A,0))),"") | AL17: =IF(ISBLANK($AK17),"",IFERROR(INDEX('Squad Listing'!$C:$C,MATCH($AK17,'Squad Listing'!$A:$A,0)),"")) | AM17: =IF(ISBLANK($AK17),"",IFERROR(INDEX('Squad Listing'!$D:$D,MATCH($AK17,'Squad Listing'!$A:$A,0)),"")) | AP17: =IF(_xlfn.NUMBERVALUE(AQ17)>0,_xlfn.RANK.EQ(AQ17,$AQ$3:$AQ$250,0),"") | AQ17: =IF(SUM(AS17:AV17)>0,SUM(AR17:AV17),"") | AX17: =IFERROR(IF(INDEX('Shooter-Squad Assignment'!$AA:$AA,MATCH($A17,'Shooter-Squad Assignment'!$A:$A,0))="","",INDEX('Shooter-Squad Assignment'!$AA:$AA,MATCH($A17,'Shooter-Squad Assignment'!$A:$A,0))),"") | AY17: =IF(ISBLANK($AX17),"",IFERROR(INDEX('Squad Listing'!$C:$C,MATCH($AX17,'Squad Listing'!$A:$A,0)),"")) | AZ17: =IF(ISBLANK($AX17),"",IFERROR(INDEX('Squad Listing'!$D:$D,MATCH($AX17,'Squad Listing'!$A:$A,0)),"")) | BC17: =IF(_xlfn.NUMBERVALUE(BD17)>0,_xlfn.RANK.EQ(BD17,$BD$3:$BD$250,0),"") | BD17: =IF(SUM(BF17:BY17)>0,SUM(BE17:BY17),"")
A18: 24-1045 | B18: Sam | C18: Last Name46 | D18: =B18&" "&C18 -> Sam Last Name46 | F18: M | G18: Y | H18: Y | I18: Y | J18: =IF(G18="Y",'Tournament Setup'!$C$2,0)+IF(H18="Y",'Tournament Setup'!$C$3,0)+IF(I18="Y",'Tournament Setup'!$C$4,0) -> 120 | L18: Forge Christian Shooting Team | M18: Varsity | O18: =IFERROR(IF(INDEX('Shooter-Squad Assignment'!$T:$T,MATCH($A18,'Shooter-Squad Assignment'!$A:$A,0))="","",INDEX('Shooter-Squad Assignment'!$T:$T,MATCH($A18,'Shooter-Squad Assignment'!$A:$A,0))),"") -> 187 | P18: =IFERROR(IF(INDEX('Shooter-Squad Assignment'!$U:$U,MATCH($A18,'Shooter-Squad Assignment'!$A:$A,0))="","",INDEX('Shooter-Squad Assignment'!$U:$U,MATCH($A18,'Shooter-Squad Assignment'!$A:$A,0))),"") -> 187-1 | Q18: =IFERROR(IF(INDEX('Shooter-Squad Assignment'!$I:$I,MATCH($A18,'Shooter-Squad Assignment'!$A:$A,0))="","",IF(INDEX('Shooter-Squad Assignment'!$I:$I,MATCH($A18,'Shooter-Squad Assignment'!$A:$A,0))=1,O18&"-"&1,"")),"") -> 187-1 | R18: =IF(ISBLANK($O18),"",IFERROR(INDEX('Squad Listing'!$C:$C,MATCH($O18,'Squad Listing'!$A:$A,0)),"")) -> Forge Christian Shooting Team | S18: =IF(ISBLANK($O18),"",IFERROR(INDEX('Squad Listing'!$D:$D,MATCH($O18,'Squad Listing'!$A:$A,0)),"")) -> Varsity 1 | T18: =IF(Q18<>"",SUMIFS(U:U,O:O,O18)+V18,"") -> 154 | U18: =IF(SUM(AB18:AE18)>0,SUM(AB18:AE18),"") -> 32 | W18: B | Y18: =IF(_xlfn.NUMBERVALUE(Z18)>0,_xlfn.RANK.EQ(Z18,$Z$3:$Z$250,0),"") -> 46 | Z18: =IF(SUM(AB18:AE18)>0,SUM(AA18:AE18),"") -> 32 | AB18: 5 | AC18: 9 | AD18: 10 | AE18: 8 | AK18: =IFERROR(IF(INDEX('Shooter-Squad Assignment'!$X:$X,MATCH($A18,'Shooter-Squad Assignment'!$A:$A,0))="","",INDEX('Shooter-Squad Assignment'!$X:$X,MATCH($A18,'Shooter-Squad Assignment'!$A:$A,0))),"") | AL18: =IF(ISBLANK($AK18),"",IFERROR(INDEX('Squad Listing'!$C:$C,MATCH($AK18,'Squad Listing'!$A:$A,0)),"")) | AM18: =IF(ISBLANK($AK18),"",IFERROR(INDEX('Squad Listing'!$D:$D,MATCH($AK18,'Squad Listing'!$A:$A,0)),"")) | AP18: =IF(_xlfn.NUMBERVALUE(AQ18)>0,_xlfn.RANK.EQ(AQ18,$AQ$3:$AQ$250,0),"") | AQ18: =IF(SUM(AS18:AV18)>0,SUM(AR18:AV18),"") | AX18: =IFERROR(IF(INDEX('Shooter-Squad Assignment'!$AA:$AA,MATCH($A18,'Shooter-Squad Assignment'!$A:$A,0))="","",INDEX('Shooter-Squad Assignment'!$AA:$AA,MATCH($A18,'Shooter-Squad Assignment'!$A:$A,0))),"") | AY18: =IF(ISBLANK($AX18),"",IFERROR(INDEX('Squad Listing'!$C:$C,MATCH($AX18,'Squad Listing'!$A:$A,0)),"")) | AZ18: =IF(ISBLANK($AX18),"",IFERROR(INDEX('Squad Listing'!$D:$D,MATCH($AX18,'Squad Listing'!$A:$A,0)),"")) | BC18: =IF(_xlfn.NUMBERVALUE(BD18)>0,_xlfn.RANK.EQ(BD18,$BD$3:$BD$250,0),"") | BD18: =IF(SUM(BF18:BY18)>0,SUM(BE18:BY18),"")
A19: 24-1006 | B19: Blake | C19: Last Name7 | D19: =B19&" "&C19 -> Blake Last Name7 | F19: M | G19: Y | H19: Y | I19: Y | J19: =IF(G19="Y",'Tournament Setup'!$C$2,0)+IF(H19="Y",'Tournament Setup'!$C$3,0)+IF(I19="Y",'Tournament Setup'!$C$4,0) -> 120 | L19: High Plains Drifters | M19: Intermediate | O19: =IFERROR(IF(INDEX('Shooter-Squad Assignment'!$T:$T,MATCH($A19,'Shooter-Squad Assignment'!$A:$A,0))="","",INDEX('Shooter-Squad Assignment'!$T:$T,MATCH($A19,'Shooter-Squad Assignment'!$A:$A,0))),"") -> 13 | P19: =IFERROR(IF(INDEX('Shooter-Squad Assignment'!$U:$U,MATCH($A19,'Shooter-Squad Assignment'!$A:$A,0))="","",INDEX('Shooter-Squad Assignment'!$U:$U,MATCH($A19,'Shooter-Squad Assignment'!$A:$A,0))),"") -> 13-1 | Q19: =IFERROR(IF(INDEX('Shooter-Squad Assignment'!$I:$I,MATCH($A19,'Shooter-Squad Assignment'!$A:$A,0))="","",IF(INDEX('Shooter-Squad Assignment'!$I:$I,MATCH($A19,'Shooter-Squad Assignment'!$A:$A,0))=1,O19&"-"&1,"")),"") -> 13-1 | R19: =IF(ISBLANK($O19),"",IFERROR(INDEX('Squad Listing'!$C:$C,MATCH($O19,'Squad Listing'!$A:$A,0)),"")) -> High Plains Drifters | S19: =IF(ISBLANK($O19),"",IFERROR(INDEX('Squad Listing'!$D:$D,MATCH($O19,'Squad Listing'!$A:$A,0)),"")) -> Intermediate 1 | T19: =IF(Q19<>"",SUMIFS(U:U,O:O,O19)+V19,"") -> 277 | U19: =IF(SUM(AB19:AE19)>0,SUM(AB19:AE19),"") -> 97 | W19: C | Y19: =IF(_xlfn.NUMBERVALUE(Z19)>0,_xlfn.RANK.EQ(Z19,$Z$3:$Z$250,0),"") -> 2 | Z19: =IF(SUM(AB19:AE19)>0,SUM(AA19:AE19),"") -> 97 | AB19: 25 | AC19: 25 | AD19: 24 | AE19: 23 | AK19: =IFERROR(IF(INDEX('Shooter-Squad Assignment'!$X:$X,MATCH($A19,'Shooter-Squad Assignment'!$A:$A,0))="","",INDEX('Shooter-Squad Assignment'!$X:$X,MATCH($A19,'Shooter-Squad Assignment'!$A:$A,0))),"") -> 40 | AL19: =IF(ISBLANK($AK19),"",IFERROR(INDEX('Squad Listing'!$C:$C,MATCH($AK19,'Squad Listing'!$A:$A,0)),"")) -> High Plains Drifters | AM19: =IF(ISBLANK($AK19),"",IFERROR(INDEX('Squad Listing'!$D:$D,MATCH($AK19,'Squad Listing'!$A:$A,0)),"")) -> Open 1 | AN19: C | AP19: =IF(_xlfn.NUMBERVALUE(AQ19)>0,_xlfn.RANK.EQ(AQ19,$AQ$3:$AQ$250,0),"") | AQ19: =IF(SUM(AS19:AV19)>0,SUM(AR19:AV19),"") | AX19: =IFERROR(IF(INDEX('Shooter-Squad Assignment'!$AA:$AA,MATCH($A19,'Shooter-Squad Assignment'!$A:$A,0))="","",INDEX('Shooter-Squad Assignment'!$AA:$AA,MATCH($A19,'Shooter-Squad Assignment'!$A:$A,0))),"") | AY19: =IF(ISBLANK($AX19),"",IFERROR(INDEX('Squad Listing'!$C:$C,MATCH($AX19,'Squad Listing'!$A:$A,0)),"")) | AZ19: =IF(ISBLANK($AX19),"",IFERROR(INDEX('Squad Listing'!$D:$D,MATCH($AX19,'Squad Listing'!$A:$A,0)),"")) | BA19: C | BC19: =IF(_xlfn.NUMBERVALUE(BD19)>0,_xlfn.RANK.EQ(BD19,$BD$3:$BD$250,0),"") | BD19: =IF(SUM(BF19:BY19)>0,SUM(BE19:BY19),"")
A20: 24-1030 | B20: Shelly | C20: Last Name31 | D20: =B20&" "&C20 -> Shelly Last Name31 | F20: F | G20: Y | H20: Y | I20: Y | J20: =IF(G20="Y",'Tournament Setup'!$C$2,0)+IF(H20="Y",'Tournament Setup'!$C$3,0)+IF(I20="Y",'Tournament Setup'!$C$4,0) -> 120 | L20: High Plains Drifters | M20: Intermediate | O20: =IFERROR(IF(INDEX('Shooter-Squad Assignment'!$T:$T,MATCH($A20,'Shooter-Squad Assignment'!$A:$A,0))="","",INDEX('Shooter-Squad Assignment'!$T:$T,MATCH($A20,'Shooter-Squad Assignment'!$A:$A,0))),"") -> 13 | P20: =IFERROR(IF(INDEX('Shooter-Squad Assignment'!$U:$U,MATCH($A20,'Shooter-Squad Assignment'!$A:$A,0))="","",INDEX('Shooter-Squad Assignment'!$U:$U,MATCH($A20,'Shooter-Squad Assignment'!$A:$A,0))),"") -> 13-2 | Q20: =IFERROR(IF(INDEX('Shooter-Squad Assignment'!$I:$I,MATCH($A20,'Shooter-Squad Assignment'!$A:$A,0))="","",IF(INDEX('Shooter-Squad Assignment'!$I:$I,MATCH($A20,'Shooter-Squad Assignment'!$A:$A,0))=1,O20&"-"&1,"")),"") | R20: =IF(ISBLANK($O20),"",IFERROR(INDEX('Squad Listing'!$C:$C,MATCH($O20,'Squad Listing'!$A:$A,0)),"")) -> High Plains Drifters | S20: =IF(ISBLANK($O20),"",IFERROR(INDEX('Squad Listing'!$D:$D,MATCH($O20,'Squad Listing'!$A:$A,0)),"")) -> Intermediate 1 | T20: =IF(Q20<>"",SUMIFS(U:U,O:O,O20)+V20,"") | U20: =IF(SUM(AB20:AE20)>0,SUM(AB20:AE20),"") -> 92 | W20: B | Y20: =IF(_xlfn.NUMBERVALUE(Z20)>0,_xlfn.RANK.EQ(Z20,$Z$3:$Z$250,0),"") -> 6 | Z20: =IF(SUM(AB20:AE20)>0,SUM(AA20:AE20),"") -> 92 | AB20: 24 | AC20: 24 | AD20: 24 | AE20: 20 | AK20: =IFERROR(IF(INDEX('Shooter-Squad Assignment'!$X:$X,MATCH($A20,'Shooter-Squad Assignment'!$A:$A,0))="","",INDEX('Shooter-Squad Assignment'!$X:$X,MATCH($A20,'Shooter-Squad Assignment'!$A:$A,0))),"") -> 40 | AL20: =IF(ISBLANK($AK20),"",IFERROR(INDEX('Squad Listing'!$C:$C,MATCH($AK20,'Squad Listing'!$A:$A,0)),"")) -> High Plains Drifters | AM20: =IF(ISBLANK($AK20),"",IFERROR(INDEX('Squad Listing'!$D:$D,MATCH($AK20,'Squad Listing'!$A:$A,0)),"")) -> Open 1 | AP20: =IF(_xlfn.NUMBERVALUE(AQ20)>0,_xlfn.RANK.EQ(AQ20,$AQ$3:$AQ$250,0),"") | AQ20: =IF(SUM(AS20:AV20)>0,SUM(AR20:AV20),"") | AX20: =IFERROR(IF(INDEX('Shooter-Squad Assignment'!$AA:$AA,MATCH($A20,'Shooter-Squad Assignment'!$A:$A,0))="","",INDEX('Shooter-Squad Assignment'!$AA:$AA,MATCH($A20,'Shooter-Squad Assignment'!$A:$A,0))),"") | AY20: =IF(ISBLANK($AX20),"",IFERROR(INDEX('Squad Listing'!$C:$C,MATCH($AX20,'Squad Listing'!$A:$A,0)),"")) | AZ20: =IF(ISBLANK($AX20),"",IFERROR(INDEX('Squad Listing'!$D:$D,MATCH($AX20,'Squad Listing'!$A:$A,0)),"")) | BC20: =IF(_xlfn.NUMBERVALUE(BD20)>0,_xlfn.RANK.EQ(BD20,$BD$3:$BD$250,0),"") | BD20: =IF(SUM(BF20:BY20)>0,SUM(BE20:BY20),"")
A21: 24-1042 | B21: Terry | C21: Last Name43 | D21: =B21&" "&C21 -> Terry Last Name43 | F21: F | G21: Y | H21: Y | I21: Y | J21: =IF(G21="Y",'Tournament Setup'!$C$2,0)+IF(H21="Y",'Tournament Setup'!$C$3,0)+IF(I21="Y",'Tournament Setup'!$C$4,0) -> 120 | L21: High Plains Drifters | M21: Intermediate | O21: =IFERROR(IF(INDEX('Shooter-Squad Assignment'!$T:$T,MATCH($A21,'Shooter-Squad Assignment'!$A:$A,0))="","",INDEX('Shooter-Squad Assignment'!$T:$T,MATCH($A21,'Shooter-Squad Assignment'!$A:$A,0))),"") -> 13 | P21: =IFERROR(IF(INDEX('Shooter-Squad Assignment'!$U:$U,MATCH($A21,'Shooter-Squad Assignment'!$A:$A,0))="","",INDEX('Shooter-Squad Assignment'!$U:$U,MATCH($A21,'Shooter-Squad Assignment'!$A:$A,0))),"") -> 13-3 | Q21: =IFERROR(IF(INDEX('Shooter-Squad Assignment'!$I:$I,MATCH($A21,'Shooter-Squad Assignment'!$A:$A,0))="","",IF(INDEX('Shooter-Squad Assignment'!$I:$I,MATCH($A21,'Shooter-Squad Assignment'!$A:$A,0))=1,O21&"-"&1,"")),"") | R21: =IF(ISBLANK($O21),"",IFERROR(INDEX('Squad Listing'!$C:$C,MATCH($O21,'Squad Listing'!$A:$A,0)),"")) -> High Plains Drifters | S21: =IF(ISBLANK($O21),"",IFERROR(INDEX('Squad Listing'!$D:$D,MATCH($O21,'Squad Listing'!$A:$A,0)),"")) -> Intermediate 1 | T21: =IF(Q21<>"",SUMIFS(U:U,O:O,O21)+V21,"") | U21: =IF(SUM(AB21:AE21)>0,SUM(AB21:AE21),"") -> 88 | W21: C | Y21: =IF(_xlfn.NUMBERVALUE(Z21)>0,_xlfn.RANK.EQ(Z21,$Z$3:$Z$250,0),"") -> 11 | Z21: =IF(SUM(AB21:AE21)>0,SUM(AA21:AE21),"") -> 88 | AB21: 25 | AC21: 20 | AD21: 20 | AE21: 23 | AK21: =IFERROR(IF(INDEX('Shooter-Squad Assignment'!$X:$X,MATCH($A21,'Shooter-Squad Assignment'!$A:$A,0))="","",INDEX('Shooter-Squad Assignment'!$X:$X,MATCH($A21,'Shooter-Squad Assignment'!$A:$A,0))),"") | AL21: =IF(ISBLANK($AK21),"",IFERROR(INDEX('Squad Listing'!$C:$C,MATCH($AK21,'Squad Listing'!$A:$A,0)),"")) | AM21: =IF(ISBLANK($AK21),"",IFERROR(INDEX('Squad Listing'!$D:$D,MATCH($AK21,'Squad Listing'!$A:$A,0)),"")) | AP21: =IF(_xlfn.NUMBERVALUE(AQ21)>0,_xlfn.RANK.EQ(AQ21,$AQ$3:$AQ$250,0),"") | AQ21: =IF(SUM(AS21:AV21)>0,SUM(AR21:AV21),"") | AX21: =IFERROR(IF(INDEX('Shooter-Squad Assignment'!$AA:$AA,MATCH($A21,'Shooter-Squad Assignment'!$A:$A,0))="","",INDEX('Shooter-Squad Assignment'!$AA:$AA,MATCH($A21,'Shooter-Squad Assignment'!$A:$A,0))),"") -> 58 | AY21: =IF(ISBLANK($AX21),"",IFERROR(INDEX('Squad Listing'!$C:$C,MATCH($AX21,'Squad Listing'!$A:$A,0)),"")) -> High Plains Drifters | AZ21: =IF(ISBLANK($AX21),"",IFERROR(INDEX('Squad Listing'!$D:$D,MATCH($AX21,'Squad Listing'!$A:$A,0)),"")) -> Open 1 | BC21: =IF(_xlfn.NUMBERVALUE(BD21)>0,_xlfn.RANK.EQ(BD21,$BD$3:$BD$250,0),"") | BD21: =IF(SUM(BF21:BY21)>0,SUM(BE21:BY21),"")
A22: 24-1012 | B22: Bruce | C22: Last Name13 | D22: =B22&" "&C22 -> Bruce Last Name13 | F22: M | G22: Y | H22: Y | I22: Y | J22: =IF(G22="Y",'Tournament Setup'!$C$2,0)+IF(H22="Y",'Tournament Setup'!$C$3,0)+IF(I22="Y",'Tournament Setup'!$C$4,0) -> 120 | L22: High Plains Drifters | M22: Junior Varsity | O22: =IFERROR(IF(INDEX('Shooter-Squad Assignment'!$T:$T,MATCH($A22,'Shooter-Squad Assignment'!$A:$A,0))="","",INDEX('Shooter-Squad Assignment'!$T:$T,MATCH($A22,'Shooter-Squad Assignment'!$A:$A,0))),"") | P22: =IFERROR(IF(INDEX('Shooter-Squad Assignment'!$U:$U,MATCH($A22,'Shooter-Squad Assignment'!$A:$A,0))="","",INDEX('Shooter-Squad Assignment'!$U:$U,MATCH($A22,'Shooter-Squad Assignment'!$A:$A,0))),"") | Q22: =IFERROR(IF(INDEX('Shooter-Squad Assignment'!$I:$I,MATCH($A22,'Shooter-Squad Assignment'!$A:$A,0))="","",IF(INDEX('Shooter-Squad Assignment'!$I:$I,MATCH($A22,'Shooter-Squad Assignment'!$A:$A,0))=1,O22&"-"&1,"")),"") | R22: =IF(ISBLANK($O22),"",IFERROR(INDEX('Squad Listing'!$C:$C,MATCH($O22,'Squad Listing'!$A:$A,0)),"")) | S22: =IF(ISBLANK($O22),"",IFERROR(INDEX('Squad Listing'!$D:$D,MATCH($O22,'Squad Listing'!$A:$A,0)),"")) | T22: =IF(Q22<>"",SUMIFS(U:U,O:O,O22)+V22,"") | U22: =IF(SUM(AB22:AE22)>0,SUM(AB22:AE22),"") -> 72 | W22: C | Y22: =IF(_xlfn.NUMBERVALUE(Z22)>0,_xlfn.RANK.EQ(Z22,$Z$3:$Z$250,0),"") -> 23 | Z22: =IF(SUM(AB22:AE22)>0,SUM(AA22:AE22),"") -> 72 | AB22: 18 | AC22: 18 | AD22: 18 | AE22: 18 | AK22: =IFERROR(IF(INDEX('Shooter-Squad Assignment'!$X:$X,MATCH($A22,'Shooter-Squad Assignment'!$A:$A,0))="","",INDEX('Shooter-Squad Assignment'!$X:$X,MATCH($A22,'Shooter-Squad Assignment'!$A:$A,0))),"") | AL22: =IF(ISBLANK($AK22),"",IFERROR(INDEX('Squad Listing'!$C:$C,MATCH($AK22,'Squad Listing'!$A:$A,0)),"")) | AM22: =IF(ISBLANK($AK22),"",IFERROR(INDEX('Squad Listing'!$D:$D,MATCH($AK22,'Squad Listing'!$A:$A,0)),"")) | AN22: C | AP22: =IF(_xlfn.NUMBERVALUE(AQ22)>0,_xlfn.RANK.EQ(AQ22,$AQ$3:$AQ$250,0),"") | AQ22: =IF(SUM(AS22:AV22)>0,SUM(AR22:AV22),"") | AX22: =IFERROR(IF(INDEX('Shooter-Squad Assignment'!$AA:$AA,MATCH($A22,'Shooter-Squad Assignment'!$A:$A,0))="","",INDEX('Shooter-Squad Assignment'!$AA:$AA,MATCH($A22,'Shooter-Squad Assignment'!$A:$A,0))),"") -> 58 | AY22: =IF(ISBLANK($AX22),"",IFERROR(INDEX('Squad Listing'!$C:$C,MATCH($AX22,'Squad Listing'!$A:$A,0)),"")) -> High Plains Drifters | AZ22: =IF(ISBLANK($AX22),"",IFERROR(INDEX('Squad Listing'!$D:$D,MATCH($AX22,'Squad Listing'!$A:$A,0)),"")) -> Open 1 | BA22: C | BC22: =IF(_xlfn.NUMBERVALUE(BD22)>0,_xlfn.RANK.EQ(BD22,$BD$3:$BD$250,0),"") | BD22: =IF(SUM(BF22:BY22)>0,SUM(BE22:BY22),"")
A23: 24-1000 | B23: Jason | C23: Last Name1 | D23: =B23&" "&C23 -> Jason Last Name1 | F23: M | G23: Y | H23: Y | I23: Y | J23: =IF(G23="Y",'Tournament Setup'!$C$2,0)+IF(H23="Y",'Tournament Setup'!$C$3,0)+IF(I23="Y",'Tournament Setup'!$C$4,0) -> 120 | L23: High Plains Drifters | M23: Novice | O23: =IFERROR(IF(INDEX('Shooter-Squad Assignment'!$T:$T,MATCH($A23,'Shooter-Squad Assignment'!$A:$A,0))="","",INDEX('Shooter-Squad Assignment'!$T:$T,MATCH($A23,'Shooter-Squad Assignment'!$A:$A,0))),"") | P23: =IFERROR(IF(INDEX('Shooter-Squad Assignment'!$U:$U,MATCH($A23,'Shooter-Squad Assignment'!$A:$A,0))="","",INDEX('Shooter-Squad Assignment'!$U:$U,MATCH($A23,'Shooter-Squad Assignment'!$A:$A,0))),"") | Q23: =IFERROR(IF(INDEX('Shooter-Squad Assignment'!$I:$I,MATCH($A23,'Shooter-Squad Assignment'!$A:$A,0))="","",IF(INDEX('Shooter-Squad Assignment'!$I:$I,MATCH($A23,'Shooter-Squad Assignment'!$A:$A,0))=1,O23&"-"&1,"")),"") | R23: =IF(ISBLANK($O23),"",IFERROR(INDEX('Squad Listing'!$C:$C,MATCH($O23,'Squad Listing'!$A:$A,0)),"")) | S23: =IF(ISBLANK($O23),"",IFERROR(INDEX('Squad Listing'!$D:$D,MATCH($O23,'Squad Listing'!$A:$A,0)),"")) | T23: =IF(Q23<>"",SUMIFS(U:U,O:O,O23)+V23,"") | U23: =IF(SUM(AB23:AE23)>0,SUM(AB23:AE23),"") -> 85 | W23: D | Y23: =IF(_xlfn.NUMBERVALUE(Z23)>0,_xlfn.RANK.EQ(Z23,$Z$3:$Z$250,0),"") -> 13 | Z23: =IF(SUM(AB23:AE23)>0,SUM(AA23:AE23),"") -> 85 | AB23: 21 | AC23: 20 | AD23: 19 | AE23: 25 | AK23: =IFERROR(IF(INDEX('Shooter-Squad Assignment'!$X:$X,MATCH($A23,'Shooter-Squad Assignment'!$A:$A,0))="","",INDEX('Shooter-Squad Assignment'!$X:$X,MATCH($A23,'Shooter-Squad Assignment'!$A:$A,0))),"") | AL23: =IF(ISBLANK($AK23),"",IFERROR(INDEX('Squad Listing'!$C:$C,MATCH($AK23,'Squad Listing'!$A:$A,0)),"")) | AM23: =IF(ISBLANK($AK23),"",IFERROR(INDEX('Squad Listing'!$D:$D,MATCH($AK23,'Squad Listing'!$A:$A,0)),"")) | AN23: D | AP23: =IF(_xlfn.NUMBERVALUE(AQ23)>0,_xlfn.RANK.EQ(AQ23,$AQ$3:$AQ$250,0),"") | AQ23: =IF(SUM(AS23:AV23)>0,SUM(AR23:AV23),"") | AX23: =IFERROR(IF(INDEX('Shooter-Squad Assignment'!$AA:$AA,MATCH($A23,'Shooter-Squad Assignment'!$A:$A,0))="","",INDEX('Shooter-Squad Assignment'!$AA:$AA,MATCH($A23,'Shooter-Squad Assignment'!$A:$A,0))),"") -> 58 | AY23: =IF(ISBLANK($AX23),"",IFERROR(INDEX('Squad Listing'!$C:$C,MATCH($AX23,'Squad Listing'!$A:$A,0)),"")) -> High Plains Drifters | AZ23: =IF(ISBLANK($AX23),"",IFERROR(INDEX('Squad Listing'!$D:$D,MATCH($AX23,'Squad Listing'!$A:$A,0)),"")) -> Open 1 | BA23: D | BC23: =IF(_xlfn.NUMBERVALUE(BD23)>0,_xlfn.RANK.EQ(BD23,$BD$3:$BD$250,0),"") | BD23: =IF(SUM(BF23:BY23)>0,SUM(BE23:BY23),"")
A24: 24-1018 | B24: Jack | C24: Last Name19 | D24: =B24&" "&C24 -> Jack Last Name19 | F24: M | G24: Y | H24: Y | I24: Y | J24: =IF(G24="Y",'Tournament Setup'!$C$2,0)+IF(H24="Y",'Tournament Setup'!$C$3,0)+IF(I24="Y",'Tournament Setup'!$C$4,0) -> 120 | L24: High Plains Drifters | M24: Varsity | O24: =IFERROR(IF(INDEX('Shooter-Squad Assignment'!$T:$T,MATCH($A24,'Shooter-Squad Assignment'!$A:$A,0))="","",INDEX('Shooter-Squad Assignment'!$T:$T,MATCH($A24,'Shooter-Squad Assignment'!$A:$A,0))),"") -> 25 | P24: =IFERROR(IF(INDEX('Shooter-Squad Assignment'!$U:$U,MATCH($A24,'Shooter-Squad Assignment'!$A:$A,0))="","",INDEX('Shooter-Squad Assignment'!$U:$U,MATCH($A24,'Shooter-Squad Assignment'!$A:$A,0))),"") -> 25-1 | Q24: =IFERROR(IF(INDEX('Shooter-Squad Assignment'!$I:$I,MATCH($A24,'Shooter-Squad Assignment'!$A:$A,0))="","",IF(INDEX('Shooter-Squad Assignment'!$I:$I,MATCH($A24,'Shooter-Squad Assignment'!$A:$A,0))=1,O24&"-"&1,"")),"") -> 25-1 | R24: =IF(ISBLANK($O24),"",IFERROR(INDEX('Squad Listing'!$C:$C,MATCH($O24,'Squad Listing'!$A:$A,0)),"")) -> High Plains Drifters | S24: =IF(ISBLANK($O24),"",IFERROR(INDEX('Squad Listing'!$D:$D,MATCH($O24,'Squad Listing'!$A:$A,0)),"")) -> Varsity 1 | T24: =IF(Q24<>"",SUMIFS(U:U,O:O,O24)+V24,"") -> 239 | U24: =IF(SUM(AB24:AE24)>0,SUM(AB24:AE24),"") -> 82 | W24: B | Y24: =IF(_xlfn.NUMBERVALUE(Z24)>0,_xlfn.RANK.EQ(Z24,$Z$3:$Z$250,0),"") -> 16 | Z24: =IF(SUM(AB24:AE24)>0,SUM(AA24:AE24),"") -> 82 | AB24: 20 | AC24: 21 | AD24: 21 | AE24: 20 | AK24: =IFERROR(IF(INDEX('Shooter-Squad Assignment'!$X:$X,MATCH($A24,'Shooter-Squad Assignment'!$A:$A,0))="","",INDEX('Shooter-Squad Assignment'!$X:$X,MATCH($A24,'Shooter-Squad Assignment'!$A:$A,0))),"") -> 40 | AL24: =IF(ISBLANK($AK24),"",IFERROR(INDEX('Squad Listing'!$C:$C,MATCH($AK24,'Squad Listing'!$A:$A,0)),"")) -> High Plains Drifters | AM24: =IF(ISBLANK($AK24),"",IFERROR(INDEX('Squad Listing'!$D:$D,MATCH($AK24,'Squad Listing'!$A:$A,0)),"")) -> Open 1 | AN24: B | AP24: =IF(_xlfn.NUMBERVALUE(AQ24)>0,_xlfn.RANK.EQ(AQ24,$AQ$3:$AQ$250,0),"") | AQ24: =IF(SUM(AS24:AV24)>0,SUM(AR24:AV24),"") | AX24: =IFERROR(IF(INDEX('Shooter-Squad Assignment'!$AA:$AA,MATCH($A24,'Shooter-Squad Assignment'!$A:$A,0))="","",INDEX('Shooter-Squad Assignment'!$AA:$AA,MATCH($A24,'Shooter-Squad Assignment'!$A:$A,0))),"") -> 61 | AY24: =IF(ISBLANK($AX24),"",IFERROR(INDEX('Squad Listing'!$C:$C,MATCH($AX24,'Squad Listing'!$A:$A,0)),"")) -> High Plains Drifters | AZ24: =IF(ISBLANK($AX24),"",IFERROR(INDEX('Squad Listing'!$D:$D,MATCH($AX24,'Squad Listing'!$A:$A,0)),"")) -> Varsity 1 | BA24: B | BC24: =IF(_xlfn.NUMBERVALUE(BD24)>0,_xlfn.RANK.EQ(BD24,$BD$3:$BD$250,0),"") | BD24: =IF(SUM(BF24:BY24)>0,SUM(BE24:BY24),"")
A25: 24-1024 | B25: Harry | C25: Last Name25 | D25: =B25&" "&C25 -> Harry Last Name25 | F25: M | G25: Y | H25: Y | I25: Y | J25: =IF(G25="Y",'Tournament Setup'!$C$2,0)+IF(H25="Y",'Tournament Setup'!$C$3,0)+IF(I25="Y",'Tournament Setup'!$C$4,0) -> 120 | L25: High Plains Drifters | M25: Varsity | O25: =IFERROR(IF(INDEX('Shooter-Squad Assignment'!$T:$T,MATCH($A25,'Shooter-Squad Assignment'!$A:$A,0))="","",INDEX('Shooter-Squad Assignment'!$T:$T,MATCH($A25,'Shooter-Squad Assignment'!$A:$A,0))),"") -> 25 | P25: =IFERROR(IF(INDEX('Shooter-Squad Assignment'!$U:$U,MATCH($A25,'Shooter-Squad Assignment'!$A:$A,0))="","",INDEX('Shooter-Squad Assignment'!$U:$U,MATCH($A25,'Shooter-Squad Assignment'!$A:$A,0))),"") -> 25-2 | Q25: =IFERROR(IF(INDEX('Shooter-Squad Assignment'!$I:$I,MATCH($A25,'Shooter-Squad Assignment'!$A:$A,0))="","",IF(INDEX('Shooter-Squad Assignment'!$I:$I,MATCH($A25,'Shooter-Squad Assignment'!$A:$A,0))=1,O25&"-"&1,"")),"") | R25: =IF(ISBLANK($O25),"",IFERROR(INDEX('Squad Listing'!$C:$C,MATCH($O25,'Squad Listing'!$A:$A,0)),"")) -> High Plains Drifters | S25: =IF(ISBLANK($O25),"",IFERROR(INDEX('Squad Listing'!$D:$D,MATCH($O25,'Squad Listing'!$A:$A,0)),"")) -> Varsity 1 | T25: =IF(Q25<>"",SUMIFS(U:U,O:O,O25)+V25,"") | U25: =IF(SUM(AB25:AE25)>0,SUM(AB25:AE25),"") -> 72 | W25: B | Y25: =IF(_xlfn.NUMBERVALUE(Z25)>0,_xlfn.RANK.EQ(Z25,$Z$3:$Z$250,0),"") -> 23 | Z25: =IF(SUM(AB25:AE25)>0,SUM(AA25:AE25),"") -> 72 | AB25: 20 | AC25: 17 | AD25: 19 | AE25: 16 | AK25: =IFERROR(IF(INDEX('Shooter-Squad Assignment'!$X:$X,MATCH($A25,'Shooter-Squad Assignment'!$A:$A,0))="","",INDEX('Shooter-Squad Assignment'!$X:$X,MATCH($A25,'Shooter-Squad Assignment'!$A:$A,0))),"") -> 40 | AL25: =IF(ISBLANK($AK25),"",IFERROR(INDEX('Squad Listing'!$C:$C,MATCH($AK25,'Squad Listing'!$A:$A,0)),"")) -> High Plains Drifters | AM25: =IF(ISBLANK($AK25),"",IFERROR(INDEX('Squad Listing'!$D:$D,MATCH($AK25,'Squad Listing'!$A:$A,0)),"")) -> Open 1 | AP25: =IF(_xlfn.NUMBERVALUE(AQ25)>0,_xlfn.RANK.EQ(AQ25,$AQ$3:$AQ$250,0),"") | AQ25: =IF(SUM(AS25:AV25)>0,SUM(AR25:AV25),"") | AX25: =IFERROR(IF(INDEX('Shooter-Squad Assignment'!$AA:$AA,MATCH($A25,'Shooter-Squad Assignment'!$A:$A,0))="","",INDEX('Shooter-Squad Assignment'!$AA:$AA,MATCH($A25,'Shooter-Squad Assignment'!$A:$A,0))),"") -> 61 | AY25: =IF(ISBLANK($AX25),"",IFERROR(INDEX('Squad Listing'!$C:$C,MATCH($AX25,'Squad Listing'!$A:$A,0)),"")) -> High Plains Drifters | AZ25: =IF(ISBLANK($AX25),"",IFERROR(INDEX('Squad Listing'!$D:$D,MATCH($AX25,'Squad Listing'!$A:$A,0)),"")) -> Varsity 1 | BC25: =IF(_xlfn.NUMBERVALUE(BD25)>0,_xlfn.RANK.EQ(BD25,$BD$3:$BD$250,0),"") | BD25: =IF(SUM(BF25:BY25)>0,SUM(BE25:BY25),"")
