Workbook
Name AgeConcurrents: 'Tournament Setup'!$A$32:$A$36
Name Concurrent: 'Tournament Setup'!$A$49:$A$54
Name ShooterID: 'Tournament List'!$A$3:$A$203
Name SkeetTimes: 'Tournament Setup'!$A$108:$A$117
Name SportingTimes: 'Tournament Setup'!$C$108:$C$117
Name SquadConcurrents: 'Tournament Setup'!$A$59:$A$78
Name SquadPos: 'Tournament Setup'!$A$81:$A$84
Name SquadPosT: 'Tournament Setup'!$B$81:$B$86
Name TeamNo: 'Squad Listing'!$A$2:$A$585
Name Teams: 'Tournament Setup'!$A$91:$A$104
Name TrapTimes: 'Tournament Setup'!$B$108:$B$117

Sheet Tournament Setup
A1: Tournament Date | B1: 45677
A4: Events | B4: Tournament Events | C4: Fees
A5: Skeet | B5: X | C5: 40
A6: Trap | B6: X | C6: 40
A7: Sporting Clays | B7: X | C7: 40
A9: Number of Awards | B9: Gold | C9: Silver | D9: Bronze | E9: Total
A10: HAA | B10: =COUNTIFS($B$20:$B$22,">=1") -> 3 | C10: =COUNTIFS($B$20:$B$22,">=2") -> 3 | D10: =COUNTIFS($B$20:$B$22,">=3") -> 3 | E10: =SUM(B10:D10) -> 9
A11: HOA | B11: =COUNTIFS($B$26:$D$28,">=1") -> 8 | C11: =COUNTIFS($B$26:$D$28,">=2") -> 8 | D11: =COUNTIFS($B$26:$D$28,">=3") -> 6 | E11: =SUM(B11:D11) -> 22
A12: Individual Concurrent | B12: =COUNTIFS($B$32:$D$35,">=1")*COUNTIFS($B$5:$B$7,"X") -> 36 | C12: =COUNTIFS($B$32:$D$35,">=2")*COUNTIFS($B$5:$B$7,"X") -> 36 | D12: =COUNTIFS($B$32:$D$35,">=3")*COUNTIFS($B$5:$B$7,"X") -> 36 | E12: =SUM(B12:D12) -> 108
A13: Individual Class | B13: =COUNTIFS($B$41:$D$44,">=1")*COUNTIFS($B$5:$B$7,"X") -> 36 | C13: =COUNTIFS($B$41:$D$44,">=2")*COUNTIFS($B$5:$B$7,"X") -> 36 | D13: =COUNTIFS($B$41:$D$44,">=3")*COUNTIFS($B$5:$B$7,"X") -> 36 | E13: =SUM(B13:D13) -> 108
A14: Team Concurrent | B14: =COUNTIFS($B$49:$B$53,">=1")*3+COUNTIFS($C$49:$C$53,">=1")*5+COUNTIFS($D$49:$D$53,">=1")*3 -> 55 | C14: =COUNTIFS($B$49:$B$53,">=2")*3+COUNTIFS($C$49:$C$53,">=2")*5+COUNTIFS($D$49:$D$53,">=2")*3 -> 55 | D14: =COUNTIFS($B$49:$B$53,">=3")*3+COUNTIFS($C$49:$C$53,">=3")*5+COUNTIFS($D$49:$D$53,">=3")*3 -> 30 | E14: =SUM(B14:D14) -> 140
A15: Collegiate | B15: =COUNTIFS($B$36:$D$36,">=1")*COUNTIFS($B$5:$B$7,"X") -> 9 | C15: =COUNTIFS($B$36:$D$36,">=2")*COUNTIFS($B$5:$B$7,"X") -> 9 | D15: =COUNTIFS($B$36:$D$36,">=3")*COUNTIFS($B$5:$B$7,"X") -> 9 | E15: =SUM(B15:D15) -> 27
A16: Total Medals | B16: =SUM(B11:B15) -> 144 | C16: =SUM(C11:C15) -> 144 | D16: =SUM(D11:D15) -> 117 | E16: =SUM(B16:D16) -> 405
A19: HAA | B19: # of Places
A20: Places for HAA | B20: 3
A21: Places for HAA Men | B21: 3
A22: Places for HAA Lady | B22: 3
A23: Total HAA Places | B23: =SUM(B20:B22) -> 9
A25: HOA Events | B25: # of Skeet Places | C25: # of Trap Places | D25: # of Sporting Places
A26: Places for HOA | B26: 3 | C26: 0 | D26: 3 | E26: You can do HOA, HOA Men, and HOA Lady
A27: Places for HOA Men | B27: 3 | C27: 2 | D27: 3
A28: Places for HOA Lady | B28: 3 | C28: 2 | D28: 3
A29: Total HOA Places | B29: =SUM(B26:B28) -> 9 | C29: =SUM(C26:C28) -> 4 | D29: =SUM(D26:D28) -> 9
A31: Age Concurrent | B31: # of Places | C31: # of Men's Concurrent Places | D31: # of Lady's Concurrent Places
A32: Novice | B32: 3 | C32: 3 | D32: 3
A33: Intermediate | B33: 3 | C33: 3 | D33: 3
A34: Junior Varsity | B34: 3 | C34: 3 | D34: 3
A35: Varsity | B35: 3 | C35: 3 | D35: 3
A36: Collegiate | B36: 3 | C36: 3 | D36: 3
A37: Total Places | B37: =SUM(B32:B36) -> 15 | C37: =SUM(C32:C36) -> 15 | D37: =SUM(D32:D36) -> 15
A38: Total Medals for all Events | B38: =COUNTIFS($B$5:$B$7,"=X")*B37 -> 45 | C38: =COUNTIFS($B$5:$B$7,"=X")*C37 -> 45 | D38: =COUNTIFS($B$5:$B$7,"=X")*D37 -> 45
A40: Shooting Class | B40: # of Places | C40: # of Men's Concurrent Places | D40: # of Lady's Concurrent Places | F40: Skeet | G40: Trap | H40: Sporting Clays
A41: A | B41: 3 | C41: 3 | D41: 3 | F41: 0.9 | G41: 0.9 | H41: 0.85
A42: B | B42: 3 | C42: 3 | D42: 3 | F42: 0.8 | G42: 0.8 | H42: 0.75
A43: C | B43: 3 | C43: 3 | D43: 3 | F43: 0.7 | G43: 0.7 | H43: 0.65
A44: D | B44: 3 | C44: 3 | D44: 3 | F44: 0 | G44: 0 | H44: 0
A45: Total Places | B45: =SUM(B41:B44) -> 12 | C45: =SUM(C41:C44) -> 12 | D45: =SUM(D41:D44) -> 12
A46: Total Medals for all Events | B46: =COUNTIFS($B$5:$B$7,"=X")*B45 -> 36 | C46: =COUNTIFS($B$5:$B$7,"=X")*C45 -> 36 | D46: =COUNTIFS($B$5:$B$7,"=X")*D45 -> 36
A48: Team Concurrent | B48: # of Skeet Places | C48: # of Trap Places | D48: # of Sporting Places
A49: Novice | B49: 3 | C49: 2 | D49: 3
A50: Intermediate | B50: 3 | C50: 2 | D50: 3
A51: Junior Varsity | B51: 3 | C51: 2 | D51: 3
A52: Varsity | B52: 3 | C52: 2 | D52: 3
A53: Open | B53: 3 | C53: 2 | D53: 3
A54: Collegiate | B54: 3 | C54: 0 | D54: 3
A55: Total Places | B55: =SUM(B49:B54) -> 18 | C55: =SUM(C49:C54) -> 10 | D55: =SUM(D49:D54) -> 18
A56: Total Medals for all Events | B56: =B55*3 -> 54 | C56: =C55*5 -> 50 | D56: =D55*3 -> 54
A58: Squad Concurrents | B58: Team Concurrent | C58: Team Concurrent Listing
A60: Collegiate 1 | B60: Collegiate | C60: Novice
A61: Collegiate 2 | B61: Collegiate | C61: Intermediate
A62: Collegiate 3 | B62: Collegiate | C62: Junior Varsity
A63: Intermediate 1 | B63: Intermediate | C63: Varsity
A64: Intermediate 2 | B64: Intermediate | C64: Open
A65: Intermediate 3 | B65: Intermediate | C65: Collegiate
A66: Junior Varsity 1 | B66: Junior Varsity | C66: Unassigned
A67: Junior Varsity 2 | B67: Junior Varsity
A68: Junior Varsity 3 | B68: Junior Varsity
A69: Novice 1 | B69: Novice
A70: Novice 2 | B70: Novice
A71: Novice 3 | B71: Novice
A72: Open 1 | B72: Open
A73: Open 2 | B73: Open
A74: Open 3 | B74: Open
A75: Unassigned 1 | B75: Unassigned
A76: Varsity 1 | B76: Varsity
A77: Varsity 2 | B77: Varsity
A78: Varsity 3 | B78: Varsity
A80: Squad Position Skeet/SC | B80: Squad Pos Trap
A82: 1 | B82: 1
A83: 2 | B83: 2
A84: 3 | B84: 3
B85: 4
B86: 5
A90: Teams
A91: Brighton Clay Crushers
A92: Forge Christian Shooting Team
A93: High Plains Drifters
A94: Littleton Target Masters
A95: Rocky Mountain Clay Busters
A96: Wiggins Tigers Sporting Club
A107: Skeet Times | B107: Trap Times | C107: Sporting Clays Time
A108: 9:00 | B108: 9:00 | C108: 9:00
A109: 10:15 | B109: 10:00
A110: 11:30 | B110: 11:00
A111: 12:45 | B111: 12:00
A112: 2:00 | B112: 1:00
B113: 2:00
B114: 3:00

Sheet Team Setup
A1: Team ID | B1: Team Name | C1: Head Coach | D1: Email | E1: Address | F1: City | G1: State | H1: ZIP | I1: Phone | J1: Team Affiliation
A2: T001 | B2: High Plains Drifters | C2: Tim Wolfe | D2: Tim@example.com | E2: 1234 Rose Lane | F2: Bennett | G2: CO | H2: 80122 | I2: 303-999-1234 | J2: USAYESS
A3: T002 | B3: Rocky Mountain Clay Busters
A4: T003
A5: T004
A6: T005
A7: T006
A8: T007
A9: T008
A10: T009
A11: T010
A12: T011
A13: T012
A14: T013
A15: T014
... A51: T050

Sheet Individual Setup
A1: Shooter ID | B1: First Name | C1: Last Name | D1: Birthdate | E1: Sex | F1: Contact Phone # | G1: Contact Email | H1: Shooting Team | I1: Age Concurrent | J1: Skeet | K1: Trap | L1: Sporting Clays | M1: Skeet Class | N1: Trap Class | O1: Sporting Class
A2: 26-1000 | B2: Bill | C2: LName1 | D2: 40308 | E2: M | F2: 303-425-2425 | G2: Bill@example.com | H2: Brighton Clay Crushers | I2: Junior Varsity | J2: Y | K2: Y | L2: N
A3: 26-1001 | B3: Tom | C3: LName2 | E3: M | H3: Brighton Clay Crushers | I3: Junior Varsity
A4: 26-1002 | B4: Alan | C4: LName3 | E4: M | H4: Brighton Clay Crushers | I4: Junior Varsity
A5: 26-1003 | B5: Joan | C5: LName4 | E5: F | H5: Brighton Clay Crushers | I5: Novice
A6: 26-1004 | B6: Patricia | C6: LName5 | E6: F | H6: Brighton Clay Crushers | I6: Novice
A7: 26-1005 | B7: Rick | C7: LName6 | E7: M | H7: Brighton Clay Crushers | I7: Novice
A8: 26-1006 | B8: Matt | C8: LName7 | E8: M | H8: Brighton Clay Crushers | I8: Varsity
A9: 26-1007 | B9: Trey | C9: LName8 | E9: M | H9: Brighton Clay Crushers | I9: Varsity
A10: 26-1008 | B10: Christy | C10: LName9 | E10: F | H10: Forge Christian Shooting Team | I10: Intermediate
A11: 26-1009 | B11: Steve | C11: LName10 | E11: M | H11: Forge Christian Shooting Team | I11: Intermediate
A12: 26-1010 | B12: Marty | C12: LName11 | E12: M | H12: Forge Christian Shooting Team | I12: Intermediate
A13: 26-1011 | B13: Susan | C13: LName12 | E13: F | H13: Forge Christian Shooting Team | I13: Varsity
A14: 26-1012 | B14: Paul | C14: LName13 | E14: M | H14: Forge Christian Shooting Team | I14: Varsity
... A49: 26-1047 | B49: Dee | C49: LName48 | E49: F | H49: Wiggins Tigers Sporting Club | I49: Novice
A50: 26-1048
A51: 26-1049
A52: 26-1050
A53: 26-1051
A54: 26-1052
A55: 26-1053
A56: 26-1054
A57: 26-1055
A58: 26-1056
A59: 26-1057
A60: 26-1058
A61: 26-1059
... A234: 26-1232

Sheet Shooter-Squad Assignment
A1: Shooter ID | B1: Team | C1: First Name | D1: Last Name | E1: Full Name | F1: Participant Concurrent | G1: Skeet | H1: Concurrent Squad | I1: Squad Position | J1: Shooting Time | K1: Ind Skeet Squad Key | L1: Team Concurrent | M1: Skeet Squad # | N1: Shooter Key | O1: Trap | P1: Concurrent Squad | Q1: Squad Position | R1: Shooting Time | S1: Sporting Clays | T1: Concurrent Squad | U1: Squad Position | V1: Shooting Time | W1: Trap Shooter Key | X1: Trap Squad Key | Y1: Trap Squad # | Z1: Sporting Shooter Key | AA1: Sporting Squad Key | AB1: Sporting Squad #
A2: 24-1004 | B2: =INDEX('Tournament List'!$L:$L,MATCH($A2,'Tournament List'!$A:$A,0)) -> Brighton Clay Crushers | C2: =INDEX('Tournament List'!$B:$B,MATCH($A2,'Tournament List'!$A:$A,0)) -> Matt | D2: =INDEX('Tournament List'!$C:$C,MATCH($A2,'Tournament List'!$A:$A,0)) -> Last Name5 | E2: =IF(C2<>"",C2&" "&D2,"") -> Matt Last Name5 | F2: =INDEX('Tournament List'!$M:$M,MATCH($A2,'Tournament List'!$A:$A,0)) -> Varsity | G2: Skeet | K2: =IF(H2<>"",B2&"-"&H2&"-"&G2&"-Pos"&I2,"") | L2: =IF(H2<>"",IFERROR(INDEX('Tournament Setup'!$B$59:$B$78,MATCH(H2,SquadConcurrents,0)),""),"") | M2: =IFERROR(INDEX('Squad Listing'!$A:$A,MATCH(B2&"-"&H2&"-"&G2,'Squad Listing'!$B:$B,0)),"") | N2: =IF(H2<>"",I2,"") | O2: Trap | S2: Sporting Clays | W2: =IF(P2<>"",B2&"-"&P2&"-"&O2&"-Pos"&Q2,"") | X2: =IF(P2<>"",B2&"-"&P2&"-"&O2,"") | Y2: =IFERROR(INDEX('Squad Listing'!$A:$A,MATCH(X2,'Squad Listing'!$B:$B,0)),"") | Z2: =IF(T2<>"",B2&"-"&T2&"-"&S2&"-Pos"&U2,"") | AA2: =IF(T2<>"",B2&"-"&T2&"-"&S2,"") | AB2: =IFERROR(INDEX('Squad Listing'!$A:$A,MATCH(AA2,'Squad Listing'!$B:$B,0)),"")
A3: 24-1016 | B3: =INDEX('Tournament List'!$L:$L,MATCH($A3,'Tournament List'!$A:$A,0)) -> Brighton Clay Crushers | C3: =INDEX('Tournament List'!$B:$B,MATCH($A3,'Tournament List'!$A:$A,0)) -> Joan | D3: =INDEX('Tournament List'!$C:$C,MATCH($A3,'Tournament List'!$A:$A,0)) -> Last Name17 | E3: =IF(C3<>"",C3&" "&D3,"") -> Joan Last Name17 | F3: =INDEX('Tournament List'!$M:$M,MATCH($A3,'Tournament List'!$A:$A,0)) -> Novice | G3: Skeet | H3: Novice 1 | I3: 1 | J3: 9:00 | K3: =IF(H3<>"",B3&"-"&H3&"-"&G3&"-Pos"&I3,"") -> Brighton Clay Crushers-Novice 1-Skeet-Pos1 | L3: =IF(H3<>"",IFERROR(INDEX('Tournament Setup'!$B$59:$B$78,MATCH(H3,SquadConcurrents,0)),""),"") -> Novice | M3: =IFERROR(INDEX('Squad Listing'!$A:$A,MATCH(B3&"-"&H3&"-"&G3,'Squad Listing'!$B:$B,0)),"") -> 10 | N3: =IF(H3<>"",I3,"") -> 1 | O3: Trap | S3: Sporting Clays | W3: =IF(P3<>"",B3&"-"&P3&"-"&O3&"-Pos"&Q3,"") | X3: =IF(P3<>"",B3&"-"&P3&"-"&O3,"") | Y3: =IFERROR(INDEX('Squad Listing'!$A:$A,MATCH(X3,'Squad Listing'!$B:$B,0)),"") | Z3: =IF(T3<>"",B3&"-"&T3&"-"&S3&"-Pos"&U3,"") | AA3: =IF(T3<>"",B3&"-"&T3&"-"&S3,"") | AB3: =IFERROR(INDEX('Squad Listing'!$A:$A,MATCH(AA3,'Squad Listing'!$B:$B,0)),"")
A4: 24-1034 | B4: =INDEX('Tournament List'!$L:$L,MATCH($A4,'Tournament List'!$A:$A,0)) -> Brighton Clay Crushers | C4: =INDEX('Tournament List'!$B:$B,MATCH($A4,'Tournament List'!$A:$A,0)) -> Patricia | D4: =INDEX('Tournament List'!$C:$C,MATCH($A4,'Tournament List'!$A:$A,0)) -> Last Name35 | E4: =IF(C4<>"",C4&" "&D4,"") -> Patricia Last Name35 | F4: =INDEX('Tournament List'!$M:$M,MATCH($A4,'Tournament List'!$A:$A,0)) -> Novice | G4: Skeet | H4: Novice 1 | I4: 2 | J4: 9:00 | K4: =IF(H4<>"",B4&"-"&H4&"-"&G4&"-Pos"&I4,"") -> Brighton Clay Crushers-Novice 1-Skeet-Pos2 | L4: =IF(H4<>"",IFERROR(INDEX('Tournament Setup'!$B$59:$B$78,MATCH(H4,SquadConcurrents,0)),""),"") -> Novice | M4: =IFERROR(INDEX('Squad Listing'!$A:$A,MATCH(B4&"-"&H4&"-"&G4,'Squad Listing'!$B:$B,0)),"") -> 10 | N4: =IF(H4<>"",I4,"") -> 2 | O4: Trap | S4: Sporting Clays | W4: =IF(P4<>"",B4&"-"&P4&"-"&O4&"-Pos"&Q4,"") | X4: =IF(P4<>"",B4&"-"&P4&"-"&O4,"") | Y4: =IFERROR(INDEX('Squad Listing'!$A:$A,MATCH(X4,'Squad Listing'!$B:$B,0)),"") | Z4: =IF(T4<>"",B4&"-"&T4&"-"&S4&"-Pos"&U4,"") | AA4: =IF(T4<>"",B4&"-"&T4&"-"&S4,"") | AB4: =IFERROR(INDEX('Squad Listing'!$A:$A,MATCH(AA4,'Squad Listing'!$B:$B,0)),"")
A5: 24-1046 | B5: =INDEX('Tournament List'!$L:$L,MATCH($A5,'Tournament List'!$A:$A,0)) -> Brighton Clay Crushers | C5: =INDEX('Tournament List'!$B:$B,MATCH($A5,'Tournament List'!$A:$A,0)) -> Rick | D5: =INDEX('Tournament List'!$C:$C,MATCH($A5,'Tournament List'!$A:$A,0)) -> Last Name47 | E5: =IF(C5<>"",C5&" "&D5,"") -> Rick Last Name47 | F5: =INDEX('Tournament List'!$M:$M,MATCH($A5,'Tournament List'!$A:$A,0)) -> Novice | G5: Skeet | H5: Novice 1 | I5: 3 | J5: 9:00 | K5: =IF(H5<>"",B5&"-"&H5&"-"&G5&"-Pos"&I5,"") -> Brighton Clay Crushers-Novice 1-Skeet-Pos3 | L5: =IF(H5<>"",IFERROR(INDEX('Tournament Setup'!$B$59:$B$78,MATCH(H5,SquadConcurrents,0)),""),"") -> Novice | M5: =IFERROR(INDEX('Squad Listing'!$A:$A,MATCH(B5&"-"&H5&"-"&G5,'Squad Listing'!$B:$B,0)),"") -> 10 | N5: =IF(H5<>"",I5,"") -> 3 | O5: Trap | S5: Sporting Clays | W5: =IF(P5<>"",B5&"-"&P5&"-"&O5&"-Pos"&Q5,"") | X5: =IF(P5<>"",B5&"-"&P5&"-"&O5,"") | Y5: =IFERROR(INDEX('Squad Listing'!$A:$A,MATCH(X5,'Squad Listing'!$B:$B,0)),"") | Z5: =IF(T5<>"",B5&"-"&T5&"-"&S5&"-Pos"&U5,"") | AA5: =IF(T5<>"",B5&"-"&T5&"-"&S5,"") | AB5: =IFERROR(INDEX('Squad Listing'!$A:$A,MATCH(AA5,'Squad Listing'!$B:$B,0)),"")
A6: 24-1022 | B6: =INDEX('Tournament List'!$L:$L,MATCH($A6,'Tournament List'!$A:$A,0)) -> Brighton Clay Crushers | C6: =INDEX('Tournament List'!$B:$B,MATCH($A6,'Tournament List'!$A:$A,0)) -> Tom | D6: =INDEX('Tournament List'!$C:$C,MATCH($A6,'Tournament List'!$A:$A,0)) -> Last Name23 | E6: =IF(C6<>"",C6&" "&D6,"") -> Tom Last Name23 | F6: =INDEX('Tournament List'!$M:$M,MATCH($A6,'Tournament List'!$A:$A,0)) -> Junior Varsity | G6: Skeet | H6: Junior Varsity 1 | I6: 1 | K6: =IF(H6<>"",B6&"-"&H6&"-"&G6&"-Pos"&I6,"") -> Brighton Clay Crushers-Junior Varsity 1-Skeet-Pos1 | L6: =IF(H6<>"",IFERROR(INDEX('Tournament Setup'!$B$59:$B$78,MATCH(H6,SquadConcurrents,0)),""),"") -> Junior Varsity | M6: =IFERROR(INDEX('Squad Listing'!$A:$A,MATCH(B6&"-"&H6&"-"&G6,'Squad Listing'!$B:$B,0)),"") -> 7 | N6: =IF(H6<>"",I6,"") -> 1 | O6: Trap | S6: Sporting Clays | W6: =IF(P6<>"",B6&"-"&P6&"-"&O6&"-Pos"&Q6,"") | X6: =IF(P6<>"",B6&"-"&P6&"-"&O6,"") | Y6: =IFERROR(INDEX('Squad Listing'!$A:$A,MATCH(X6,'Squad Listing'!$B:$B,0)),"") | Z6: =IF(T6<>"",B6&"-"&T6&"-"&S6&"-Pos"&U6,"") | AA6: =IF(T6<>"",B6&"-"&T6&"-"&S6,"") | AB6: =IFERROR(INDEX('Squad Listing'!$A:$A,MATCH(AA6,'Squad Listing'!$B:$B,0)),"")
A7: 24-1010 | B7: =INDEX('Tournament List'!$L:$L,MATCH($A7,'Tournament List'!$A:$A,0)) -> Brighton Clay Crushers | C7: =INDEX('Tournament List'!$B:$B,MATCH($A7,'Tournament List'!$A:$A,0)) -> Bill | D7: =INDEX('Tournament List'!$C:$C,MATCH($A7,'Tournament List'!$A:$A,0)) -> Last Name11 | E7: =IF(C7<>"",C7&" "&D7,"") -> Bill Last Name11 | F7: =INDEX('Tournament List'!$M:$M,MATCH($A7,'Tournament List'!$A:$A,0)) -> Junior Varsity | G7: Skeet | H7: Junior Varsity 1 | I7: 2 | K7: =IF(H7<>"",B7&"-"&H7&"-"&G7&"-Pos"&I7,"") -> Brighton Clay Crushers-Junior Varsity 1-Skeet-Pos2 | L7: =IF(H7<>"",IFERROR(INDEX('Tournament Setup'!$B$59:$B$78,MATCH(H7,SquadConcurrents,0)),""),"") -> Junior Varsity | M7: =IFERROR(INDEX('Squad Listing'!$A:$A,MATCH(B7&"-"&H7&"-"&G7,'Squad Listing'!$B:$B,0)),"") -> 7 | N7: =IF(H7<>"",I7,"") -> 2 | O7: Trap | S7: Sporting Clays | W7: =IF(P7<>"",B7&"-"&P7&"-"&O7&"-Pos"&Q7,"") | X7: =IF(P7<>"",B7&"-"&P7&"-"&O7,"") | Y7: =IFERROR(INDEX('Squad Listing'!$A:$A,MATCH(X7,'Squad Listing'!$B:$B,0)),"") | Z7: =IF(T7<>"",B7&"-"&T7&"-"&S7&"-Pos"&U7,"") | AA7: =IF(T7<>"",B7&"-"&T7&"-"&S7,"") | AB7: =IFERROR(INDEX('Squad Listing'!$A:$A,MATCH(AA7,'Squad Listing'!$B:$B,0)),"")
A8: 24-1028 | B8: =INDEX('Tournament List'!$L:$L,MATCH($A8,'Tournament List'!$A:$A,0)) -> Brighton Clay Crushers | C8: =INDEX('Tournament List'!$B:$B,MATCH($A8,'Tournament List'!$A:$A,0)) -> Alan | D8: =INDEX('Tournament List'!$C:$C,MATCH($A8,'Tournament List'!$A:$A,0)) -> Last Name29 | E8: =IF(C8<>"",C8&" "&D8,"") -> Alan Last Name29 | F8: =INDEX('Tournament List'!$M:$M,MATCH($A8,'Tournament List'!$A:$A,0)) -> Junior Varsity | G8: Skeet | H8: Junior Varsity 1 | I8: 3 | K8: =IF(H8<>"",B8&"-"&H8&"-"&G8&"-Pos"&I8,"") -> Brighton Clay Crushers-Junior Varsity 1-Skeet-Pos3 | L8: =IF(H8<>"",IFERROR(INDEX('Tournament Setup'!$B$59:$B$78,MATCH(H8,SquadConcurrents,0)),""),"") -> Junior Varsity | M8: =IFERROR(INDEX('Squad Listing'!$A:$A,MATCH(B8&"-"&H8&"-"&G8,'Squad Listing'!$B:$B,0)),"") -> 7 | N8: =IF(H8<>"",I8,"") -> 3 | O8: Trap | S8: Sporting Clays | W8: =IF(P8<>"",B8&"-"&P8&"-"&O8&"-Pos"&Q8,"") | X8: =IF(P8<>"",B8&"-"&P8&"-"&O8,"") | Y8: =IFERROR(INDEX('Squad Listing'!$A:$A,MATCH(X8,'Squad Listing'!$B:$B,0)),"") | Z8: =IF(T8<>"",B8&"-"&T8&"-"&S8&"-Pos"&U8,"") | AA8: =IF(T8<>"",B8&"-"&T8&"-"&S8,"") | AB8: =IFERROR(INDEX('Squad Listing'!$A:$A,MATCH(AA8,'Squad Listing'!$B:$B,0)),"")
A9: 24-1040 | B9: =INDEX('Tournament List'!$L:$L,MATCH($A9,'Tournament List'!$A:$A,0)) -> Brighton Clay Crushers | C9: =INDEX('Tournament List'!$B:$B,MATCH($A9,'Tournament List'!$A:$A,0)) -> Trey | D9: =INDEX('Tournament List'!$C:$C,MATCH($A9,'Tournament List'!$A:$A,0)) -> Last Name41 | E9: =IF(C9<>"",C9&" "&D9,"") -> Trey Last Name41 | F9: =INDEX('Tournament List'!$M:$M,MATCH($A9,'Tournament List'!$A:$A,0)) -> Varsity | G9: Skeet | K9: =IF(H9<>"",B9&"-"&H9&"-"&G9&"-Pos"&I9,"") | L9: =IF(H9<>"",IFERROR(INDEX('Tournament Setup'!$B$59:$B$78,MATCH(H9,SquadConcurrents,0)),""),"") | M9: =IFERROR(INDEX('Squad Listing'!$A:$A,MATCH(B9&"-"&H9&"-"&G9,'Squad Listing'!$B:$B,0)),"") | N9: =IF(H9<>"",I9,"") | O9: Trap | S9: Sporting Clays | W9: =IF(P9<>"",B9&"-"&P9&"-"&O9&"-Pos"&Q9,"") | X9: =IF(P9<>"",B9&"-"&P9&"-"&O9,"") | Y9: =IFERROR(INDEX('Squad Listing'!$A:$A,MATCH(X9,'Squad Listing'!$B:$B,0)),"") | Z9: =IF(T9<>"",B9&"-"&T9&"-"&S9&"-Pos"&U9,"") | AA9: =IF(T9<>"",B9&"-"&T9&"-"&S9,"") | AB9: =IFERROR(INDEX('Squad Listing'!$A:$A,MATCH(AA9,'Squad Listing'!$B:$B,0)),"")
A10: 24-1009 | B10: =INDEX('Tournament List'!$L:$L,MATCH($A10,'Tournament List'!$A:$A,0)) -> Forge Christian Shooting Team | C10: =INDEX('Tournament List'!$B:$B,MATCH($A10,'Tournament List'!$A:$A,0)) -> Christy | D10: =INDEX('Tournament List'!$C:$C,MATCH($A10,'Tournament List'!$A:$A,0)) -> Last Name10 | E10: =IF(C10<>"",C10&" "&D10,"") -> Christy Last Name10 | F10: =INDEX('Tournament List'!$M:$M,MATCH($A10,'Tournament List'!$A:$A,0)) -> Intermediate | G10: Skeet | H10: Intermediate 1 | I10: 1 | K10: =IF(H10<>"",B10&"-"&H10&"-"&G10&"-Pos"&I10,"") -> Forge Christian Shooting Team-Intermediate 1-Skeet-Pos1 | L10: =IF(H10<>"",IFERROR(INDEX('Tournament Setup'!$B$59:$B$78,MATCH(H10,SquadConcurrents,0)),""),"") -> Intermediate | M10: =IFERROR(INDEX('Squad Listing'!$A:$A,MATCH(B10&"-"&H10&"-"&G10,'Squad Listing'!$B:$B,0)),"") -> 61 | N10: =IF(H10<>"",I10,"") -> 1 | O10: Trap | S10: Sporting Clays | W10: =IF(P10<>"",B10&"-"&P10&"-"&O10&"-Pos"&Q10,"") | X10: =IF(P10<>"",B10&"-"&P10&"-"&O10,"") | Y10: =IFERROR(INDEX('Squad Listing'!$A:$A,MATCH(X10,'Squad Listing'!$B:$B,0)),"") | Z10: =IF(T10<>"",B10&"-"&T10&"-"&S10&"-Pos"&U10,"") | AA10: =IF(T10<>"",B10&"-"&T10&"-"&S10,"") | AB10: =IFERROR(INDEX('Squad Listing'!$A:$A,MATCH(AA10,'Squad Listing'!$B:$B,0)),"")
A11: 24-1021 | B11: =INDEX('Tournament List'!$L:$L,MATCH($A11,'Tournament List'!$A:$A,0)) -> Forge Christian Shooting Team | C11: =INDEX('Tournament List'!$B:$B,MATCH($A11,'Tournament List'!$A:$A,0)) -> Steve | D11: =INDEX('Tournament List'!$C:$C,MATCH($A11,'Tournament List'!$A:$A,0)) -> Last Name22 | E11: =IF(C11<>"",C11&" "&D11,"") -> Steve Last Name22 | F11: =INDEX('Tournament List'!$M:$M,MATCH($A11,'Tournament List'!$A:$A,0)) -> Intermediate | G11: Skeet | H11: Intermediate 1 | I11: 2 | K11: =IF(H11<>"",B11&"-"&H11&"-"&G11&"-Pos"&I11,"") -> Forge Christian Shooting Team-Intermediate 1-Skeet-Pos2 | L11: =IF(H11<>"",IFERROR(INDEX('Tournament Setup'!$B$59:$B$78,MATCH(H11,SquadConcurrents,0)),""),"") -> Intermediate | M11: =IFERROR(INDEX('Squad Listing'!$A:$A,MATCH(B11&"-"&H11&"-"&G11,'Squad Listing'!$B:$B,0)),"") -> 61 | N11: =IF(H11<>"",I11,"") -> 2 | O11: Trap | S11: Sporting Clays | W11: =IF(P11<>"",B11&"-"&P11&"-"&O11&"-Pos"&Q11,"") | X11: =IF(P11<>"",B11&"-"&P11&"-"&O11,"") | Y11: =IFERROR(INDEX('Squad Listing'!$A:$A,MATCH(X11,'Squad Listing'!$B:$B,0)),"") | Z11: =IF(T11<>"",B11&"-"&T11&"-"&S11&"-Pos"&U11,"") | AA11: =IF(T11<>"",B11&"-"&T11&"-"&S11,"") | AB11: =IFERROR(INDEX('Squad Listing'!$A:$A,MATCH(AA11,'Squad Listing'!$B:$B,0)),"")
A12: 24-1033 | B12: =INDEX('Tournament List'!$L:$L,MATCH($A12,'Tournament List'!$A:$A,0)) -> Forge Christian Shooting Team | C12: =INDEX('Tournament List'!$B:$B,MATCH($A12,'Tournament List'!$A:$A,0)) -> Marty | D12: =INDEX('Tournament List'!$C:$C,MATCH($A12,'Tournament List'!$A:$A,0)) -> Last Name34 | E12: =IF(C12<>"",C12&" "&D12,"") -> Marty Last Name34 | F12: =INDEX('Tournament List'!$M:$M,MATCH($A12,'Tournament List'!$A:$A,0)) -> Intermediate | G12: Skeet | H12: Intermediate 1 | I12: 3 | K12: =IF(H12<>"",B12&"-"&H12&"-"&G12&"-Pos"&I12,"") -> Forge Christian Shooting Team-Intermediate 1-Skeet-Pos3 | L12: =IF(H12<>"",IFERROR(INDEX('Tournament Setup'!$B$59:$B$78,MATCH(H12,SquadConcurrents,0)),""),"") -> Intermediate | M12: =IFERROR(INDEX('Squad Listing'!$A:$A,MATCH(B12&"-"&H12&"-"&G12,'Squad Listing'!$B:$B,0)),"") -> 61 | N12: =IF(H12<>"",I12,"") -> 3 | O12: Trap | S12: Sporting Clays | W12: =IF(P12<>"",B12&"-"&P12&"-"&O12&"-Pos"&Q12,"") | X12: =IF(P12<>"",B12&"-"&P12&"-"&O12,"") | Y12: =IFERROR(INDEX('Squad Listing'!$A:$A,MATCH(X12,'Squad Listing'!$B:$B,0)),"") | Z12: =IF(T12<>"",B12&"-"&T12&"-"&S12&"-Pos"&U12,"") | AA12: =IF(T12<>"",B12&"-"&T12&"-"&S12,"") | AB12: =IFERROR(INDEX('Squad Listing'!$A:$A,MATCH(AA12,'Squad Listing'!$B:$B,0)),"")
A13: 24-1045 | B13: =INDEX('Tournament List'!$L:$L,MATCH($A13,'Tournament List'!$A:$A,0)) -> Forge Christian Shooting Team | C13: =INDEX('Tournament List'!$B:$B,MATCH($A13,'Tournament List'!$A:$A,0)) -> Sam | D13: =INDEX('Tournament List'!$C:$C,MATCH($A13,'Tournament List'!$A:$A,0)) -> Last Name46 | E13: =IF(C13<>"",C13&" "&D13,"") -> Sam Last Name46 | F13: =INDEX('Tournament List'!$M:$M,MATCH($A13,'Tournament List'!$A:$A,0)) -> Varsity | G13: Skeet | H13: Varsity 1 | I13: 1 | K13: =IF(H13<>"",B13&"-"&H13&"-"&G13&"-Pos"&I13,"") -> Forge Christian Shooting Team-Varsity 1-Skeet-Pos1 | L13: =IF(H13<>"",IFERROR(INDEX('Tournament Setup'!$B$59:$B$78,MATCH(H13,SquadConcurrents,0)),""),"") -> Varsity | M13: =IFERROR(INDEX('Squad Listing'!$A:$A,MATCH(B13&"-"&H13&"-"&G13,'Squad Listing'!$B:$B,0)),"") -> 74 | N13: =IF(H13<>"",I13,"") -> 1 | O13: Trap | S13: Sporting Clays | W13: =IF(P13<>"",B13&"-"&P13&"-"&O13&"-Pos"&Q13,"") | X13: =IF(P13<>"",B13&"-"&P13&"-"&O13,"") | Y13: =IFERROR(INDEX('Squad Listing'!$A:$A,MATCH(X13,'Squad Listing'!$B:$B,0)),"") | Z13: =IF(T13<>"",B13&"-"&T13&"-"&S13&"-Pos"&U13,"") | AA13: =IF(T13<>"",B13&"-"&T13&"-"&S13,"") | AB13: =IFERROR(INDEX('Squad Listing'!$A:$A,MATCH(AA13,'Squad Listing'!$B:$B,0)),"")
A14: 24-1015 | B14: =INDEX('Tournament List'!$L:$L,MATCH($A14,'Tournament List'!$A:$A,0)) -> Forge Christian Shooting Team | C14: =INDEX('Tournament List'!$B:$B,MATCH($A14,'Tournament List'!$A:$A,0)) -> Paul | D14: =INDEX('Tournament List'!$C:$C,MATCH($A14,'Tournament List'!$A:$A,0)) -> Last Name16 | E14: =IF(C14<>"",C14&" "&D14,"") -> Paul Last Name16 | F14: =INDEX('Tournament List'!$M:$M,MATCH($A14,'Tournament List'!$A:$A,0)) -> Varsity | G14: Skeet | K14: =IF(H14<>"",B14&"-"&H14&"-"&G14&"-Pos"&I14,"") | L14: =IF(H14<>"",IFERROR(INDEX('Tournament Setup'!$B$59:$B$78,MATCH(H14,SquadConcurrents,0)),""),"") | M14: =IFERROR(INDEX('Squad Listing'!$A:$A,MATCH(B14&"-"&H14&"-"&G14,'Squad Listing'!$B:$B,0)),"") | N14: =IF(H14<>"",I14,"") | O14: Trap | S14: Sporting Clays | W14: =IF(P14<>"",B14&"-"&P14&"-"&O14&"-Pos"&Q14,"") | X14: =IF(P14<>"",B14&"-"&P14&"-"&O14,"") | Y14: =IFERROR(INDEX('Squad Listing'!$A:$A,MATCH(X14,'Squad Listing'!$B:$B,0)),"") | Z14: =IF(T14<>"",B14&"-"&T14&"-"&S14&"-Pos"&U14,"") | AA14: =IF(T14<>"",B14&"-"&T14&"-"&S14,"") | AB14: =IFERROR(INDEX('Squad Listing'!$A:$A,MATCH(AA14,'Squad Listing'!$B:$B,0)),"")
A15: 24-1027 | B15: =INDEX('Tournament List'!$L:$L,MATCH($A15,'Tournament List'!$A:$A,0)) -> Forge Christian Shooting Team | C15: =INDEX('Tournament List'!$B:$B,MATCH($A15,'Tournament List'!$A:$A,0)) -> Brad | D15: =INDEX('Tournament List'!$C:$C,MATCH($A15,'Tournament List'!$A:$A,0)) -> Last Name28 | E15: =IF(C15<>"",C15&" "&D15,"") -> Brad Last Name28 | F15: =INDEX('Tournament List'!$M:$M,MATCH($A15,'Tournament List'!$A:$A,0)) -> Varsity | G15: Skeet | H15: Varsity 1 | I15: 2 | K15: =IF(H15<>"",B15&"-"&H15&"-"&G15&"-Pos"&I15,"") -> Forge Christian Shooting Team-Varsity 1-Skeet-Pos2 | L15: =IF(H15<>"",IFERROR(INDEX('Tournament Setup'!$B$59:$B$78,MATCH(H15,SquadConcurrents,0)),""),"") -> Varsity | M15: =IFERROR(INDEX('Squad Listing'!$A:$A,MATCH(B15&"-"&H15&"-"&G15,'Squad Listing'!$B:$B,0)),"") -> 74 | N15: =IF(H15<>"",I15,"") -> 2 | O15: Trap | S15: Sporting Clays | W15: =IF(P15<>"",B15&"-"&P15&"-"&O15&"-Pos"&Q15,"") | X15: =IF(P15<>"",B15&"-"&P15&"-"&O15,"") | Y15: =IFERROR(INDEX('Squad Listing'!$A:$A,MATCH(X15,'Squad Listing'!$B:$B,0)),"") | Z15: =IF(T15<>"",B15&"-"&T15&"-"&S15&"-Pos"&U15,"") | AA15: =IF(T15<>"",B15&"-"&T15&"-"&S15,"") | AB15: =IFERROR(INDEX('Squad Listing'!$A:$A,MATCH(AA15,'Squad Listing'!$B:$B,0)),"")
A16: 24-1039 | B16: =INDEX('Tournament List'!$L:$L,MATCH($A16,'Tournament List'!$A:$A,0)) -> Forge Christian Shooting Team | C16: =INDEX('Tournament List'!$B:$B,MATCH($A16,'Tournament List'!$A:$A,0)) -> Troy | D16: =INDEX('Tournament List'!$C:$C,MATCH($A16,'Tournament List'!$A:$A,0)) -> Last Name40 | E16: =IF(C16<>"",C16&" "&D16,"") -> Troy Last Name40 | F16: =INDEX('Tournament List'!$M:$M,MATCH($A16,'Tournament List'!$A:$A,0)) -> Varsity | G16: Skeet | H16: Varsity 1 | I16: 3 | K16: =IF(H16<>"",B16&"-"&H16&"-"&G16&"-Pos"&I16,"") -> Forge Christian Shooting Team-Varsity 1-Skeet-Pos3 | L16: =IF(H16<>"",IFERROR(INDEX('Tournament Setup'!$B$59:$B$78,MATCH(H16,SquadConcurrents,0)),""),"") -> Varsity | M16: =IFERROR(INDEX('Squad Listing'!$A:$A,MATCH(B16&"-"&H16&"-"&G16,'Squad Listing'!$B:$B,0)),"") -> 74 | N16: =IF(H16<>"",I16,"") -> 3 | O16: Trap | S16: Sporting Clays | W16: =IF(P16<>"",B16&"-"&P16&"-"&O16&"-Pos"&Q16,"") | X16: =IF(P16<>"",B16&"-"&P16&"-"&O16,"") | Y16: =IFERROR(INDEX('Squad Listing'!$A:$A,MATCH(X16,'Squad Listing'!$B:$B,0)),"") | Z16: =IF(T16<>"",B16&"-"&T16&"-"&S16&"-Pos"&U16,"") | AA16: =IF(T16<>"",B16&"-"&T16&"-"&S16,"") | AB16: =IFERROR(INDEX('Squad Listing'!$A:$A,MATCH(AA16,'Squad Listing'!$B:$B,0)),"")
A17: 24-1003 | B17: =INDEX('Tournament List'!$L:$L,MATCH($A17,'Tournament List'!$A:$A,0)) -> Forge Christian Shooting Team | C17: =INDEX('Tournament List'!$B:$B,MATCH($A17,'Tournament List'!$A:$A,0)) -> Susan | D17: =INDEX('Tournament List'!$C:$C,MATCH($A17,'Tournament List'!$A:$A,0)) -> Last Name4 | E17: =IF(C17<>"",C17&" "&D17,"") -> Susan Last Name4 | F17: =INDEX('Tournament List'!$M:$M,MATCH($A17,'Tournament List'!$A:$A,0)) -> Varsity | G17: Skeet | K17: =IF(H17<>"",B17&"-"&H17&"-"&G17&"-Pos"&I17,"") | L17: =IF(H17<>"",IFERROR(INDEX('Tournament Setup'!$B$59:$B$78,MATCH(H17,SquadConcurrents,0)),""),"") | M17: =IFERROR(INDEX('Squad Listing'!$A:$A,MATCH(B17&"-"&H17&"-"&G17,'Squad Listing'!$B:$B,0)),"") | N17: =IF(H17<>"",I17,"") | O17: Trap | S17: Sporting Clays | W17: =IF(P17<>"",B17&"-"&P17&"-"&O17&"-Pos"&Q17,"") | X17: =IF(P17<>"",B17&"-"&P17&"-"&O17,"") | Y17: =IFERROR(INDEX('Squad Listing'!$A:$A,MATCH(X17,'Squad Listing'!$B:$B,0)),"") | Z17: =IF(T17<>"",B17&"-"&T17&"-"&S17&"-Pos"&U17,"") | AA17: =IF(T17<>"",B17&"-"&T17&"-"&S17,"") | AB17: =IFERROR(INDEX('Squad Listing'!$A:$A,MATCH(AA17,'Squad Listing'!$B:$B,0)),"")
A18: 24-1006 | B18: =INDEX('Tournament List'!$L:$L,MATCH($A18,'Tournament List'!$A:$A,0)) -> High Plains Drifters | C18: =INDEX('Tournament List'!$B:$B,MATCH($A18,'Tournament List'!$A:$A,0)) -> Blake | D18: =INDEX('Tournament List'!$C:$C,MATCH($A18,'Tournament List'!$A:$A,0)) -> Last Name7 | E18: =IF(C18<>"",C18&" "&D18,"") -> Blake Last Name7 | F18: =INDEX('Tournament List'!$M:$M,MATCH($A18,'Tournament List'!$A:$A,0)) -> Intermediate | G18: Skeet | H18: Intermediate 1 | I18: 1 | J18: 9:00 | K18: =IF(H18<>"",B18&"-"&H18&"-"&G18&"-Pos"&I18,"") -> High Plains Drifters-Intermediate 1-Skeet-Pos1 | L18: =IF(H18<>"",IFERROR(INDEX('Tournament Setup'!$B$59:$B$78,MATCH(H18,SquadConcurrents,0)),""),"") -> Intermediate | M18: =IFERROR(INDEX('Squad Listing'!$A:$A,MATCH(B18&"-"&H18&"-"&G18,'Squad Listing'!$B:$B,0)),"") -> 118 | N18: =IF(H18<>"",I18,"") -> 1 | O18: Trap | P18: Open 1 | Q18: 4 | R18: 11:00 | S18: Sporting Clays | W18: =IF(P18<>"",B18&"-"&P18&"-"&O18&"-Pos"&Q18,"") -> High Plains Drifters-Open 1-Trap-Pos4 | X18: =IF(P18<>"",B18&"-"&P18&"-"&O18,"") -> High Plains Drifters-Open 1-Trap | Y18: =IFERROR(INDEX('Squad Listing'!$A:$A,MATCH(X18,'Squad Listing'!$B:$B,0)),"") -> 165 | Z18: =IF(T18<>"",B18&"-"&T18&"-"&S18&"-Pos"&U18,"") | AA18: =IF(T18<>"",B18&"-"&T18&"-"&S18,"") | AB18: =IFERROR(INDEX('Squad Listing'!$A:$A,MATCH(AA18,'Squad Listing'!$B:$B,0)),"")
A19: 24-1030 | B19: =INDEX('Tournament List'!$L:$L,MATCH($A19,'Tournament List'!$A:$A,0)) -> High Plains Drifters | C19: =INDEX('Tournament List'!$B:$B,MATCH($A19,'Tournament List'!$A:$A,0)) -> Shelly | D19: =INDEX('Tournament List'!$C:$C,MATCH($A19,'Tournament List'!$A:$A,0)) -> Last Name31 | E19: =IF(C19<>"",C19&" "&D19,"") -> Shelly Last Name31 | F19: =INDEX('Tournament List'!$M:$M,MATCH($A19,'Tournament List'!$A:$A,0)) -> Intermediate | G19: Skeet | H19: Intermediate 1 | I19: 2 | J19: 9:00 | K19: =IF(H19<>"",B19&"-"&H19&"-"&G19&"-Pos"&I19,"") -> High Plains Drifters-Intermediate 1-Skeet-Pos2 | L19: =IF(H19<>"",IFERROR(INDEX('Tournament Setup'!$B$59:$B$78,MATCH(H19,SquadConcurrents,0)),""),"") -> Intermediate | M19: =IFERROR(INDEX('Squad Listing'!$A:$A,MATCH(B19&"-"&H19&"-"&G19,'Squad Listing'!$B:$B,0)),"") -> 118 | N19: =IF(H19<>"",I19,"") -> 2 | O19: Trap | P19: Open 1 | Q19: 5 | R19: 11:00 | S19: Sporting Clays | W19: =IF(P19<>"",B19&"-"&P19&"-"&O19&"-Pos"&Q19,"") -> High Plains Drifters-Open 1-Trap-Pos5 | X19: =IF(P19<>"",B19&"-"&P19&"-"&O19,"") -> High Plains Drifters-Open 1-Trap | Y19: =IFERROR(INDEX('Squad Listing'!$A:$A,MATCH(X19,'Squad Listing'!$B:$B,0)),"") -> 165 | Z19: =IF(T19<>"",B19&"-"&T19&"-"&S19&"-Pos"&U19,"") | AA19: =IF(T19<>"",B19&"-"&T19&"-"&S19,"") | AB19: =IFERROR(INDEX('Squad Listing'!$A:$A,MATCH(AA19,'Squad Listing'!$B:$B,0)),"")
A20: 24-1042 | B20: =INDEX('Tournament List'!$L:$L,MATCH($A20,'Tournament List'!$A:$A,0)) -> High Plains Drifters | C20: =INDEX('Tournament List'!$B:$B,MATCH($A20,'Tournament List'!$A:$A,0)) -> Terry | D20: =INDEX('Tournament List'!$C:$C,MATCH($A20,'Tournament List'!$A:$A,0)) -> Last Name43 | E20: =IF(C20<>"",C20&" "&D20,"") -> Terry Last Name43 | F20: =INDEX('Tournament List'!$M:$M,MATCH($A20,'Tournament List'!$A:$A,0)) -> Intermediate | G20: Skeet | H20: Intermediate 1 | I20: 3 | J20: 9:00 | K20: =IF(H20<>"",B20&"-"&H20&"-"&G20&"-Pos"&I20,"") -> High Plains Drifters-Intermediate 1-Skeet-Pos3 | L20: =IF(H20<>"",IFERROR(INDEX('Tournament Setup'!$B$59:$B$78,MATCH(H20,SquadConcurrents,0)),""),"") -> Intermediate | M20: =IFERROR(INDEX('Squad Listing'!$A:$A,MATCH(B20&"-"&H20&"-"&G20,'Squad Listing'!$B:$B,0)),"") -> 118 | N20: =IF(H20<>"",I20,"") -> 3 | O20: Trap | S20: Sporting Clays | T20: Open 1 | U20: 1 | W20: =IF(P20<>"",B20&"-"&P20&"-"&O20&"-Pos"&Q20,"") | X20: =IF(P20<>"",B20&"-"&P20&"-"&O20,"") | Y20: =IFERROR(INDEX('Squad Listing'!$A:$A,MATCH(X20,'Squad Listing'!$B:$B,0)),"") | Z20: =IF(T20<>"",B20&"-"&T20&"-"&S20&"-Pos"&U20,"") -> High Plains Drifters-Open 1-Sporting Clays-Pos1 | AA20: =IF(T20<>"",B20&"-"&T20&"-"&S20,"") -> High Plains Drifters-Open 1-Sporting Clays | AB20: =IFERROR(INDEX('Squad Listing'!$A:$A,MATCH(AA20,'Squad Listing'!$B:$B,0)),"") -> 146
A21: 24-1012 | B21: =INDEX('Tournament List'!$L:$L,MATCH($A21,'Tournament List'!$A:$A,0)) -> High Plains Drifters | C21: =INDEX('Tournament List'!$B:$B,MATCH($A21,'Tournament List'!$A:$A,0)) -> Bruce | D21: =INDEX('Tournament List'!$C:$C,MATCH($A21,'Tournament List'!$A:$A,0)) -> Last Name13 | E21: =IF(C21<>"",C21&" "&D21,"") -> Bruce Last Name13 | F21: =INDEX('Tournament List'!$M:$M,MATCH($A21,'Tournament List'!$A:$A,0)) -> Junior Varsity | G21: Skeet | K21: =IF(H21<>"",B21&"-"&H21&"-"&G21&"-Pos"&I21,"") | L21: =IF(H21<>"",IFERROR(INDEX('Tournament Setup'!$B$59:$B$78,MATCH(H21,SquadConcurrents,0)),""),"") | M21: =IFERROR(INDEX('Squad Listing'!$A:$A,MATCH(B21&"-"&H21&"-"&G21,'Squad Listing'!$B:$B,0)),"") | N21: =IF(H21<>"",I21,"") | O21: Trap | S21: Sporting Clays | T21: Open 1 | U21: 2 | W21: =IF(P21<>"",B21&"-"&P21&"-"&O21&"-Pos"&Q21,"") | X21: =IF(P21<>"",B21&"-"&P21&"-"&O21,"") | Y21: =IFERROR(INDEX('Squad Listing'!$A:$A,MATCH(X21,'Squad Listing'!$B:$B,0)),"") | Z21: =IF(T21<>"",B21&"-"&T21&"-"&S21&"-Pos"&U21,"") -> High Plains Drifters-Open 1-Sporting Clays-Pos2 | AA21: =IF(T21<>"",B21&"-"&T21&"-"&S21,"") -> High Plains Drifters-Open 1-Sporting Clays | AB21: =IFERROR(INDEX('Squad Listing'!$A:$A,MATCH(AA21,'Squad Listing'!$B:$B,0)),"") -> 146
A22: 24-1000 | B22: =INDEX('Tournament List'!$L:$L,MATCH($A22,'Tournament List'!$A:$A,0)) -> High Plains Drifters | C22: =INDEX('Tournament List'!$B:$B,MATCH($A22,'Tournament List'!$A:$A,0)) -> Jason | D22: =INDEX('Tournament List'!$C:$C,MATCH($A22,'Tournament List'!$A:$A,0)) -> Last Name1 | E22: =IF(C22<>"",C22&" "&D22,"") -> Jason Last Name1 | F22: =INDEX('Tournament List'!$M:$M,MATCH($A22,'Tournament List'!$A:$A,0)) -> Novice | G22: Skeet | K22: =IF(H22<>"",B22&"-"&H22&"-"&G22&"-Pos"&I22,"") | L22: =IF(H22<>"",IFERROR(INDEX('Tournament Setup'!$B$59:$B$78,MATCH(H22,SquadConcurrents,0)),""),"") | M22: =IFERROR(INDEX('Squad Listing'!$A:$A,MATCH(B22&"-"&H22&"-"&G22,'Squad Listing'!$B:$B,0)),"") | N22: =IF(H22<>"",I22,"") | O22: Trap | S22: Sporting Clays | T22: Open 1 | U22: 3 | W22: =IF(P22<>"",B22&"-"&P22&"-"&O22&"-Pos"&Q22,"") | X22: =IF(P22<>"",B22&"-"&P22&"-"&O22,"") | Y22: =IFERROR(INDEX('Squad Listing'!$A:$A,MATCH(X22,'Squad Listing'!$B:$B,0)),"") | Z22: =IF(T22<>"",B22&"-"&T22&"-"&S22&"-Pos"&U22,"") -> High Plains Drifters-Open 1-Sporting Clays-Pos3 | AA22: =IF(T22<>"",B22&"-"&T22&"-"&S22,"") -> High Plains Drifters-Open 1-Sporting Clays | AB22: =IFERROR(INDEX('Squad Listing'!$A:$A,MATCH(AA22,'Squad Listing'!$B:$B,0)),"") -> 146
A23: 24-1018 | B23: =INDEX('Tournament List'!$L:$L,MATCH($A23,'Tournament List'!$A:$A,0)) -> High Plains Drifters | C23: =INDEX('Tournament List'!$B:$B,MATCH($A23,'Tournament List'!$A:$A,0)) -> Jack | D23: =INDEX('Tournament List'!$C:$C,MATCH($A23,'Tournament List'!$A:$A,0)) -> Last Name19 | E23: =IF(C23<>"",C23&" "&D23,"") -> Jack Last Name19 | F23: =INDEX('Tournament List'!$M:$M,MATCH($A23,'Tournament List'!$A:$A,0)) -> Varsity | G23: Skeet | H23: Open 1 | I23: 1 | J23: 9:00 | K23: =IF(H23<>"",B23&"-"&H23&"-"&G23&"-Pos"&I23,"") -> High Plains Drifters-Open 1-Skeet-Pos1 | L23: =IF(H23<>"",IFERROR(INDEX('Tournament Setup'!$B$59:$B$78,MATCH(H23,SquadConcurrents,0)),""),"") -> Open | M23: =IFERROR(INDEX('Squad Listing'!$A:$A,MATCH(B23&"-"&H23&"-"&G23,'Squad Listing'!$B:$B,0)),"") -> 127 | N23: =IF(H23<>"",I23,"") -> 1 | O23: Trap | P23: Open 1 | Q23: 1 | R23: 11:00 | S23: Sporting Clays | T23: Varsity 1 | U23: 2 | W23: =IF(P23<>"",B23&"-"&P23&"-"&O23&"-Pos"&Q23,"") -> High Plains Drifters-Open 1-Trap-Pos1 | X23: =IF(P23<>"",B23&"-"&P23&"-"&O23,"") -> High Plains Drifters-Open 1-Trap | Y23: =IFERROR(INDEX('Squad Listing'!$A:$A,MATCH(X23,'Squad Listing'!$B:$B,0)),"") -> 165 | Z23: =IF(T23<>"",B23&"-"&T23&"-"&S23&"-Pos"&U23,"") -> High Plains Drifters-Varsity 1-Sporting Clays-Pos2 | AA23: =IF(T23<>"",B23&"-"&T23&"-"&S23,"") -> High Plains Drifters-Varsity 1-Sporting Clays | AB23: =IFERROR(INDEX('Squad Listing'!$A:$A,MATCH(AA23,'Squad Listing'!$B:$B,0)),"") -> 150
A24: 24-1024 | B24: =INDEX('Tournament List'!$L:$L,MATCH($A24,'Tournament List'!$A:$A,0)) -> High Plains Drifters | C24: =INDEX('Tournament List'!$B:$B,MATCH($A24,'Tournament List'!$A:$A,0)) -> Harry | D24: =INDEX('Tournament List'!$C:$C,MATCH($A24,'Tournament List'!$A:$A,0)) -> Last Name25 | E24: =IF(C24<>"",C24&" "&D24,"") -> Harry Last Name25 | F24: =INDEX('Tournament List'!$M:$M,MATCH($A24,'Tournament List'!$A:$A,0)) -> Varsity | G24: Skeet | H24: Open 1 | I24: 2 | J24: 9:00 | K24: =IF(H24<>"",B24&"-"&H24&"-"&G24&"-Pos"&I24,"") -> High Plains Drifters-Open 1-Skeet-Pos2 | L24: =IF(H24<>"",IFERROR(INDEX('Tournament Setup'!$B$59:$B$78,MATCH(H24,SquadConcurrents,0)),""),"") -> Open | M24: =IFERROR(INDEX('Squad Listing'!$A:$A,MATCH(B24&"-"&H24&"-"&G24,'Squad Listing'!$B:$B,0)),"") -> 127 | N24: =IF(H24<>"",I24,"") -> 2 | O24: Trap | P24: Open 1 | Q24: 2 | R24: 11:00 | S24: Sporting Clays | T24: Varsity 1 | U24: 1 | W24: =IF(P24<>"",B24&"-"&P24&"-"&O24&"-Pos"&Q24,"") -> High Plains Drifters-Open 1-Trap-Pos2 | X24: =IF(P24<>"",B24&"-"&P24&"-"&O24,"") -> High Plains Drifters-Open 1-Trap | Y24: =IFERROR(INDEX('Squad Listing'!$A:$A,MATCH(X24,'Squad Listing'!$B:$B,0)),"") -> 165 | Z24: =IF(T24<>"",B24&"-"&T24&"-"&S24&"-Pos"&U24,"") -> High Plains Drifters-Varsity 1-Sporting Clays-Pos1 | AA24: =IF(T24<>"",B24&"-"&T24&"-"&S24,"") -> High Plains Drifters-Varsity 1-Sporting Clays | AB24: =IFERROR(INDEX('Squad Listing'!$A:$A,MATCH(AA24,'Squad Listing'!$B:$B,0)),"") -> 150
A25: 24-1036 | B25: =INDEX('Tournament List'!$L:$L,MATCH($A25,'Tournament List'!$A:$A,0)) -> High Plains Drifters | C25: =INDEX('Tournament List'!$B:$B,MATCH($A25,'Tournament List'!$A:$A,0)) -> Will | D25: =INDEX('Tournament List'!$C:$C,MATCH($A25,'Tournament List'!$A:$A,0)) -> Last Name37 | E25: =IF(C25<>"",C25&" "&D25,"") -> Will Last Name37 | F25: =INDEX('Tournament List'!$M:$M,MATCH($A25,'Tournament List'!$A:$A,0)) -> Varsity | G25: Skeet | H25: Open 1 | I25: 3 | J25: 9:00 | K25: =IF(H25<>"",B25&"-"&H25&"-"&G25&"-Pos"&I25,"") -> High Plains Drifters-Open 1-Skeet-Pos3 | L25: =IF(H25<>"",IFERROR(INDEX('Tournament Setup'!$B$59:$B$78,MATCH(H25,SquadConcurrents,0)),""),"") -> Open | M25: =IFERROR(INDEX('Squad Listing'!$A:$A,MATCH(B25&"-"&H25&"-"&G25,'Squad Listing'!$B:$B,0)),"") -> 127 | N25: =IF(H25<>"",I25,"") -> 3 | O25: Trap | P25: Open 1 | Q25: 3 | R25: 11:00 | S25: Sporting Clays | T25: Varsity 1 | U25: 3 | W25: =IF(P25<>"",B25&"-"&P25&"-"&O25&"-Pos"&Q25,"") -> High Plains Drifters-Open 1-Trap-Pos3 | X25: =IF(P25<>"",B25&"-"&P25&"-"&O25,"") -> High Plains Drifters-Open 1-Trap | Y25: =IFERROR(INDEX('Squad Listing'!$A:$A,MATCH(X25,'Squad Listing'!$B:$B,0)),"") -> 165 | Z25: =IF(T25<>"",B25&"-"&T25&"-"&S25&"-Pos"&U25,"") -> High Plains Drifters-Varsity 1-Sporting Clays-Pos3 | AA25: =IF(T25<>"",B25&"-"&T25&"-"&S25,"") -> High Plains Drifters-Varsity 1-Sporting Clays | AB25: =IFERROR(INDEX('Squad Listing'!$A:$A,MATCH(AA25,'Squad Listing'!$B:$B,0)),"") -> 150
A26: 24-1011 | B26: =INDEX('Tournament List'!$L:$L,MATCH($A26,'Tournament List'!$A:$A,0)) -> Littleton Target Masters | C26: =INDEX('Tournament List'!$B:$B,MATCH($A26,'Tournament List'!$A:$A,0)) -> Bob | D26: =INDEX('Tournament List'!$C:$C,MATCH($A26,'Tournament List'!$A:$A,0)) -> Last Name12 | E26: =IF(C26<>"",C26&" "&D26,"") -> Bob Last Name12 | F26: =INDEX('Tournament List'!$M:$M,MATCH($A26,'Tournament List'!$A:$A,0)) -> Collegiate | G26: Skeet | H26: Collegiate 1 | I26: 1 | K26: =IF(H26<>"",B26&"-"&H26&"-"&G26&"-Pos"&I26,"") -> Littleton Target Masters-Collegiate 1-Skeet-Pos1 | L26: =IF(H26<>"",IFERROR(INDEX('Tournament Setup'!$B$59:$B$78,MATCH(H26,SquadConcurrents,0)),""),"") -> Collegiate | M26: =IFERROR(INDEX('Squad Listing'!$A:$A,MATCH(B26&"-"&H26&"-"&G26,'Squad Listing'!$B:$B,0)),"") -> 172 | N26: =IF(H26<>"",I26,"") -> 1 | O26: Trap | S26: Sporting Clays | W26: =IF(P26<>"",B26&"-"&P26&"-"&O26&"-Pos"&Q26,"") | X26: =IF(P26<>"",B26&"-"&P26&"-"&O26,"") | Y26: =IFERROR(INDEX('Squad Listing'!$A:$A,MATCH(X26,'Squad Listing'!$B:$B,0)),"") | Z26: =IF(T26<>"",B26&"-"&T26&"-"&S26&"-Pos"&U26,"") | AA26: =IF(T26<>"",B26&"-"&T26&"-"&S26,"") | AB26: =IFERROR(INDEX('Squad Listing'!$A:$A,MATCH(AA26,'Squad Listing'!$B:$B,0)),"")
A27: 24-1017 | B27: =INDEX('Tournament List'!$L:$L,MATCH($A27,'Tournament List'!$A:$A,0)) -> Littleton Target Masters | C27: =INDEX('Tournament List'!$B:$B,MATCH($A27,'Tournament List'!$A:$A,0)) -> Jill | D27: =INDEX('Tournament List'!$C:$C,MATCH($A27,'Tournament List'!$A:$A,0)) -> Last Name18 | E27: =IF(C27<>"",C27&" "&D27,"") -> Jill Last Name18 | F27: =INDEX('Tournament List'!$M:$M,MATCH($A27,'Tournament List'!$A:$A,0)) -> Collegiate | G27: Skeet | H27: Collegiate 1 | I27: 2 | K27: =IF(H27<>"",B27&"-"&H27&"-"&G27&"-Pos"&I27,"") -> Littleton Target Masters-Collegiate 1-Skeet-Pos2 | L27: =IF(H27<>"",IFERROR(INDEX('Tournament Setup'!$B$59:$B$78,MATCH(H27,SquadConcurrents,0)),""),"") -> Collegiate | M27: =IFERROR(INDEX('Squad Listing'!$A:$A,MATCH(B27&"-"&H27&"-"&G27,'Squad Listing'!$B:$B,0)),"") -> 172 | N27: =IF(H27<>"",I27,"") -> 2 | O27: Trap | S27: Sporting Clays | W27: =IF(P27<>"",B27&"-"&P27&"-"&O27&"-Pos"&Q27,"") | X27: =IF(P27<>"",B27&"-"&P27&"-"&O27,"") | Y27: =IFERROR(INDEX('Squad Listing'!$A:$A,MATCH(X27,'Squad Listing'!$B:$B,0)),"") | Z27: =IF(T27<>"",B27&"-"&T27&"-"&S27&"-Pos"&U27,"") | AA27: =IF(T27<>"",B27&"-"&T27&"-"&S27,"") | AB27: =IFERROR(INDEX('Squad Listing'!$A:$A,MATCH(AA27,'Squad Listing'!$B:$B,0)),"")
A28: 24-1029 | B28: =INDEX('Tournament List'!$L:$L,MATCH($A28,'Tournament List'!$A:$A,0)) -> Littleton Target Masters | C28: =INDEX('Tournament List'!$B:$B,MATCH($A28,'Tournament List'!$A:$A,0)) -> Judy | D28: =INDEX('Tournament List'!$C:$C,MATCH($A28,'Tournament List'!$A:$A,0)) -> Last Name30 | E28: =IF(C28<>"",C28&" "&D28,"") -> Judy Last Name30 | F28: =INDEX('Tournament List'!$M:$M,MATCH($A28,'Tournament List'!$A:$A,0)) -> Collegiate | G28: Skeet | H28: Collegiate 1 | I28: 3 | K28: =IF(H28<>"",B28&"-"&H28&"-"&G28&"-Pos"&I28,"") -> Littleton Target Masters-Collegiate 1-Skeet-Pos3 | L28: =IF(H28<>"",IFERROR(INDEX('Tournament Setup'!$B$59:$B$78,MATCH(H28,SquadConcurrents,0)),""),"") -> Collegiate | M28: =IFERROR(INDEX('Squad Listing'!$A:$A,MATCH(B28&"-"&H28&"-"&G28,'Squad Listing'!$B:$B,0)),"") -> 172 | N28: =IF(H28<>"",I28,"") -> 3 | O28: Trap | S28: Sporting Clays | W28: =IF(P28<>"",B28&"-"&P28&"-"&O28&"-Pos"&Q28,"") | X28: =IF(P28<>"",B28&"-"&P28&"-"&O28,"") | Y28: =IFERROR(INDEX('Squad Listing'!$A:$A,MATCH(X28,'Squad Listing'!$B:$B,0)),"") | Z28: =IF(T28<>"",B28&"-"&T28&"-"&S28&"-Pos"&U28,"") | AA28: =IF(T28<>"",B28&"-"&T28&"-"&S28,"") | AB28: =IFERROR(INDEX('Squad Listing'!$A:$A,MATCH(AA28,'Squad Listing'!$B:$B,0)),"")
A29: 24-1041 | B29: =INDEX('Tournament List'!$L:$L,MATCH($A29,'Tournament List'!$A:$A,0)) -> Littleton Target Masters | C29: =INDEX('Tournament List'!$B:$B,MATCH($A29,'Tournament List'!$A:$A,0)) -> Owen | D29: =INDEX('Tournament List'!$C:$C,MATCH($A29,'Tournament List'!$A:$A,0)) -> Last Name42 | E29: =IF(C29<>"",C29&" "&D29,"") -> Owen Last Name42 | F29: =INDEX('Tournament List'!$M:$M,MATCH($A29,'Tournament List'!$A:$A,0)) -> Novice | G29: Skeet | H29: Novice 1 | I29: 3 | K29: =IF(H29<>"",B29&"-"&H29&"-"&G29&"-Pos"&I29,"") -> Littleton Target Masters-Novice 1-Skeet-Pos3 | L29: =IF(H29<>"",IFERROR(INDEX('Tournament Setup'!$B$59:$B$78,MATCH(H29,SquadConcurrents,0)),""),"") -> Novice | M29: =IFERROR(INDEX('Squad Listing'!$A:$A,MATCH(B29&"-"&H29&"-"&G29,'Squad Listing'!$B:$B,0)),"") -> 181 | N29: =IF(H29<>"",I29,"") -> 3 | O29: Trap | S29: Sporting Clays | W29: =IF(P29<>"",B29&"-"&P29&"-"&O29&"-Pos"&Q29,"") | X29: =IF(P29<>"",B29&"-"&P29&"-"&O29,"") | Y29: =IFERROR(INDEX('Squad Listing'!$A:$A,MATCH(X29,'Squad Listing'!$B:$B,0)),"") | Z29: =IF(T29<>"",B29&"-"&T29&"-"&S29&"-Pos"&U29,"") | AA29: =IF(T29<>"",B29&"-"&T29&"-"&S29,"") | AB29: =IFERROR(INDEX('Squad Listing'!$A:$A,MATCH(AA29,'Squad Listing'!$B:$B,0)),"")
A30: 24-1005 | B30: =INDEX('Tournament List'!$L:$L,MATCH($A30,'Tournament List'!$A:$A,0)) -> Littleton Target Masters | C30: =INDEX('Tournament List'!$B:$B,MATCH($A30,'Tournament List'!$A:$A,0)) -> Ben | D30: =INDEX('Tournament List'!$C:$C,MATCH($A30,'Tournament List'!$A:$A,0)) -> Last Name6 | E30: =IF(C30<>"",C30&" "&D30,"") -> Ben Last Name6 | F30: =INDEX('Tournament List'!$M:$M,MATCH($A30,'Tournament List'!$A:$A,0)) -> Novice | G30: Skeet | H30: Novice 1 | I30: 2 | K30: =IF(H30<>"",B30&"-"&H30&"-"&G30&"-Pos"&I30,"") -> Littleton Target Masters-Novice 1-Skeet-Pos2 | L30: =IF(H30<>"",IFERROR(INDEX('Tournament Setup'!$B$59:$B$78,MATCH(H30,SquadConcurrents,0)),""),"") -> Novice | M30: =IFERROR(INDEX('Squad Listing'!$A:$A,MATCH(B30&"-"&H30&"-"&G30,'Squad Listing'!$B:$B,0)),"") -> 181 | N30: =IF(H30<>"",I30,"") -> 2 | O30: Trap | S30: Sporting Clays | W30: =IF(P30<>"",B30&"-"&P30&"-"&O30&"-Pos"&Q30,"") | X30: =IF(P30<>"",B30&"-"&P30&"-"&O30,"") | Y30: =IFERROR(INDEX('Squad Listing'!$A:$A,MATCH(X30,'Squad Listing'!$B:$B,0)),"") | Z30: =IF(T30<>"",B30&"-"&T30&"-"&S30&"-Pos"&U30,"") | AA30: =IF(T30<>"",B30&"-"&T30&"-"&S30,"") | AB30: =IFERROR(INDEX('Squad Listing'!$A:$A,MATCH(AA30,'Squad Listing'!$B:$B,0)),"")
A31: 24-1035 | B31: =INDEX('Tournament List'!$L:$L,MATCH($A31,'Tournament List'!$A:$A,0)) -> Littleton Target Masters | C31: =INDEX('Tournament List'!$B:$B,MATCH($A31,'Tournament List'!$A:$A,0)) -> Randy | D31: =INDEX('Tournament List'!$C:$C,MATCH($A31,'Tournament List'!$A:$A,0)) -> Last Name36 | E31: =IF(C31<>"",C31&" "&D31,"") -> Randy Last Name36 | F31: =INDEX('Tournament List'!$M:$M,MATCH($A31,'Tournament List'!$A:$A,0)) -> Novice | G31: Skeet | H31: Novice 1 | I31: 1 | K31: =IF(H31<>"",B31&"-"&H31&"-"&G31&"-Pos"&I31,"") -> Littleton Target Masters-Novice 1-Skeet-Pos1 | L31: =IF(H31<>"",IFERROR(INDEX('Tournament Setup'!$B$59:$B$78,MATCH(H31,SquadConcurrents,0)),""),"") -> Novice | M31: =IFERROR(INDEX('Squad Listing'!$A:$A,MATCH(B31&"-"&H31&"-"&G31,'Squad Listing'!$B:$B,0)),"") -> 181 | N31: =IF(H31<>"",I31,"") -> 1 | O31: Trap | S31: Sporting Clays | W31: =IF(P31<>"",B31&"-"&P31&"-"&O31&"-Pos"&Q31,"") | X31: =IF(P31<>"",B31&"-"&P31&"-"&O31,"") | Y31: =IFERROR(INDEX('Squad Listing'!$A:$A,MATCH(X31,'Squad Listing'!$B:$B,0)),"") | Z31: =IF(T31<>"",B31&"-"&T31&"-"&S31&"-Pos"&U31,"") | AA31: =IF(T31<>"",B31&"-"&T31&"-"&S31,"") | AB31: =IFERROR(INDEX('Squad Listing'!$A:$A,MATCH(AA31,'Squad Listing'!$B:$B,0)),"")
A32: 24-1047 | B32: =INDEX('Tournament List'!$L:$L,MATCH($A32,'Tournament List'!$A:$A,0)) -> Littleton Target Masters | C32: =INDEX('Tournament List'!$B:$B,MATCH($A32,'Tournament List'!$A:$A,0)) -> Jackson | D32: =INDEX('Tournament List'!$C:$C,MATCH($A32,'Tournament List'!$A:$A,0)) -> Last Name48 | E32: =IF(C32<>"",C32&" "&D32,"") -> Jackson Last Name48 | F32: =INDEX('Tournament List'!$M:$M,MATCH($A32,'Tournament List'!$A:$A,0)) -> Novice | G32: Skeet | K32: =IF(H32<>"",B32&"-"&H32&"-"&G32&"-Pos"&I32,"") | L32: =IF(H32<>"",IFERROR(INDEX('Tournament Setup'!$B$59:$B$78,MATCH(H32,SquadConcurrents,0)),""),"") | M32: =IFERROR(INDEX('Squad Listing'!$A:$A,MATCH(B32&"-"&H32&"-"&G32,'Squad Listing'!$B:$B,0)),"") | N32: =IF(H32<>"",I32,"") | O32: Trap | S32: Sporting Clays | W32: =IF(P32<>"",B32&"-"&P32&"-"&O32&"-Pos"&Q32,"") | X32: =IF(P32<>"",B32&"-"&P32&"-"&O32,"") | Y32: =IFERROR(INDEX('Squad Listing'!$A:$A,MATCH(X32,'Squad Listing'!$B:$B,0)),"") | Z32: =IF(T32<>"",B32&"-"&T32&"-"&S32&"-Pos"&U32,"") | AA32: =IF(T32<>"",B32&"-"&T32&"-"&S32,"") | AB32: =IFERROR(INDEX('Squad Listing'!$A:$A,MATCH(AA32,'Squad Listing'!$B:$B,0)),"")
A33: 24-1023 | B33: =INDEX('Tournament List'!$L:$L,MATCH($A33,'Tournament List'!$A:$A,0)) -> Littleton Target Masters | C33: =INDEX('Tournament List'!$B:$B,MATCH($A33,'Tournament List'!$A:$A,0)) -> Tim | D33: =INDEX('Tournament List'!$C:$C,MATCH($A33,'Tournament List'!$A:$A,0)) -> Last Name24 | E33: =IF(C33<>"",C33&" "&D33,"") -> Tim Last Name24 | F33: =INDEX('Tournament List'!$M:$M,MATCH($A33,'Tournament List'!$A:$A,0)) -> Novice | G33: Skeet | K33: =IF(H33<>"",B33&"-"&H33&"-"&G33&"-Pos"&I33,"") | L33: =IF(H33<>"",IFERROR(INDEX('Tournament Setup'!$B$59:$B$78,MATCH(H33,SquadConcurrents,0)),""),"") | M33: =IFERROR(INDEX('Squad Listing'!$A:$A,MATCH(B33&"-"&H33&"-"&G33,'Squad Listing'!$B:$B,0)),"") | N33: =IF(H33<>"",I33,"") | O33: Trap | S33: Sporting Clays | W33: =IF(P33<>"",B33&"-"&P33&"-"&O33&"-Pos"&Q33,"") | X33: =IF(P33<>"",B33&"-"&P33&"-"&O33,"") | Y33: =IFERROR(INDEX('Squad Listing'!$A:$A,MATCH(X33,'Squad Listing'!$B:$B,0)),"") | Z33: =IF(T33<>"",B33&"-"&T33&"-"&S33&"-Pos"&U33,"") | AA33: =IF(T33<>"",B33&"-"&T33&"-"&S33,"") | AB33: =IFERROR(INDEX('Squad Listing'!$A:$A,MATCH(AA33,'Squad Listing'!$B:$B,0)),"")
A34: 24-1019 | B34: =INDEX('Tournament List'!$L:$L,MATCH($A34,'Tournament List'!$A:$A,0)) -> Rocky Mountain Clay Busters | C34: =INDEX('Tournament List'!$B:$B,MATCH($A34,'Tournament List'!$A:$A,0)) -> Chris | D34: =INDEX('Tournament List'!$C:$C,MATCH($A34,'Tournament List'!$A:$A,0)) -> Last Name20 | E34: =IF(C34<>"",C34&" "&D34,"") -> Chris Last Name20 | F34: =INDEX('Tournament List'!$M:$M,MATCH($A34,'Tournament List'!$A:$A,0)) -> Junior Varsity | G34: Skeet | K34: =IF(H34<>"",B34&"-"&H34&"-"&G34&"-Pos"&I34,"") | L34: =IF(H34<>"",IFERROR(INDEX('Tournament Setup'!$B$59:$B$78,MATCH(H34,SquadConcurrents,0)),""),"") | M34: =IFERROR(INDEX('Squad Listing'!$A:$A,MATCH(B34&"-"&H34&"-"&G34,'Squad Listing'!$B:$B,0)),"") | N34: =IF(H34<>"",I34,"") | O34: Trap | S34: Sporting Clays | W34: =IF(P34<>"",B34&"-"&P34&"-"&O34&"-Pos"&Q34,"") | X34: =IF(P34<>"",B34&"-"&P34&"-"&O34,"") | Y34: =IFERROR(INDEX('Squad Listing'!$A:$A,MATCH(X34,'Squad Listing'!$B:$B,0)),"") | Z34: =IF(T34<>"",B34&"-"&T34&"-"&S34&"-Pos"&U34,"") | AA34: =IF(T34<>"",B34&"-"&T34&"-"&S34,"") | AB34: =IFERROR(INDEX('Squad Listing'!$A:$A,MATCH(AA34,'Squad Listing'!$B:$B,0)),"")
A35: 24-1001 | B35: =INDEX('Tournament List'!$L:$L,MATCH($A35,'Tournament List'!$A:$A,0)) -> Rocky Mountain Clay Busters | C35: =INDEX('Tournament List'!$B:$B,MATCH($A35,'Tournament List'!$A:$A,0)) -> John | D35: =INDEX('Tournament List'!$C:$C,MATCH($A35,'Tournament List'!$A:$A,0)) -> Last Name2 | E35: =IF(C35<>"",C35&" "&D35,"") -> John Last Name2 | F35: =INDEX('Tournament List'!$M:$M,MATCH($A35,'Tournament List'!$A:$A,0)) -> Junior Varsity | G35: Skeet | K35: =IF(H35<>"",B35&"-"&H35&"-"&G35&"-Pos"&I35,"") | L35: =IF(H35<>"",IFERROR(INDEX('Tournament Setup'!$B$59:$B$78,MATCH(H35,SquadConcurrents,0)),""),"") | M35: =IFERROR(INDEX('Squad Listing'!$A:$A,MATCH(B35&"-"&H35&"-"&G35,'Squad Listing'!$B:$B,0)),"") | N35: =IF(H35<>"",I35,"") | O35: Trap | S35: Sporting Clays | W35: =IF(P35<>"",B35&"-"&P35&"-"&O35&"-Pos"&Q35,"") | X35: =IF(P35<>"",B35&"-"&P35&"-"&O35,"") | Y35: =IFERROR(INDEX('Squad Listing'!$A:$A,MATCH(X35,'Squad Listing'!$B:$B,0)),"") | Z35: =IF(T35<>"",B35&"-"&T35&"-"&S35&"-Pos"&U35,"") | AA35: =IF(T35<>"",B35&"-"&T35&"-"&S35,"") | AB35: =IFERROR(INDEX('Squad Listing'!$A:$A,MATCH(AA35,'Squad Listing'!$B:$B,0)),"")
A36: 24-1007 | B36: =INDEX('Tournament List'!$L:$L,MATCH($A36,'Tournament List'!$A:$A,0)) -> Rocky Mountain Clay Busters | C36: =INDEX('Tournament List'!$B:$B,MATCH($A36,'Tournament List'!$A:$A,0)) -> James | D36: =INDEX('Tournament List'!$C:$C,MATCH($A36,'Tournament List'!$A:$A,0)) -> Last Name8 | E36: =IF(C36<>"",C36&" "&D36,"") -> James Last Name8 | F36: =INDEX('Tournament List'!$M:$M,MATCH($A36,'Tournament List'!$A:$A,0)) -> Junior Varsity | G36: Skeet | H36: Junior Varsity 1 | I36: 2 | K36: =IF(H36<>"",B36&"-"&H36&"-"&G36&"-Pos"&I36,"") -> Rocky Mountain Clay Busters-Junior Varsity 1-Skeet-Pos2 | L36: =IF(H36<>"",IFERROR(INDEX('Tournament Setup'!$B$59:$B$78,MATCH(H36,SquadConcurrents,0)),""),"") -> Junior Varsity | M36: =IFERROR(INDEX('Squad Listing'!$A:$A,MATCH(B36&"-"&H36&"-"&G36,'Squad Listing'!$B:$B,0)),"") -> 235 | N36: =IF(H36<>"",I36,"") -> 2 | O36: Trap | S36: Sporting Clays | W36: =IF(P36<>"",B36&"-"&P36&"-"&O36&"-Pos"&Q36,"") | X36: =IF(P36<>"",B36&"-"&P36&"-"&O36,"") | Y36: =IFERROR(INDEX('Squad Listing'!$A:$A,MATCH(X36,'Squad Listing'!$B:$B,0)),"") | Z36: =IF(T36<>"",B36&"-"&T36&"-"&S36&"-Pos"&U36,"") | AA36: =IF(T36<>"",B36&"-"&T36&"-"&S36,"") | AB36: =IFERROR(INDEX('Squad Listing'!$A:$A,MATCH(AA36,'Squad Listing'!$B:$B,0)),"")
A37: 24-1025 | B37: =INDEX('Tournament List'!$L:$L,MATCH($A37,'Tournament List'!$A:$A,0)) -> Rocky Mountain Clay Busters | C37: =INDEX('Tournament List'!$B:$B,MATCH($A37,'Tournament List'!$A:$A,0)) -> Gary | D37: =INDEX('Tournament List'!$C:$C,MATCH($A37,'Tournament List'!$A:$A,0)) -> Last Name26 | E37: =IF(C37<>"",C37&" "&D37,"") -> Gary Last Name26 | F37: =INDEX('Tournament List'!$M:$M,MATCH($A37,'Tournament List'!$A:$A,0)) -> Junior Varsity | G37: Skeet | H37: Junior Varsity 1 | I37: 1 | K37: =IF(H37<>"",B37&"-"&H37&"-"&G37&"-Pos"&I37,"") -> Rocky Mountain Clay Busters-Junior Varsity 1-Skeet-Pos1 | L37: =IF(H37<>"",IFERROR(INDEX('Tournament Setup'!$B$59:$B$78,MATCH(H37,SquadConcurrents,0)),""),"") -> Junior Varsity | M37: =IFERROR(INDEX('Squad Listing'!$A:$A,MATCH(B37&"-"&H37&"-"&G37,'Squad Listing'!$B:$B,0)),"") -> 235 | N37: =IF(H37<>"",I37,"") -> 1 | O37: Trap | S37: Sporting Clays | W37: =IF(P37<>"",B37&"-"&P37&"-"&O37&"-Pos"&Q37,"") | X37: =IF(P37<>"",B37&"-"&P37&"-"&O37,"") | Y37: =IFERROR(INDEX('Squad Listing'!$A:$A,MATCH(X37,'Squad Listing'!$B:$B,0)),"") | Z37: =IF(T37<>"",B37&"-"&T37&"-"&S37&"-Pos"&U37,"") | AA37: =IF(T37<>"",B37&"-"&T37&"-"&S37,"") | AB37: =IFERROR(INDEX('Squad Listing'!$A:$A,MATCH(AA37,'Squad Listing'!$B:$B,0)),"")
A38: 24-1037 | B38: =INDEX('Tournament List'!$L:$L,MATCH($A38,'Tournament List'!$A:$A,0)) -> Rocky Mountain Clay Busters | C38: =INDEX('Tournament List'!$B:$B,MATCH($A38,'Tournament List'!$A:$A,0)) -> Stuart | D38: =INDEX('Tournament List'!$C:$C,MATCH($A38,'Tournament List'!$A:$A,0)) -> Last Name38 | E38: =IF(C38<>"",C38&" "&D38,"") -> Stuart Last Name38 | F38: =INDEX('Tournament List'!$M:$M,MATCH($A38,'Tournament List'!$A:$A,0)) -> Junior Varsity | G38: Skeet | H38: Junior Varsity 1 | I38: 3 | K38: =IF(H38<>"",B38&"-"&H38&"-"&G38&"-Pos"&I38,"") -> Rocky Mountain Clay Busters-Junior Varsity 1-Skeet-Pos3 | L38: =IF(H38<>"",IFERROR(INDEX('Tournament Setup'!$B$59:$B$78,MATCH(H38,SquadConcurrents,0)),""),"") -> Junior Varsity | M38: =IFERROR(INDEX('Squad Listing'!$A:$A,MATCH(B38&"-"&H38&"-"&G38,'Squad Listing'!$B:$B,0)),"") -> 235 | N38: =IF(H38<>"",I38,"") -> 3 | O38: Trap | S38: Sporting Clays | W38: =IF(P38<>"",B38&"-"&P38&"-"&O38&"-Pos"&Q38,"") | X38: =IF(P38<>"",B38&"-"&P38&"-"&O38,"") | Y38: =IFERROR(INDEX('Squad Listing'!$A:$A,MATCH(X38,'Squad Listing'!$B:$B,0)),"") | Z38: =IF(T38<>"",B38&"-"&T38&"-"&S38&"-Pos"&U38,"") | AA38: =IF(T38<>"",B38&"-"&T38&"-"&S38,"") | AB38: =IFERROR(INDEX('Squad Listing'!$A:$A,MATCH(AA38,'Squad Listing'!$B:$B,0)),"")
A39: 24-1031 | B39: =INDEX('Tournament List'!$L:$L,MATCH($A39,'Tournament List'!$A:$A,0)) -> Rocky Mountain Clay Busters | C39: =INDEX('Tournament List'!$B:$B,MATCH($A39,'Tournament List'!$A:$A,0)) -> Kelly | D39: =INDEX('Tournament List'!$C:$C,MATCH($A39,'Tournament List'!$A:$A,0)) -> Last Name32 | E39: =IF(C39<>"",C39&" "&D39,"") -> Kelly Last Name32 | F39: =INDEX('Tournament List'!$M:$M,MATCH($A39,'Tournament List'!$A:$A,0)) -> Intermediate | G39: Skeet | H39: Intermediate 1 | I39: 3 | K39: =IF(H39<>"",B39&"-"&H39&"-"&G39&"-Pos"&I39,"") -> Rocky Mountain Clay Busters-Intermediate 1-Skeet-Pos3 | L39: =IF(H39<>"",IFERROR(INDEX('Tournament Setup'!$B$59:$B$78,MATCH(H39,SquadConcurrents,0)),""),"") -> Intermediate | M39: =IFERROR(INDEX('Squad Listing'!$A:$A,MATCH(B39&"-"&H39&"-"&G39,'Squad Listing'!$B:$B,0)),"") -> 232 | N39: =IF(H39<>"",I39,"") -> 3 | O39: Trap | S39: Sporting Clays | W39: =IF(P39<>"",B39&"-"&P39&"-"&O39&"-Pos"&Q39,"") | X39: =IF(P39<>"",B39&"-"&P39&"-"&O39,"") | Y39: =IFERROR(INDEX('Squad Listing'!$A:$A,MATCH(X39,'Squad Listing'!$B:$B,0)),"") | Z39: =IF(T39<>"",B39&"-"&T39&"-"&S39&"-Pos"&U39,"") | AA39: =IF(T39<>"",B39&"-"&T39&"-"&S39,"") | AB39: =IFERROR(INDEX('Squad Listing'!$A:$A,MATCH(AA39,'Squad Listing'!$B:$B,0)),"")
A40: 24-1043 | B40: =INDEX('Tournament List'!$L:$L,MATCH($A40,'Tournament List'!$A:$A,0)) -> Rocky Mountain Clay Busters | C40: =INDEX('Tournament List'!$B:$B,MATCH($A40,'Tournament List'!$A:$A,0)) -> Trisha | D40: =INDEX('Tournament List'!$C:$C,MATCH($A40,'Tournament List'!$A:$A,0)) -> Last Name44 | E40: =IF(C40<>"",C40&" "&D40,"") -> Trisha Last Name44 | F40: =INDEX('Tournament List'!$M:$M,MATCH($A40,'Tournament List'!$A:$A,0)) -> Intermediate | G40: Skeet | H40: Intermediate 1 | I40: 1 | K40: =IF(H40<>"",B40&"-"&H40&"-"&G40&"-Pos"&I40,"") -> Rocky Mountain Clay Busters-Intermediate 1-Skeet-Pos1 | L40: =IF(H40<>"",IFERROR(INDEX('Tournament Setup'!$B$59:$B$78,MATCH(H40,SquadConcurrents,0)),""),"") -> Intermediate | M40: =IFERROR(INDEX('Squad Listing'!$A:$A,MATCH(B40&"-"&H40&"-"&G40,'Squad Listing'!$B:$B,0)),"") -> 232 | N40: =IF(H40<>"",I40,"") -> 1 | O40: Trap | S40: Sporting Clays | W40: =IF(P40<>"",B40&"-"&P40&"-"&O40&"-Pos"&Q40,"") | X40: =IF(P40<>"",B40&"-"&P40&"-"&O40,"") | Y40: =IFERROR(INDEX('Squad Listing'!$A:$A,MATCH(X40,'Squad Listing'!$B:$B,0)),"") | Z40: =IF(T40<>"",B40&"-"&T40&"-"&S40&"-Pos"&U40,"") | AA40: =IF(T40<>"",B40&"-"&T40&"-"&S40,"") | AB40: =IFERROR(INDEX('Squad Listing'!$A:$A,MATCH(AA40,'Squad Listing'!$B:$B,0)),"")
A41: 24-1013 | B41: =INDEX('Tournament List'!$L:$L,MATCH($A41,'Tournament List'!$A:$A,0)) -> Rocky Mountain Clay Busters | C41: =INDEX('Tournament List'!$B:$B,MATCH($A41,'Tournament List'!$A:$A,0)) -> Henry | D41: =INDEX('Tournament List'!$C:$C,MATCH($A41,'Tournament List'!$A:$A,0)) -> Last Name14 | E41: =IF(C41<>"",C41&" "&D41,"") -> Henry Last Name14 | F41: =INDEX('Tournament List'!$M:$M,MATCH($A41,'Tournament List'!$A:$A,0)) -> Intermediate | G41: Skeet | H41: Intermediate 1 | I41: 2 | K41: =IF(H41<>"",B41&"-"&H41&"-"&G41&"-Pos"&I41,"") -> Rocky Mountain Clay Busters-Intermediate 1-Skeet-Pos2 | L41: =IF(H41<>"",IFERROR(INDEX('Tournament Setup'!$B$59:$B$78,MATCH(H41,SquadConcurrents,0)),""),"") -> Intermediate | M41: =IFERROR(INDEX('Squad Listing'!$A:$A,MATCH(B41&"-"&H41&"-"&G41,'Squad Listing'!$B:$B,0)),"") -> 232 | N41: =IF(H41<>"",I41,"") -> 2 | O41: Trap | S41: Sporting Clays | W41: =IF(P41<>"",B41&"-"&P41&"-"&O41&"-Pos"&Q41,"") | X41: =IF(P41<>"",B41&"-"&P41&"-"&O41,"") | Y41: =IFERROR(INDEX('Squad Listing'!$A:$A,MATCH(X41,'Squad Listing'!$B:$B,0)),"") | Z41: =IF(T41<>"",B41&"-"&T41&"-"&S41&"-Pos"&U41,"") | AA41: =IF(T41<>"",B41&"-"&T41&"-"&S41,"") | AB41: =IFERROR(INDEX('Squad Listing'!$A:$A,MATCH(AA41,'Squad Listing'!$B:$B,0)),"")
A42: 24-1014 | B42: =INDEX('Tournament List'!$L:$L,MATCH($A42,'Tournament List'!$A:$A,0)) -> Wiggins Tigers Sporting Club | C42: =INDEX('Tournament List'!$B:$B,MATCH($A42,'Tournament List'!$A:$A,0)) -> Daniel | D42: =INDEX('Tournament List'!$C:$C,MATCH($A42,'Tournament List'!$A:$A,0)) -> Last Name15 | E42: =IF(C42<>"",C42&" "&D42,"") -> Daniel Last Name15 | F42: =INDEX('Tournament List'!$M:$M,MATCH($A42,'Tournament List'!$A:$A,0)) -> Collegiate | G42: Skeet | H42: Collegiate 1 | I42: 3 | K42: =IF(H42<>"",B42&"-"&H42&"-"&G42&"-Pos"&I42,"") -> Wiggins Tigers Sporting Club-Collegiate 1-Skeet-Pos3 | L42: =IF(H42<>"",IFERROR(INDEX('Tournament Setup'!$B$59:$B$78,MATCH(H42,SquadConcurrents,0)),""),"") -> Collegiate | M42: =IFERROR(INDEX('Squad Listing'!$A:$A,MATCH(B42&"-"&H42&"-"&G42,'Squad Listing'!$B:$B,0)),"") -> 286 | N42: =IF(H42<>"",I42,"") -> 3 | O42: Trap | S42: Sporting Clays | W42: =IF(P42<>"",B42&"-"&P42&"-"&O42&"-Pos"&Q42,"") | X42: =IF(P42<>"",B42&"-"&P42&"-"&O42,"") | Y42: =IFERROR(INDEX('Squad Listing'!$A:$A,MATCH(X42,'Squad Listing'!$B:$B,0)),"") | Z42: =IF(T42<>"",B42&"-"&T42&"-"&S42&"-Pos"&U42,"") | AA42: =IF(T42<>"",B42&"-"&T42&"-"&S42,"") | AB42: =IFERROR(INDEX('Squad Listing'!$A:$A,MATCH(AA42,'Squad Listing'!$B:$B,0)),"")
A43: 24-1026 | B43: =INDEX('Tournament List'!$L:$L,MATCH($A43,'Tournament List'!$A:$A,0)) -> Wiggins Tigers Sporting Club | C43: =INDEX('Tournament List'!$B:$B,MATCH($A43,'Tournament List'!$A:$A,0)) -> Becky | D43: =INDEX('Tournament List'!$C:$C,MATCH($A43,'Tournament List'!$A:$A,0)) -> Last Name27 | E43: =IF(C43<>"",C43&" "&D43,"") -> Becky Last Name27 | F43: =INDEX('Tournament List'!$M:$M,MATCH($A43,'Tournament List'!$A:$A,0)) -> Collegiate | G43: Skeet | H43: Collegiate 1 | I43: 2 | K43: =IF(H43<>"",B43&"-"&H43&"-"&G43&"-Pos"&I43,"") -> Wiggins Tigers Sporting Club-Collegiate 1-Skeet-Pos2 | L43: =IF(H43<>"",IFERROR(INDEX('Tournament Setup'!$B$59:$B$78,MATCH(H43,SquadConcurrents,0)),""),"") -> Collegiate | M43: =IFERROR(INDEX('Squad Listing'!$A:$A,MATCH(B43&"-"&H43&"-"&G43,'Squad Listing'!$B:$B,0)),"") -> 286 | N43: =IF(H43<>"",I43,"") -> 2 | O43: Trap | S43: Sporting Clays | W43: =IF(P43<>"",B43&"-"&P43&"-"&O43&"-Pos"&Q43,"") | X43: =IF(P43<>"",B43&"-"&P43&"-"&O43,"") | Y43: =IFERROR(INDEX('Squad Listing'!$A:$A,MATCH(X43,'Squad Listing'!$B:$B,0)),"") | Z43: =IF(T43<>"",B43&"-"&T43&"-"&S43&"-Pos"&U43,"") | AA43: =IF(T43<>"",B43&"-"&T43&"-"&S43,"") | AB43: =IFERROR(INDEX('Squad Listing'!$A:$A,MATCH(AA43,'Squad Listing'!$B:$B,0)),"")
A44: 24-1038 | B44: =INDEX('Tournament List'!$L:$L,MATCH($A44,'Tournament List'!$A:$A,0)) -> Wiggins Tigers Sporting Club | C44: =INDEX('Tournament List'!$B:$B,MATCH($A44,'Tournament List'!$A:$A,0)) -> Chad | D44: =INDEX('Tournament List'!$C:$C,MATCH($A44,'Tournament List'!$A:$A,0)) -> Last Name39 | E44: =IF(C44<>"",C44&" "&D44,"") -> Chad Last Name39 | F44: =INDEX('Tournament List'!$M:$M,MATCH($A44,'Tournament List'!$A:$A,0)) -> Collegiate | G44: Skeet | H44: Collegiate 1 | I44: 1 | K44: =IF(H44<>"",B44&"-"&H44&"-"&G44&"-Pos"&I44,"") -> Wiggins Tigers Sporting Club-Collegiate 1-Skeet-Pos1 | L44: =IF(H44<>"",IFERROR(INDEX('Tournament Setup'!$B$59:$B$78,MATCH(H44,SquadConcurrents,0)),""),"") -> Collegiate | M44: =IFERROR(INDEX('Squad Listing'!$A:$A,MATCH(B44&"-"&H44&"-"&G44,'Squad Listing'!$B:$B,0)),"") -> 286 | N44: =IF(H44<>"",I44,"") -> 1 | O44: Trap | S44: Sporting Clays | W44: =IF(P44<>"",B44&"-"&P44&"-"&O44&"-Pos"&Q44,"") | X44: =IF(P44<>"",B44&"-"&P44&"-"&O44,"") | Y44: =IFERROR(INDEX('Squad Listing'!$A:$A,MATCH(X44,'Squad Listing'!$B:$B,0)),"") | Z44: =IF(T44<>"",B44&"-"&T44&"-"&S44&"-Pos"&U44,"") | AA44: =IF(T44<>"",B44&"-"&T44&"-"&S44,"") | AB44: =IFERROR(INDEX('Squad Listing'!$A:$A,MATCH(AA44,'Squad Listing'!$B:$B,0)),"")
A45: 24-1002 | B45: =INDEX('Tournament List'!$L:$L,MATCH($A45,'Tournament List'!$A:$A,0)) -> Wiggins Tigers Sporting Club | C45: =INDEX('Tournament List'!$B:$B,MATCH($A45,'Tournament List'!$A:$A,0)) -> Cathy | D45: =INDEX('Tournament List'!$C:$C,MATCH($A45,'Tournament List'!$A:$A,0)) -> Last Name3 | E45: =IF(C45<>"",C45&" "&D45,"") -> Cathy Last Name3 | F45: =INDEX('Tournament List'!$M:$M,MATCH($A45,'Tournament List'!$A:$A,0)) -> Novice | G45: Skeet | K45: =IF(H45<>"",B45&"-"&H45&"-"&G45&"-Pos"&I45,"") | L45: =IF(H45<>"",IFERROR(INDEX('Tournament Setup'!$B$59:$B$78,MATCH(H45,SquadConcurrents,0)),""),"") | M45: =IFERROR(INDEX('Squad Listing'!$A:$A,MATCH(B45&"-"&H45&"-"&G45,'Squad Listing'!$B:$B,0)),"") | N45: =IF(H45<>"",I45,"") | O45: Trap | S45: Sporting Clays | W45: =IF(P45<>"",B45&"-"&P45&"-"&O45&"-Pos"&Q45,"") | X45: =IF(P45<>"",B45&"-"&P45&"-"&O45,"") | Y45: =IFERROR(INDEX('Squad Listing'!$A:$A,MATCH(X45,'Squad Listing'!$B:$B,0)),"") | Z45: =IF(T45<>"",B45&"-"&T45&"-"&S45&"-Pos"&U45,"") | AA45: =IF(T45<>"",B45&"-"&T45&"-"&S45,"") | AB45: =IFERROR(INDEX('Squad Listing'!$A:$A,MATCH(AA45,'Squad Listing'!$B:$B,0)),"")
A46: 24-1020 | B46: =INDEX('Tournament List'!$L:$L,MATCH($A46,'Tournament List'!$A:$A,0)) -> Wiggins Tigers Sporting Club | C46: =INDEX('Tournament List'!$B:$B,MATCH($A46,'Tournament List'!$A:$A,0)) -> Nathan | D46: =INDEX('Tournament List'!$C:$C,MATCH($A46,'Tournament List'!$A:$A,0)) -> Last Name21 | E46: =IF(C46<>"",C46&" "&D46,"") -> Nathan Last Name21 | F46: =INDEX('Tournament List'!$M:$M,MATCH($A46,'Tournament List'!$A:$A,0)) -> Novice | G46: Skeet | H46: Novice 1 | I46: 2 | K46: =IF(H46<>"",B46&"-"&H46&"-"&G46&"-Pos"&I46,"") -> Wiggins Tigers Sporting Club-Novice 1-Skeet-Pos2 | L46: =IF(H46<>"",IFERROR(INDEX('Tournament Setup'!$B$59:$B$78,MATCH(H46,SquadConcurrents,0)),""),"") -> Novice | M46: =IFERROR(INDEX('Squad Listing'!$A:$A,MATCH(B46&"-"&H46&"-"&G46,'Squad Listing'!$B:$B,0)),"") -> 295 | N46: =IF(H46<>"",I46,"") -> 2 | O46: Trap | S46: Sporting Clays | W46: =IF(P46<>"",B46&"-"&P46&"-"&O46&"-Pos"&Q46,"") | X46: =IF(P46<>"",B46&"-"&P46&"-"&O46,"") | Y46: =IFERROR(INDEX('Squad Listing'!$A:$A,MATCH(X46,'Squad Listing'!$B:$B,0)),"") | Z46: =IF(T46<>"",B46&"-"&T46&"-"&S46&"-Pos"&U46,"") | AA46: =IF(T46<>"",B46&"-"&T46&"-"&S46,"") | AB46: =IFERROR(INDEX('Squad Listing'!$A:$A,MATCH(AA46,'Squad Listing'!$B:$B,0)),"")
A47: 24-1008 | B47: =INDEX('Tournament List'!$L:$L,MATCH($A47,'Tournament List'!$A:$A,0)) -> Wiggins Tigers Sporting Club | C47: =INDEX('Tournament List'!$B:$B,MATCH($A47,'Tournament List'!$A:$A,0)) -> Linda | D47: =INDEX('Tournament List'!$C:$C,MATCH($A47,'Tournament List'!$A:$A,0)) -> Last Name9 | E47: =IF(C47<>"",C47&" "&D47,"") -> Linda Last Name9 | F47: =INDEX('Tournament List'!$M:$M,MATCH($A47,'Tournament List'!$A:$A,0)) -> Novice | G47: Skeet | K47: =IF(H47<>"",B47&"-"&H47&"-"&G47&"-Pos"&I47,"") | L47: =IF(H47<>"",IFERROR(INDEX('Tournament Setup'!$B$59:$B$78,MATCH(H47,SquadConcurrents,0)),""),"") | M47: =IFERROR(INDEX('Squad Listing'!$A:$A,MATCH(B47&"-"&H47&"-"&G47,'Squad Listing'!$B:$B,0)),"") | N47: =IF(H47<>"",I47,"") | O47: Trap | S47: Sporting Clays | W47: =IF(P47<>"",B47&"-"&P47&"-"&O47&"-Pos"&Q47,"") | X47: =IF(P47<>"",B47&"-"&P47&"-"&O47,"") | Y47: =IFERROR(INDEX('Squad Listing'!$A:$A,MATCH(X47,'Squad Listing'!$B:$B,0)),"") | Z47: =IF(T47<>"",B47&"-"&T47&"-"&S47&"-Pos"&U47,"") | AA47: =IF(T47<>"",B47&"-"&T47&"-"&S47,"") | AB47: =IFERROR(INDEX('Squad Listing'!$A:$A,MATCH(AA47,'Squad Listing'!$B:$B,0)),"")
A48: 24-1032 | B48: =INDEX('Tournament List'!$L:$L,MATCH($A48,'Tournament List'!$A:$A,0)) -> Wiggins Tigers Sporting Club | C48: =INDEX('Tournament List'!$B:$B,MATCH($A48,'Tournament List'!$A:$A,0)) -> Missy | D48: =INDEX('Tournament List'!$C:$C,MATCH($A48,'Tournament List'!$A:$A,0)) -> Last Name33 | E48: =IF(C48<>"",C48&" "&D48,"") -> Missy Last Name33 | F48: =INDEX('Tournament List'!$M:$M,MATCH($A48,'Tournament List'!$A:$A,0)) -> Novice | G48: Skeet | H48: Novice 1 | I48: 3 | K48: =IF(H48<>"",B48&"-"&H48&"-"&G48&"-Pos"&I48,"") -> Wiggins Tigers Sporting Club-Novice 1-Skeet-Pos3 | L48: =IF(H48<>"",IFERROR(INDEX('Tournament Setup'!$B$59:$B$78,MATCH(H48,SquadConcurrents,0)),""),"") -> Novice | M48: =IFERROR(INDEX('Squad Listing'!$A:$A,MATCH(B48&"-"&H48&"-"&G48,'Squad Listing'!$B:$B,0)),"") -> 295 | N48: =IF(H48<>"",I48,"") -> 3 | O48: Trap | S48: Sporting Clays | W48: =IF(P48<>"",B48&"-"&P48&"-"&O48&"-Pos"&Q48,"") | X48: =IF(P48<>"",B48&"-"&P48&"-"&O48,"") | Y48: =IFERROR(INDEX('Squad Listing'!$A:$A,MATCH(X48,'Squad Listing'!$B:$B,0)),"") | Z48: =IF(T48<>"",B48&"-"&T48&"-"&S48&"-Pos"&U48,"") | AA48: =IF(T48<>"",B48&"-"&T48&"-"&S48,"") | AB48: =IFERROR(INDEX('Squad Listing'!$A:$A,MATCH(AA48,'Squad Listing'!$B:$B,0)),"")
A49: 24-1044 | B49: =INDEX('Tournament List'!$L:$L,MATCH($A49,'Tournament List'!$A:$A,0)) -> Wiggins Tigers Sporting Club | C49: =INDEX('Tournament List'!$B:$B,MATCH($A49,'Tournament List'!$A:$A,0)) -> Dee | D49: =INDEX('Tournament List'!$C:$C,MATCH($A49,'Tournament List'!$A:$A,0)) -> Last Name45 | E49: =IF(C49<>"",C49&" "&D49,"") -> Dee Last Name45 | F49: =INDEX('Tournament List'!$M:$M,MATCH($A49,'Tournament List'!$A:$A,0)) -> Novice | G49: Skeet | H49: Novice 1 | I49: 1 | K49: =IF(H49<>"",B49&"-"&H49&"-"&G49&"-Pos"&I49,"") -> Wiggins Tigers Sporting Club-Novice 1-Skeet-Pos1 | L49: =IF(H49<>"",IFERROR(INDEX('Tournament Setup'!$B$59:$B$78,MATCH(H49,SquadConcurrents,0)),""),"") -> Novice | M49: =IFERROR(INDEX('Squad Listing'!$A:$A,MATCH(B49&"-"&H49&"-"&G49,'Squad Listing'!$B:$B,0)),"") -> 295 | N49: =IF(H49<>"",I49,"") -> 1 | O49: Trap | S49: Sporting Clays | W49: =IF(P49<>"",B49&"-"&P49&"-"&O49&"-Pos"&Q49,"") | X49: =IF(P49<>"",B49&"-"&P49&"-"&O49,"") | Y49: =IFERROR(INDEX('Squad Listing'!$A:$A,MATCH(X49,'Squad Listing'!$B:$B,0)),"") | Z49: =IF(T49<>"",B49&"-"&T49&"-"&S49&"-Pos"&U49,"") | AA49: =IF(T49<>"",B49&"-"&T49&"-"&S49,"") | AB49: =IFERROR(INDEX('Squad Listing'!$A:$A,MATCH(AA49,'Squad Listing'!$B:$B,0)),"")
E50: =IF(C50<>"",C50&" "&D50,"") | L50: =IF(H50<>"",IFERROR(INDEX('Tournament Setup'!$B$59:$B$78,MATCH(H50,SquadConcurrents,0)),""),"") | M50: =IFERROR(INDEX('Squad Listing'!$A:$A,MATCH(B50&"-"&H50&"-"&G50,'Squad Listing'!$B:$B,0)),"") | N50: =IF(H50<>"",I50,"")
E51: =IF(C51<>"",C51&" "&D51,"") | L51: =IF(H51<>"",IFERROR(INDEX('Tournament Setup'!$B$59:$B$78,MATCH(H51,SquadConcurrents,0)),""),"") | M51: =IFERROR(INDEX('Squad Listing'!$A:$A,MATCH(B51&"-"&H51&"-"&G51,'Squad Listing'!$B:$B,0)),"") | N51: =IF(H51<>"",I51,"")
E52: =IF(C52<>"",C52&" "&D52,"") | L52: =IF(H52<>"",IFERROR(INDEX('Tournament Setup'!$B$59:$B$78,MATCH(H52,SquadConcurrents,0)),""),"") | M52: =IFERROR(INDEX('Squad Listing'!$A:$A,MATCH(B52&"-"&H52&"-"&G52,'Squad Listing'!$B:$B,0)),"") | N52: =IF(H52<>"",I52,"")
E53: =IF(C53<>"",C53&" "&D53,"") | L53: =IF(H53<>"",IFERROR(INDEX('Tournament Setup'!$B$59:$B$78,MATCH(H53,SquadConcurrents,0)),""),"") | M53: =IFERROR(INDEX('Squad Listing'!$A:$A,MATCH(B53&"-"&H53&"-"&G53,'Squad Listing'!$B:$B,0)),"") | N53: =IF(H53<>"",I53,"")
E54: =IF(C54<>"",C54&" "&D54,"") | L54: =IF(H54<>"",IFERROR(INDEX('Tournament Setup'!$B$59:$B$78,MATCH(H54,SquadConcurrents,0)),""),"") | M54: =IFERROR(INDEX('Squad Listing'!$A:$A,MATCH(B54&"-"&H54&"-"&G54,'Squad Listing'!$B:$B,0)),"") | N54: =IF(H54<>"",I54,"")
E55: =IF(C55<>"",C55&" "&D55,"") | L55: =IF(H55<>"",IFERROR(INDEX('Tournament Setup'!$B$59:$B$78,MATCH(H55,SquadConcurrents,0)),""),"") | M55: =IFERROR(INDEX('Squad Listing'!$A:$A,MATCH(B55&"-"&H55&"-"&G55,'Squad Listing'!$B:$B,0)),"") | N55: =IF(H55<>"",I55,"")
E56: =IF(C56<>"",C56&" "&D56,"") | L56: =IF(H56<>"",IFERROR(INDEX('Tournament Setup'!$B$59:$B$78,MATCH(H56,SquadConcurrents,0)),""),"") | M56: =IFERROR(INDEX('Squad Listing'!$A:$A,MATCH(B56&"-"&H56&"-"&G56,'Squad Listing'!$B:$B,0)),"") | N56: =IF(H56<>"",I56,"")
E57: =IF(C57<>"",C57&" "&D57,"") | L57: =IF(H57<>"",IFERROR(INDEX('Tournament Setup'!$B$59:$B$78,MATCH(H57,SquadConcurrents,0)),""),"") | M57: =IFERROR(INDEX('Squad Listing'!$A:$A,MATCH(B57&"-"&H57&"-"&G57,'Squad Listing'!$B:$B,0)),"") | N57: =IF(H57<>"",I57,"")
E58: =IF(C58<>"",C58&" "&D58,"") | L58: =IF(H58<>"",IFERROR(INDEX('Tournament Setup'!$B$59:$B$78,MATCH(H58,SquadConcurrents,0)),""),"") | M58: =IFERROR(INDEX('Squad Listing'!$A:$A,MATCH(B58&"-"&H58&"-"&G58,'Squad Listing'!$B:$B,0)),"") | N58: =IF(H58<>"",I58,"")
E59: =IF(C59<>"",C59&" "&D59,"") | L59: =IF(H59<>"",IFERROR(INDEX('Tournament Setup'!$B$59:$B$78,MATCH(H59,SquadConcurrents,0)),""),"") | M59: =IFERROR(INDEX('Squad Listing'!$A:$A,MATCH(B59&"-"&H59&"-"&G59,'Squad Listing'!$B:$B,0)),"") | N59: =IF(H59<>"",I59,"")
E60: =IF(C60<>"",C60&" "&D60,"") | L60: =IF(H60<>"",IFERROR(INDEX('Tournament Setup'!$B$59:$B$78,MATCH(H60,SquadConcurrents,0)),""),"") | M60: =IFERROR(INDEX('Squad Listing'!$A:$A,MATCH(B60&"-"&H60&"-"&G60,'Squad Listing'!$B:$B,0)),"") | N60: =IF(H60<>"",I60,"")
E61: =IF(C61<>"",C61&" "&D61,"") | L61: =IF(H61<>"",IFERROR(INDEX('Tournament Setup'!$B$59:$B$78,MATCH(H61,SquadConcurrents,0)),""),"") | M61: =IFERROR(INDEX('Squad Listing'!$A:$A,MATCH(B61&"-"&H61&"-"&G61,'Squad Listing'!$B:$B,0)),"") | N61: =IF(H61<>"",I61,"")
... E200: =IF(C200<>"",C200&" "&D200,"") | L200: =IF(H200<>"",IFERROR(INDEX('Tournament Setup'!$B$59:$B$78,MATCH(H200,SquadConcurrents,0)),""),"") | M200: =IFERROR(INDEX('Squad Listing'!$A:$A,MATCH(B200&"-"&H200&"-"&G200,'Squad Listing'!$B:$B,0)),"") | N200: =IF(H200<>"",I200,"")
A201: x | B201: x | C201: x | D201: x | E201: x | F201: x | G201: x | H201: x | I201: x | J201: x | K201: x | M201: x | N201: x | O201: x | P201: x | Q201: x | R201: x | S201: x | T201: x | U201: x | V201: x | W201: x | X201: x | Y201: x | Z201: x | AA201: x | AB201: x | AC201: x

Sheet Squad Listing
A1: Squad # | B1: Squad Key | C1: Team Name | D1: Team Concurrent | E1: Concurrent Squad | F1: Discipline | G1: Participant #1 ID | H1: Participant #1 Name | I1: Participant #2 ID | J1: Participant #2 Name | K1: Participant #3 ID | L1: Participant #3 Name | M1: Participant #4 ID | N1: Participant #4 Name | O1: Participant #5 ID | P1: Participant #5 Name
A2: 1 | B2: =C2&"-"&E2&"-"&F2 -> Brighton Clay Crushers-Collegiate 1-Skeet | C2: Brighton Clay Crushers | D2: =INDEX('Tournament Setup'!$B$59:$B$78,MATCH(E2,SquadConcurrents,0)) -> Collegiate | E2: Collegiate 1 | F2: Skeet | G2: =IF(F2="Skeet",IFERROR(INDEX('Shooter-Squad Assignment'!$A:$A,MATCH(C2&"-"&E2&"-"&F2&"-Pos1",'Shooter-Squad Assignment'!$K:$K,0)),""),IF(F2="Trap",IFERROR(INDEX('Shooter-Squad Assignment'!$A:$A,MATCH(C2&"-"&E2&"-"&F2&"-Pos1",'Shooter-Squad Assignment'!$W:$W,0)),""),IF(F2="Sporting Clays",IFERROR(INDEX('Shooter-Squad Assignment'!$A:$A,MATCH(C2&"-"&E2&"-"&F2&"-Pos1",'Shooter-Squad Assignment'!$Z:$Z,0)),""),""))) | H2: =IF(ISBLANK(G2),"",IFERROR(INDEX('Tournament List'!$D:$D,MATCH(G2,'Tournament List'!$A:$A,0)),"")) | I2: =IF(F2="Skeet",IFERROR(INDEX('Shooter-Squad Assignment'!$A:$A,MATCH(C2&"-"&E2&"-"&F2&"-Pos2",'Shooter-Squad Assignment'!$K:$K,0)),""),IF(F2="Trap",IFERROR(INDEX('Shooter-Squad Assignment'!$A:$A,MATCH(C2&"-"&E2&"-"&F2&"-Pos2",'Shooter-Squad Assignment'!$W:$W,0)),""),IF(F2="Sporting Clays",IFERROR(INDEX('Shooter-Squad Assignment'!$A:$A,MATCH(C2&"-"&E2&"-"&F2&"-Pos2",'Shooter-Squad Assignment'!$Z:$Z,0)),""),""))) | J2: =IF(ISBLANK(I2),"",IFERROR(INDEX('Tournament List'!$D:$D,MATCH(I2,'Tournament List'!$A:$A,0)),"")) | K2: =IF(F2="Skeet",IFERROR(INDEX('Shooter-Squad Assignment'!$A:$A,MATCH(C2&"-"&E2&"-"&F2&"-Pos3",'Shooter-Squad Assignment'!$K:$K,0)),""),IF(F2="Trap",IFERROR(INDEX('Shooter-Squad Assignment'!$A:$A,MATCH(C2&"-"&E2&"-"&F2&"-Pos3",'Shooter-Squad Assignment'!$W:$W,0)),""),IF(F2="Sporting Clays",IFERROR(INDEX('Shooter-Squad Assignment'!$A:$A,MATCH(C2&"-"&E2&"-"&F2&"-Pos3",'Shooter-Squad Assignment'!$Z:$Z,0)),""),""))) | L2: =IF(ISBLANK(K2),"",IFERROR(INDEX('Tournament List'!$D:$D,MATCH(K2,'Tournament List'!$A:$A,0)),"")) | M2: =IF(F2="Skeet",IFERROR(INDEX('Shooter-Squad Assignment'!$A:$A,MATCH(C2&"-"&E2&"-"&F2&"-Pos4",'Shooter-Squad Assignment'!$K:$K,0)),""),IF(F2="Trap",IFERROR(INDEX('Shooter-Squad Assignment'!$A:$A,MATCH(C2&"-"&E2&"-"&F2&"-Pos4",'Shooter-Squad Assignment'!$W:$W,0)),""),IF(F2="Sporting Clays",IFERROR(INDEX('Shooter-Squad Assignment'!$A:$A,MATCH(C2&"-"&E2&"-"&F2&"-Pos4",'Shooter-Squad Assignment'!$Z:$Z,0)),""),""))) | N2: =IF(ISBLANK(M2),"",IFERROR(INDEX('Tournament List'!$D:$D,MATCH(M2,'Tournament List'!$A:$A,0)),"")) | O2: =IF(F2="Skeet",IFERROR(INDEX('Shooter-Squad Assignment'!$A:$A,MATCH(C2&"-"&E2&"-"&F2&"-Pos5",'Shooter-Squad Assignment'!$K:$K,0)),""),IF(F2="Trap",IFERROR(INDEX('Shooter-Squad Assignment'!$A:$A,MATCH(C2&"-"&E2&"-"&F2&"-Pos5",'Shooter-Squad Assignment'!$W:$W,0)),""),IF(F2="Sporting Clays",IFERROR(INDEX('Shooter-Squad Assignment'!$A:$A,MATCH(C2&"-"&E2&"-"&F2&"-Pos5",'Shooter-Squad Assignment'!$Z:$Z,0)),""),""))) | P2: =IF(ISBLANK(O2),"",IFERROR(INDEX('Tournament List'!$D:$D,MATCH(O2,'Tournament List'!$A:$A,0)),""))
A3: 2 | B3: =C3&"-"&E3&"-"&F3 -> Brighton Clay Crushers-Collegiate 2-Skeet | C3: Brighton Clay Crushers | D3: =INDEX('Tournament Setup'!$B$59:$B$78,MATCH(E3,SquadConcurrents,0)) -> Collegiate | E3: Collegiate 2 | F3: Skeet | G3: =IF(F3="Skeet",IFERROR(INDEX('Shooter-Squad Assignment'!$A:$A,MATCH(C3&"-"&E3&"-"&F3&"-Pos1",'Shooter-Squad Assignment'!$K:$K,0)),""),IF(F3="Trap",IFERROR(INDEX('Shooter-Squad Assignment'!$A:$A,MATCH(C3&"-"&E3&"-"&F3&"-Pos1",'Shooter-Squad Assignment'!$W:$W,0)),""),IF(F3="Sporting Clays",IFERROR(INDEX('Shooter-Squad Assignment'!$A:$A,MATCH(C3&"-"&E3&"-"&F3&"-Pos1",'Shooter-Squad Assignment'!$Z:$Z,0)),""),""))) | H3: =IF(ISBLANK(G3),"",IFERROR(INDEX('Tournament List'!$D:$D,MATCH(G3,'Tournament List'!$A:$A,0)),"")) | I3: =IF(F3="Skeet",IFERROR(INDEX('Shooter-Squad Assignment'!$A:$A,MATCH(C3&"-"&E3&"-"&F3&"-Pos2",'Shooter-Squad Assignment'!$K:$K,0)),""),IF(F3="Trap",IFERROR(INDEX('Shooter-Squad Assignment'!$A:$A,MATCH(C3&"-"&E3&"-"&F3&"-Pos2",'Shooter-Squad Assignment'!$W:$W,0)),""),IF(F3="Sporting Clays",IFERROR(INDEX('Shooter-Squad Assignment'!$A:$A,MATCH(C3&"-"&E3&"-"&F3&"-Pos2",'Shooter-Squad Assignment'!$Z:$Z,0)),""),""))) | J3: =IF(ISBLANK(I3),"",IFERROR(INDEX('Tournament List'!$D:$D,MATCH(I3,'Tournament List'!$A:$A,0)),"")) | K3: =IF(F3="Skeet",IFERROR(INDEX('Shooter-Squad Assignment'!$A:$A,MATCH(C3&"-"&E3&"-"&F3&"-Pos3",'Shooter-Squad Assignment'!$K:$K,0)),""),IF(F3="Trap",IFERROR(INDEX('Shooter-Squad Assignment'!$A:$A,MATCH(C3&"-"&E3&"-"&F3&"-Pos3",'Shooter-Squad Assignment'!$W:$W,0)),""),IF(F3="Sporting Clays",IFERROR(INDEX('Shooter-Squad Assignment'!$A:$A,MATCH(C3&"-"&E3&"-"&F3&"-Pos3",'Shooter-Squad Assignment'!$Z:$Z,0)),""),""))) | L3: =IF(ISBLANK(K3),"",IFERROR(INDEX('Tournament List'!$D:$D,MATCH(K3,'Tournament List'!$A:$A,0)),"")) | M3: =IF(F3="Skeet",IFERROR(INDEX('Shooter-Squad Assignment'!$A:$A,MATCH(C3&"-"&E3&"-"&F3&"-Pos4",'Shooter-Squad Assignment'!$K:$K,0)),""),IF(F3="Trap",IFERROR(INDEX('Shooter-Squad Assignment'!$A:$A,MATCH(C3&"-"&E3&"-"&F3&"-Pos4",'Shooter-Squad Assignment'!$W:$W,0)),""),IF(F3="Sporting Clays",IFERROR(INDEX('Shooter-Squad Assignment'!$A:$A,MATCH(C3&"-"&E3&"-"&F3&"-Pos4",'Shooter-Squad Assignment'!$Z:$Z,0)),""),""))) | N3: =IF(ISBLANK(M3),"",IFERROR(INDEX('Tournament List'!$D:$D,MATCH(M3,'Tournament List'!$A:$A,0)),"")) | O3: =IF(F3="Skeet",IFERROR(INDEX('Shooter-Squad Assignment'!$A:$A,MATCH(C3&"-"&E3&"-"&F3&"-Pos5",'Shooter-Squad Assignment'!$K:$K,0)),""),IF(F3="Trap",IFERROR(INDEX('Shooter-Squad Assignment'!$A:$A,MATCH(C3&"-"&E3&"-"&F3&"-Pos5",'Shooter-Squad Assignment'!$W:$W,0)),""),IF(F3="Sporting Clays",IFERROR(INDEX('Shooter-Squad Assignment'!$A:$A,MATCH(C3&"-"&E3&"-"&F3&"-Pos5",'Shooter-Squad Assignment'!$Z:$Z,0)),""),""))) | P3: =IF(ISBLANK(O3),"",IFERROR(INDEX('Tournament List'!$D:$D,MATCH(O3,'Tournament List'!$A:$A,0)),""))
A4: 3 | B4: =C4&"-"&E4&"-"&F4 -> Brighton Clay Crushers-Collegiate 3-Skeet | C4: Brighton Clay Crushers | D4: =INDEX('Tournament Setup'!$B$59:$B$78,MATCH(E4,SquadConcurrents,0)) -> Collegiate | E4: Collegiate 3 | F4: Skeet | G4: =IF(F4="Skeet",IFERROR(INDEX('Shooter-Squad Assignment'!$A:$A,MATCH(C4&"-"&E4&"-"&F4&"-Pos1",'Shooter-Squad Assignment'!$K:$K,0)),""),IF(F4="Trap",IFERROR(INDEX('Shooter-Squad Assignment'!$A:$A,MATCH(C4&"-"&E4&"-"&F4&"-Pos1",'Shooter-Squad Assignment'!$W:$W,0)),""),IF(F4="Sporting Clays",IFERROR(INDEX('Shooter-Squad Assignment'!$A:$A,MATCH(C4&"-"&E4&"-"&F4&"-Pos1",'Shooter-Squad Assignment'!$Z:$Z,0)),""),""))) | H4: =IF(ISBLANK(G4),"",IFERROR(INDEX('Tournament List'!$D:$D,MATCH(G4,'Tournament List'!$A:$A,0)),"")) | I4: =IF(F4="Skeet",IFERROR(INDEX('Shooter-Squad Assignment'!$A:$A,MATCH(C4&"-"&E4&"-"&F4&"-Pos2",'Shooter-Squad Assignment'!$K:$K,0)),""),IF(F4="Trap",IFERROR(INDEX('Shooter-Squad Assignment'!$A:$A,MATCH(C4&"-"&E4&"-"&F4&"-Pos2",'Shooter-Squad Assignment'!$W:$W,0)),""),IF(F4="Sporting Clays",IFERROR(INDEX('Shooter-Squad Assignment'!$A:$A,MATCH(C4&"-"&E4&"-"&F4&"-Pos2",'Shooter-Squad Assignment'!$Z:$Z,0)),""),""))) | J4: =IF(ISBLANK(I4),"",IFERROR(INDEX('Tournament List'!$D:$D,MATCH(I4,'Tournament List'!$A:$A,0)),"")) | K4: =IF(F4="Skeet",IFERROR(INDEX('Shooter-Squad Assignment'!$A:$A,MATCH(C4&"-"&E4&"-"&F4&"-Pos3",'Shooter-Squad Assignment'!$K:$K,0)),""),IF(F4="Trap",IFERROR(INDEX('Shooter-Squad Assignment'!$A:$A,MATCH(C4&"-"&E4&"-"&F4&"-Pos3",'Shooter-Squad Assignment'!$W:$W,0)),""),IF(F4="Sporting Clays",IFERROR(INDEX('Shooter-Squad Assignment'!$A:$A,MATCH(C4&"-"&E4&"-"&F4&"-Pos3",'Shooter-Squad Assignment'!$Z:$Z,0)),""),""))) | L4: =IF(ISBLANK(K4),"",IFERROR(INDEX('Tournament List'!$D:$D,MATCH(K4,'Tournament List'!$A:$A,0)),"")) | M4: =IF(F4="Skeet",IFERROR(INDEX('Shooter-Squad Assignment'!$A:$A,MATCH(C4&"-"&E4&"-"&F4&"-Pos4",'Shooter-Squad Assignment'!$K:$K,0)),""),IF(F4="Trap",IFERROR(INDEX('Shooter-Squad Assignment'!$A:$A,MATCH(C4&"-"&E4&"-"&F4&"-Pos4",'Shooter-Squad Assignment'!$W:$W,0)),""),IF(F4="Sporting Clays",IFERROR(INDEX('Shooter-Squad Assignment'!$A:$A,MATCH(C4&"-"&E4&"-"&F4&"-Pos4",'Shooter-Squad Assignment'!$Z:$Z,0)),""),""))) | N4: =IF(ISBLANK(M4),"",IFERROR(INDEX('Tournament List'!$D:$D,MATCH(M4,'Tournament List'!$A:$A,0)),"")) | O4: =IF(F4="Skeet",IFERROR(INDEX('Shooter-Squad Assignment'!$A:$A,MATCH(C4&"-"&E4&"-"&F4&"-Pos5",'Shooter-Squad Assignment'!$K:$K,0)),""),IF(F4="Trap",IFERROR(INDEX('Shooter-Squad Assignment'!$A:$A,MATCH(C4&"-"&E4&"-"&F4&"-Pos5",'Shooter-Squad Assignment'!$W:$W,0)),""),IF(F4="Sporting Clays",IFERROR(INDEX('Shooter-Squad Assignment'!$A:$A,MATCH(C4&"-"&E4&"-"&F4&"-Pos5",'Shooter-Squad Assignment'!$Z:$Z,0)),""),""))) | P4: =IF(ISBLANK(O4),"",IFERROR(INDEX('Tournament List'!$D:$D,MATCH(O4,'Tournament List'!$A:$A,0)),""))
A5: 4 | B5: =C5&"-"&E5&"-"&F5 -> Brighton Clay Crushers-Intermediate 1-Skeet | C5: Brighton Clay Crushers | D5: =INDEX('Tournament Setup'!$B$59:$B$78,MATCH(E5,SquadConcurrents,0)) -> Intermediate | E5: Intermediate 1 | F5: Skeet | G5: =IF(F5="Skeet",IFERROR(INDEX('Shooter-Squad Assignment'!$A:$A,MATCH(C5&"-"&E5&"-"&F5&"-Pos1",'Shooter-Squad Assignment'!$K:$K,0)),""),IF(F5="Trap",IFERROR(INDEX('Shooter-Squad Assignment'!$A:$A,MATCH(C5&"-"&E5&"-"&F5&"-Pos1",'Shooter-Squad Assignment'!$W:$W,0)),""),IF(F5="Sporting Clays",IFERROR(INDEX('Shooter-Squad Assignment'!$A:$A,MATCH(C5&"-"&E5&"-"&F5&"-Pos1",'Shooter-Squad Assignment'!$Z:$Z,0)),""),""))) | H5: =IF(ISBLANK(G5),"",IFERROR(INDEX('Tournament List'!$D:$D,MATCH(G5,'Tournament List'!$A:$A,0)),"")) | I5: =IF(F5="Skeet",IFERROR(INDEX('Shooter-Squad Assignment'!$A:$A,MATCH(C5&"-"&E5&"-"&F5&"-Pos2",'Shooter-Squad Assignment'!$K:$K,0)),""),IF(F5="Trap",IFERROR(INDEX('Shooter-Squad Assignment'!$A:$A,MATCH(C5&"-"&E5&"-"&F5&"-Pos2",'Shooter-Squad Assignment'!$W:$W,0)),""),IF(F5="Sporting Clays",IFERROR(INDEX('Shooter-Squad Assignment'!$A:$A,MATCH(C5&"-"&E5&"-"&F5&"-Pos2",'Shooter-Squad Assignment'!$Z:$Z,0)),""),""))) | J5: =IF(ISBLANK(I5),"",IFERROR(INDEX('Tournament List'!$D:$D,MATCH(I5,'Tournament List'!$A:$A,0)),"")) | K5: =IF(F5="Skeet",IFERROR(INDEX('Shooter-Squad Assignment'!$A:$A,MATCH(C5&"-"&E5&"-"&F5&"-Pos3",'Shooter-Squad Assignment'!$K:$K,0)),""),IF(F5="Trap",IFERROR(INDEX('Shooter-Squad Assignment'!$A:$A,MATCH(C5&"-"&E5&"-"&F5&"-Pos3",'Shooter-Squad Assignment'!$W:$W,0)),""),IF(F5="Sporting Clays",IFERROR(INDEX('Shooter-Squad Assignment'!$A:$A,MATCH(C5&"-"&E5&"-"&F5&"-Pos3",'Shooter-Squad Assignment'!$Z:$Z,0)),""),""))) | L5: =IF(ISBLANK(K5),"",IFERROR(INDEX('Tournament List'!$D:$D,MATCH(K5,'Tournament List'!$A:$A,0)),"")) | M5: =IF(F5="Skeet",IFERROR(INDEX('Shooter-Squad Assignment'!$A:$A,MATCH(C5&"-"&E5&"-"&F5&"-Pos4",'Shooter-Squad Assignment'!$K:$K,0)),""),IF(F5="Trap",IFERROR(INDEX('Shooter-Squad Assignment'!$A:$A,MATCH(C5&"-"&E5&"-"&F5&"-Pos4",'Shooter-Squad Assignment'!$W:$W,0)),""),IF(F5="Sporting Clays",IFERROR(INDEX('Shooter-Squad Assignment'!$A:$A,MATCH(C5&"-"&E5&"-"&F5&"-Pos4",'Shooter-Squad Assignment'!$Z:$Z,0)),""),""))) | N5: =IF(ISBLANK(M5),"",IFERROR(INDEX('Tournament List'!$D:$D,MATCH(M5,'Tournament List'!$A:$A,0)),"")) | O5: =IF(F5="Skeet",IFERROR(INDEX('Shooter-Squad Assignment'!$A:$A,MATCH(C5&"-"&E5&"-"&F5&"-Pos5",'Shooter-Squad Assignment'!$K:$K,0)),""),IF(F5="Trap",IFERROR(INDEX('Shooter-Squad Assignment'!$A:$A,MATCH(C5&"-"&E5&"-"&F5&"-Pos5",'Shooter-Squad Assignment'!$W:$W,0)),""),IF(F5="Sporting Clays",IFERROR(INDEX('Shooter-Squad Assignment'!$A:$A,MATCH(C5&"-"&E5&"-"&F5&"-Pos5",'Shooter-Squad Assignment'!$Z:$Z,0)),""),""))) | P5: =IF(ISBLANK(O5),"",IFERROR(INDEX('Tournament List'!$D:$D,MATCH(O5,'Tournament List'!$A:$A,0)),""))
A6: 5 | B6: =C6&"-"&E6&"-"&F6 -> Brighton Clay Crushers-Intermediate 2-Skeet | C6: Brighton Clay Crushers | D6: =INDEX('Tournament Setup'!$B$59:$B$78,MATCH(E6,SquadConcurrents,0)) -> Intermediate | E6: Intermediate 2 | F6: Skeet | G6: =IF(F6="Skeet",IFERROR(INDEX('Shooter-Squad Assignment'!$A:$A,MATCH(C6&"-"&E6&"-"&F6&"-Pos1",'Shooter-Squad Assignment'!$K:$K,0)),""),IF(F6="Trap",IFERROR(INDEX('Shooter-Squad Assignment'!$A:$A,MATCH(C6&"-"&E6&"-"&F6&"-Pos1",'Shooter-Squad Assignment'!$W:$W,0)),""),IF(F6="Sporting Clays",IFERROR(INDEX('Shooter-Squad Assignment'!$A:$A,MATCH(C6&"-"&E6&"-"&F6&"-Pos1",'Shooter-Squad Assignment'!$Z:$Z,0)),""),""))) | H6: =IF(ISBLANK(G6),"",IFERROR(INDEX('Tournament List'!$D:$D,MATCH(G6,'Tournament List'!$A:$A,0)),"")) | I6: =IF(F6="Skeet",IFERROR(INDEX('Shooter-Squad Assignment'!$A:$A,MATCH(C6&"-"&E6&"-"&F6&"-Pos2",'Shooter-Squad Assignment'!$K:$K,0)),""),IF(F6="Trap",IFERROR(INDEX('Shooter-Squad Assignment'!$A:$A,MATCH(C6&"-"&E6&"-"&F6&"-Pos2",'Shooter-Squad Assignment'!$W:$W,0)),""),IF(F6="Sporting Clays",IFERROR(INDEX('Shooter-Squad Assignment'!$A:$A,MATCH(C6&"-"&E6&"-"&F6&"-Pos2",'Shooter-Squad Assignment'!$Z:$Z,0)),""),""))) | J6: =IF(ISBLANK(I6),"",IFERROR(INDEX('Tournament List'!$D:$D,MATCH(I6,'Tournament List'!$A:$A,0)),"")) | K6: =IF(F6="Skeet",IFERROR(INDEX('Shooter-Squad Assignment'!$A:$A,MATCH(C6&"-"&E6&"-"&F6&"-Pos3",'Shooter-Squad Assignment'!$K:$K,0)),""),IF(F6="Trap",IFERROR(INDEX('Shooter-Squad Assignment'!$A:$A,MATCH(C6&"-"&E6&"-"&F6&"-Pos3",'Shooter-Squad Assignment'!$W:$W,0)),""),IF(F6="Sporting Clays",IFERROR(INDEX('Shooter-Squad Assignment'!$A:$A,MATCH(C6&"-"&E6&"-"&F6&"-Pos3",'Shooter-Squad Assignment'!$Z:$Z,0)),""),""))) | L6: =IF(ISBLANK(K6),"",IFERROR(INDEX('Tournament List'!$D:$D,MATCH(K6,'Tournament List'!$A:$A,0)),"")) | M6: =IF(F6="Skeet",IFERROR(INDEX('Shooter-Squad Assignment'!$A:$A,MATCH(C6&"-"&E6&"-"&F6&"-Pos4",'Shooter-Squad Assignment'!$K:$K,0)),""),IF(F6="Trap",IFERROR(INDEX('Shooter-Squad Assignment'!$A:$A,MATCH(C6&"-"&E6&"-"&F6&"-Pos4",'Shooter-Squad Assignment'!$W:$W,0)),""),IF(F6="Sporting Clays",IFERROR(INDEX('Shooter-Squad Assignment'!$A:$A,MATCH(C6&"-"&E6&"-"&F6&"-Pos4",'Shooter-Squad Assignment'!$Z:$Z,0)),""),""))) | N6: =IF(ISBLANK(M6),"",IFERROR(INDEX('Tournament List'!$D:$D,MATCH(M6,'Tournament List'!$A:$A,0)),"")) | O6: =IF(F6="Skeet",IFERROR(INDEX('Shooter-Squad Assignment'!$A:$A,MATCH(C6&"-"&E6&"-"&F6&"-Pos5",'Shooter-Squad Assignment'!$K:$K,0)),""),IF(F6="Trap",IFERROR(INDEX('Shooter-Squad Assignment'!$A:$A,MATCH(C6&"-"&E6&"-"&F6&"-Pos5",'Shooter-Squad Assignment'!$W:$W,0)),""),IF(F6="Sporting Clays",IFERROR(INDEX('Shooter-Squad Assignment'!$A:$A,MATCH(C6&"-"&E6&"-"&F6&"-Pos5",'Shooter-Squad Assignment'!$Z:$Z,0)),""),""))) | P6: =IF(ISBLANK(O6),"",IFERROR(INDEX('Tournament List'!$D:$D,MATCH(O6,'Tournament List'!$A:$A,0)),""))
A7: 6 | B7: =C7&"-"&E7&"-"&F7 -> Brighton Clay Crushers-Intermediate 3-Skeet | C7: Brighton Clay Crushers | D7: =INDEX('Tournament Setup'!$B$59:$B$78,MATCH(E7,SquadConcurrents,0)) -> Intermediate | E7: Intermediate 3 | F7: Skeet | G7: =IF(F7="Skeet",IFERROR(INDEX('Shooter-Squad Assignment'!$A:$A,MATCH(C7&"-"&E7&"-"&F7&"-Pos1",'Shooter-Squad Assignment'!$K:$K,0)),""),IF(F7="Trap",IFERROR(INDEX('Shooter-Squad Assignment'!$A:$A,MATCH(C7&"-"&E7&"-"&F7&"-Pos1",'Shooter-Squad Assignment'!$W:$W,0)),""),IF(F7="Sporting Clays",IFERROR(INDEX('Shooter-Squad Assignment'!$A:$A,MATCH(C7&"-"&E7&"-"&F7&"-Pos1",'Shooter-Squad Assignment'!$Z:$Z,0)),""),""))) | H7: =IF(ISBLANK(G7),"",IFERROR(INDEX('Tournament List'!$D:$D,MATCH(G7,'Tournament List'!$A:$A,0)),"")) | I7: =IF(F7="Skeet",IFERROR(INDEX('Shooter-Squad Assignment'!$A:$A,MATCH(C7&"-"&E7&"-"&F7&"-Pos2",'Shooter-Squad Assignment'!$K:$K,0)),""),IF(F7="Trap",IFERROR(INDEX('Shooter-Squad Assignment'!$A:$A,MATCH(C7&"-"&E7&"-"&F7&"-Pos2",'Shooter-Squad Assignment'!$W:$W,0)),""),IF(F7="Sporting Clays",IFERROR(INDEX('Shooter-Squad Assignment'!$A:$A,MATCH(C7&"-"&E7&"-"&F7&"-Pos2",'Shooter-Squad Assignment'!$Z:$Z,0)),""),""))) | J7: =IF(ISBLANK(I7),"",IFERROR(INDEX('Tournament List'!$D:$D,MATCH(I7,'Tournament List'!$A:$A,0)),"")) | K7: =IF(F7="Skeet",IFERROR(INDEX('Shooter-Squad Assignment'!$A:$A,MATCH(C7&"-"&E7&"-"&F7&"-Pos3",'Shooter-Squad Assignment'!$K:$K,0)),""),IF(F7="Trap",IFERROR(INDEX('Shooter-Squad Assignment'!$A:$A,MATCH(C7&"-"&E7&"-"&F7&"-Pos3",'Shooter-Squad Assignment'!$W:$W,0)),""),IF(F7="Sporting Clays",IFERROR(INDEX('Shooter-Squad Assignment'!$A:$A,MATCH(C7&"-"&E7&"-"&F7&"-Pos3",'Shooter-Squad Assignment'!$Z:$Z,0)),""),""))) | L7: =IF(ISBLANK(K7),"",IFERROR(INDEX('Tournament List'!$D:$D,MATCH(K7,'Tournament List'!$A:$A,0)),"")) | M7: =IF(F7="Skeet",IFERROR(INDEX('Shooter-Squad Assignment'!$A:$A,MATCH(C7&"-"&E7&"-"&F7&"-Pos4",'Shooter-Squad Assignment'!$K:$K,0)),""),IF(F7="Trap",IFERROR(INDEX('Shooter-Squad Assignment'!$A:$A,MATCH(C7&"-"&E7&"-"&F7&"-Pos4",'Shooter-Squad Assignment'!$W:$W,0)),""),IF(F7="Sporting Clays",IFERROR(INDEX('Shooter-Squad Assignment'!$A:$A,MATCH(C7&"-"&E7&"-"&F7&"-Pos4",'Shooter-Squad Assignment'!$Z:$Z,0)),""),""))) | N7: =IF(ISBLANK(M7),"",IFERROR(INDEX('Tournament List'!$D:$D,MATCH(M7,'Tournament List'!$A:$A,0)),"")) | O7: =IF(F7="Skeet",IFERROR(INDEX('Shooter-Squad Assignment'!$A:$A,MATCH(C7&"-"&E7&"-"&F7&"-Pos5",'Shooter-Squad Assignment'!$K:$K,0)),""),IF(F7="Trap",IFERROR(INDEX('Shooter-Squad Assignment'!$A:$A,MATCH(C7&"-"&E7&"-"&F7&"-Pos5",'Shooter-Squad Assignment'!$W:$W,0)),""),IF(F7="Sporting Clays",IFERROR(INDEX('Shooter-Squad Assignment'!$A:$A,MATCH(C7&"-"&E7&"-"&F7&"-Pos5",'Shooter-Squad Assignment'!$Z:$Z,0)),""),""))) | P7: =IF(ISBLANK(O7),"",IFERROR(INDEX('Tournament List'!$D:$D,MATCH(O7,'Tournament List'!$A:$A,0)),""))
A8: 7 | B8: =C8&"-"&E8&"-"&F8 -> Brighton Clay Crushers-Junior Varsity 1-Skeet | C8: Brighton Clay Crushers | D8: =INDEX('Tournament Setup'!$B$59:$B$78,MATCH(E8,SquadConcurrents,0)) -> Junior Varsity | E8: Junior Varsity 1 | F8: Skeet | G8: =IF(F8="Skeet",IFERROR(INDEX('Shooter-Squad Assignment'!$A:$A,MATCH(C8&"-"&E8&"-"&F8&"-Pos1",'Shooter-Squad Assignment'!$K:$K,0)),""),IF(F8="Trap",IFERROR(INDEX('Shooter-Squad Assignment'!$A:$A,MATCH(C8&"-"&E8&"-"&F8&"-Pos1",'Shooter-Squad Assignment'!$W:$W,0)),""),IF(F8="Sporting Clays",IFERROR(INDEX('Shooter-Squad Assignment'!$A:$A,MATCH(C8&"-"&E8&"-"&F8&"-Pos1",'Shooter-Squad Assignment'!$Z:$Z,0)),""),""))) -> 24-1022 | H8: =IF(ISBLANK(G8),"",IFERROR(INDEX('Tournament List'!$D:$D,MATCH(G8,'Tournament List'!$A:$A,0)),"")) -> Tom Last Name23 | I8: =IF(F8="Skeet",IFERROR(INDEX('Shooter-Squad Assignment'!$A:$A,MATCH(C8&"-"&E8&"-"&F8&"-Pos2",'Shooter-Squad Assignment'!$K:$K,0)),""),IF(F8="Trap",IFERROR(INDEX('Shooter-Squad Assignment'!$A:$A,MATCH(C8&"-"&E8&"-"&F8&"-Pos2",'Shooter-Squad Assignment'!$W:$W,0)),""),IF(F8="Sporting Clays",IFERROR(INDEX('Shooter-Squad Assignment'!$A:$A,MATCH(C8&"-"&E8&"-"&F8&"-Pos2",'Shooter-Squad Assignment'!$Z:$Z,0)),""),""))) -> 24-1010 | J8: =IF(ISBLANK(I8),"",IFERROR(INDEX('Tournament List'!$D:$D,MATCH(I8,'Tournament List'!$A:$A,0)),"")) -> Bill Last Name11 | K8: =IF(F8="Skeet",IFERROR(INDEX('Shooter-Squad Assignment'!$A:$A,MATCH(C8&"-"&E8&"-"&F8&"-Pos3",'Shooter-Squad Assignment'!$K:$K,0)),""),IF(F8="Trap",IFERROR(INDEX('Shooter-Squad Assignment'!$A:$A,MATCH(C8&"-"&E8&"-"&F8&"-Pos3",'Shooter-Squad Assignment'!$W:$W,0)),""),IF(F8="Sporting Clays",IFERROR(INDEX('Shooter-Squad Assignment'!$A:$A,MATCH(C8&"-"&E8&"-"&F8&"-Pos3",'Shooter-Squad Assignment'!$Z:$Z,0)),""),""))) -> 24-1028 | L8: =IF(ISBLANK(K8),"",IFERROR(INDEX('Tournament List'!$D:$D,MATCH(K8,'Tournament List'!$A:$A,0)),"")) -> Alan Last Name29 | M8: =IF(F8="Skeet",IFERROR(INDEX('Shooter-Squad Assignment'!$A:$A,MATCH(C8&"-"&E8&"-"&F8&"-Pos4",'Shooter-Squad Assignment'!$K:$K,0)),""),IF(F8="Trap",IFERROR(INDEX('Shooter-Squad Assignment'!$A:$A,MATCH(C8&"-"&E8&"-"&F8&"-Pos4",'Shooter-Squad Assignment'!$W:$W,0)),""),IF(F8="Sporting Clays",IFERROR(INDEX('Shooter-Squad Assignment'!$A:$A,MATCH(C8&"-"&E8&"-"&F8&"-Pos4",'Shooter-Squad Assignment'!$Z:$Z,0)),""),""))) | N8: =IF(ISBLANK(M8),"",IFERROR(INDEX('Tournament List'!$D:$D,MATCH(M8,'Tournament List'!$A:$A,0)),"")) | O8: =IF(F8="Skeet",IFERROR(INDEX('Shooter-Squad Assignment'!$A:$A,MATCH(C8&"-"&E8&"-"&F8&"-Pos5",'Shooter-Squad Assignment'!$K:$K,0)),""),IF(F8="Trap",IFERROR(INDEX('Shooter-Squad Assignment'!$A:$A,MATCH(C8&"-"&E8&"-"&F8&"-Pos5",'Shooter-Squad Assignment'!$W:$W,0)),""),IF(F8="Sporting Clays",IFERROR(INDEX('Shooter-Squad Assignment'!$A:$A,MATCH(C8&"-"&E8&"-"&F8&"-Pos5",'Shooter-Squad Assignment'!$Z:$Z,0)),""),""))) | P8: =IF(ISBLANK(O8),"",IFERROR(INDEX('Tournament List'!$D:$D,MATCH(O8,'Tournament List'!$A:$A,0)),""))
A9: 8 | B9: =C9&"-"&E9&"-"&F9 -> Brighton Clay Crushers-Junior Varsity 2-Skeet | C9: Brighton Clay Crushers | D9: =INDEX('Tournament Setup'!$B$59:$B$78,MATCH(E9,SquadConcurrents,0)) -> Junior Varsity | E9: Junior Varsity 2 | F9: Skeet | G9: =IF(F9="Skeet",IFERROR(INDEX('Shooter-Squad Assignment'!$A:$A,MATCH(C9&"-"&E9&"-"&F9&"-Pos1",'Shooter-Squad Assignment'!$K:$K,0)),""),IF(F9="Trap",IFERROR(INDEX('Shooter-Squad Assignment'!$A:$A,MATCH(C9&"-"&E9&"-"&F9&"-Pos1",'Shooter-Squad Assignment'!$W:$W,0)),""),IF(F9="Sporting Clays",IFERROR(INDEX('Shooter-Squad Assignment'!$A:$A,MATCH(C9&"-"&E9&"-"&F9&"-Pos1",'Shooter-Squad Assignment'!$Z:$Z,0)),""),""))) | H9: =IF(ISBLANK(G9),"",IFERROR(INDEX('Tournament List'!$D:$D,MATCH(G9,'Tournament List'!$A:$A,0)),"")) | I9: =IF(F9="Skeet",IFERROR(INDEX('Shooter-Squad Assignment'!$A:$A,MATCH(C9&"-"&E9&"-"&F9&"-Pos2",'Shooter-Squad Assignment'!$K:$K,0)),""),IF(F9="Trap",IFERROR(INDEX('Shooter-Squad Assignment'!$A:$A,MATCH(C9&"-"&E9&"-"&F9&"-Pos2",'Shooter-Squad Assignment'!$W:$W,0)),""),IF(F9="Sporting Clays",IFERROR(INDEX('Shooter-Squad Assignment'!$A:$A,MATCH(C9&"-"&E9&"-"&F9&"-Pos2",'Shooter-Squad Assignment'!$Z:$Z,0)),""),""))) | J9: =IF(ISBLANK(I9),"",IFERROR(INDEX('Tournament List'!$D:$D,MATCH(I9,'Tournament List'!$A:$A,0)),"")) | K9: =IF(F9="Skeet",IFERROR(INDEX('Shooter-Squad Assignment'!$A:$A,MATCH(C9&"-"&E9&"-"&F9&"-Pos3",'Shooter-Squad Assignment'!$K:$K,0)),""),IF(F9="Trap",IFERROR(INDEX('Shooter-Squad Assignment'!$A:$A,MATCH(C9&"-"&E9&"-"&F9&"-Pos3",'Shooter-Squad Assignment'!$W:$W,0)),""),IF(F9="Sporting Clays",IFERROR(INDEX('Shooter-Squad Assignment'!$A:$A,MATCH(C9&"-"&E9&"-"&F9&"-Pos3",'Shooter-Squad Assignment'!$Z:$Z,0)),""),""))) | L9: =IF(ISBLANK(K9),"",IFERROR(INDEX('Tournament List'!$D:$D,MATCH(K9,'Tournament List'!$A:$A,0)),"")) | M9: =IF(F9="Skeet",IFERROR(INDEX('Shooter-Squad Assignment'!$A:$A,MATCH(C9&"-"&E9&"-"&F9&"-Pos4",'Shooter-Squad Assignment'!$K:$K,0)),""),IF(F9="Trap",IFERROR(INDEX('Shooter-Squad Assignment'!$A:$A,MATCH(C9&"-"&E9&"-"&F9&"-Pos4",'Shooter-Squad Assignment'!$W:$W,0)),""),IF(F9="Sporting Clays",IFERROR(INDEX('Shooter-Squad Assignment'!$A:$A,MATCH(C9&"-"&E9&"-"&F9&"-Pos4",'Shooter-Squad Assignment'!$Z:$Z,0)),""),""))) | N9: =IF(ISBLANK(M9),"",IFERROR(INDEX('Tournament List'!$D:$D,MATCH(M9,'Tournament List'!$A:$A,0)),"")) | O9: =IF(F9="Skeet",IFERROR(INDEX('Shooter-Squad Assignment'!$A:$A,MATCH(C9&"-"&E9&"-"&F9&"-Pos5",'Shooter-Squad Assignment'!$K:$K,0)),""),IF(F9="Trap",IFERROR(INDEX('Shooter-Squad Assignment'!$A:$A,MATCH(C9&"-"&E9&"-"&F9&"-Pos5",'Shooter-Squad Assignment'!$W:$W,0)),""),IF(F9="Sporting Clays",IFERROR(INDEX('Shooter-Squad Assignment'!$A:$A,MATCH(C9&"-"&E9&"-"&F9&"-Pos5",'Shooter-Squad Assignment'!$Z:$Z,0)),""),""))) | P9: =IF(ISBLANK(O9),"",IFERROR(INDEX('Tournament List'!$D:$D,MATCH(O9,'Tournament List'!$A:$A,0)),""))
A10: 9 | B10: =C10&"-"&E10&"-"&F10 -> Brighton Clay Crushers-Junior Varsity 3-Skeet | C10: Brighton Clay Crushers | D10: =INDEX('Tournament Setup'!$B$59:$B$78,MATCH(E10,SquadConcurrents,0)) -> Junior Varsity | E10: Junior Varsity 3 | F10: Skeet | G10: =IF(F10="Skeet",IFERROR(INDEX('Shooter-Squad Assignment'!$A:$A,MATCH(C10&"-"&E10&"-"&F10&"-Pos1",'Shooter-Squad Assignment'!$K:$K,0)),""),IF(F10="Trap",IFERROR(INDEX('Shooter-Squad Assignment'!$A:$A,MATCH(C10&"-"&E10&"-"&F10&"-Pos1",'Shooter-Squad Assignment'!$W:$W,0)),""),IF(F10="Sporting Clays",IFERROR(INDEX('Shooter-Squad Assignment'!$A:$A,MATCH(C10&"-"&E10&"-"&F10&"-Pos1",'Shooter-Squad Assignment'!$Z:$Z,0)),""),""))) | H10: =IF(ISBLANK(G10),"",IFERROR(INDEX('Tournament List'!$D:$D,MATCH(G10,'Tournament List'!$A:$A,0)),"")) | I10: =IF(F10="Skeet",IFERROR(INDEX('Shooter-Squad Assignment'!$A:$A,MATCH(C10&"-"&E10&"-"&F10&"-Pos2",'Shooter-Squad Assignment'!$K:$K,0)),""),IF(F10="Trap",IFERROR(INDEX('Shooter-Squad Assignment'!$A:$A,MATCH(C10&"-"&E10&"-"&F10&"-Pos2",'Shooter-Squad Assignment'!$W:$W,0)),""),IF(F10="Sporting Clays",IFERROR(INDEX('Shooter-Squad Assignment'!$A:$A,MATCH(C10&"-"&E10&"-"&F10&"-Pos2",'Shooter-Squad Assignment'!$Z:$Z,0)),""),""))) | J10: =IF(ISBLANK(I10),"",IFERROR(INDEX('Tournament List'!$D:$D,MATCH(I10,'Tournament List'!$A:$A,0)),"")) | K10: =IF(F10="Skeet",IFERROR(INDEX('Shooter-Squad Assignment'!$A:$A,MATCH(C10&"-"&E10&"-"&F10&"-Pos3",'Shooter-Squad Assignment'!$K:$K,0)),""),IF(F10="Trap",IFERROR(INDEX('Shooter-Squad Assignment'!$A:$A,MATCH(C10&"-"&E10&"-"&F10&"-Pos3",'Shooter-Squad Assignment'!$W:$W,0)),""),IF(F10="Sporting Clays",IFERROR(INDEX('Shooter-Squad Assignment'!$A:$A,MATCH(C10&"-"&E10&"-"&F10&"-Pos3",'Shooter-Squad Assignment'!$Z:$Z,0)),""),""))) | L10: =IF(ISBLANK(K10),"",IFERROR(INDEX('Tournament List'!$D:$D,MATCH(K10,'Tournament List'!$A:$A,0)),"")) | M10: =IF(F10="Skeet",IFERROR(INDEX('Shooter-Squad Assignment'!$A:$A,MATCH(C10&"-"&E10&"-"&F10&"-Pos4",'Shooter-Squad Assignment'!$K:$K,0)),""),IF(F10="Trap",IFERROR(INDEX('Shooter-Squad Assignment'!$A:$A,MATCH(C10&"-"&E10&"-"&F10&"-Pos4",'Shooter-Squad Assignment'!$W:$W,0)),""),IF(F10="Sporting Clays",IFERROR(INDEX('Shooter-Squad Assignment'!$A:$A,MATCH(C10&"-"&E10&"-"&F10&"-Pos4",'Shooter-Squad Assignment'!$Z:$Z,0)),""),""))) | N10: =IF(ISBLANK(M10),"",IFERROR(INDEX('Tournament List'!$D:$D,MATCH(M10,'Tournament List'!$A:$A,0)),"")) | O10: =IF(F10="Skeet",IFERROR(INDEX('Shooter-Squad Assignment'!$A:$A,MATCH(C10&"-"&E10&"-"&F10&"-Pos5",'Shooter-Squad Assignment'!$K:$K,0)),""),IF(F10="Trap",IFERROR(INDEX('Shooter-Squad Assignment'!$A:$A,MATCH(C10&"-"&E10&"-"&F10&"-Pos5",'Shooter-Squad Assignment'!$W:$W,0)),""),IF(F10="Sporting Clays",IFERROR(INDEX('Shooter-Squad Assignment'!$A:$A,MATCH(C10&"-"&E10&"-"&F10&"-Pos5",'Shooter-Squad Assignment'!$Z:$Z,0)),""),""))) | P10: =IF(ISBLANK(O10),"",IFERROR(INDEX('Tournament List'!$D:$D,MATCH(O10,'Tournament List'!$A:$A,0)),""))
A11: 10 | B11: =C11&"-"&E11&"-"&F11 -> Brighton Clay Crushers-Novice 1-Skeet | C11: Brighton Clay Crushers | D11: =INDEX('Tournament Setup'!$B$59:$B$78,MATCH(E11,SquadConcurrents,0)) -> Novice | E11: Novice 1 | F11: Skeet | G11: =IF(F11="Skeet",IFERROR(INDEX('Shooter-Squad Assignment'!$A:$A,MATCH(C11&"-"&E11&"-"&F11&"-Pos1",'Shooter-Squad Assignment'!$K:$K,0)),""),IF(F11="Trap",IFERROR(INDEX('Shooter-Squad Assignment'!$A:$A,MATCH(C11&"-"&E11&"-"&F11&"-Pos1",'Shooter-Squad Assignment'!$W:$W,0)),""),IF(F11="Sporting Clays",IFERROR(INDEX('Shooter-Squad Assignment'!$A:$A,MATCH(C11&"-"&E11&"-"&F11&"-Pos1",'Shooter-Squad Assignment'!$Z:$Z,0)),""),""))) -> 24-1016 | H11: =IF(ISBLANK(G11),"",IFERROR(INDEX('Tournament List'!$D:$D,MATCH(G11,'Tournament List'!$A:$A,0)),"")) -> Joan Last Name17 | I11: =IF(F11="Skeet",IFERROR(INDEX('Shooter-Squad Assignment'!$A:$A,MATCH(C11&"-"&E11&"-"&F11&"-Pos2",'Shooter-Squad Assignment'!$K:$K,0)),""),IF(F11="Trap",IFERROR(INDEX('Shooter-Squad Assignment'!$A:$A,MATCH(C11&"-"&E11&"-"&F11&"-Pos2",'Shooter-Squad Assignment'!$W:$W,0)),""),IF(F11="Sporting Clays",IFERROR(INDEX('Shooter-Squad Assignment'!$A:$A,MATCH(C11&"-"&E11&"-"&F11&"-Pos2",'Shooter-Squad Assignment'!$Z:$Z,0)),""),""))) -> 24-1034 | J11: =IF(ISBLANK(I11),"",IFERROR(INDEX('Tournament List'!$D:$D,MATCH(I11,'Tournament List'!$A:$A,0)),"")) -> Patricia Last Name35 | K11: =IF(F11="Skeet",IFERROR(INDEX('Shooter-Squad Assignment'!$A:$A,MATCH(C11&"-"&E11&"-"&F11&"-Pos3",'Shooter-Squad Assignment'!$K:$K,0)),""),IF(F11="Trap",IFERROR(INDEX('Shooter-Squad Assignment'!$A:$A,MATCH(C11&"-"&E11&"-"&F11&"-Pos3",'Shooter-Squad Assignment'!$W:$W,0)),""),IF(F11="Sporting Clays",IFERROR(INDEX('Shooter-Squad Assignment'!$A:$A,MATCH(C11&"-"&E11&"-"&F11&"-Pos3",'Shooter-Squad Assignment'!$Z:$Z,0)),""),""))) -> 24-1046 | L11: =IF(ISBLANK(K11),"",IFERROR(INDEX('Tournament List'!$D:$D,MATCH(K11,'Tournament List'!$A:$A,0)),"")) -> Rick Last Name47 | M11: =IF(F11="Skeet",IFERROR(INDEX('Shooter-Squad Assignment'!$A:$A,MATCH(C11&"-"&E11&"-"&F11&"-Pos4",'Shooter-Squad Assignment'!$K:$K,0)),""),IF(F11="Trap",IFERROR(INDEX('Shooter-Squad Assignment'!$A:$A,MATCH(C11&"-"&E11&"-"&F11&"-Pos4",'Shooter-Squad Assignment'!$W:$W,0)),""),IF(F11="Sporting Clays",IFERROR(INDEX('Shooter-Squad Assignment'!$A:$A,MATCH(C11&"-"&E11&"-"&F11&"-Pos4",'Shooter-Squad Assignment'!$Z:$Z,0)),""),""))) | N11: =IF(ISBLANK(M11),"",IFERROR(INDEX('Tournament List'!$D:$D,MATCH(M11,'Tournament List'!$A:$A,0)),"")) | O11: =IF(F11="Skeet",IFERROR(INDEX('Shooter-Squad Assignment'!$A:$A,MATCH(C11&"-"&E11&"-"&F11&"-Pos5",'Shooter-Squad Assignment'!$K:$K,0)),""),IF(F11="Trap",IFERROR(INDEX('Shooter-Squad Assignment'!$A:$A,MATCH(C11&"-"&E11&"-"&F11&"-Pos5",'Shooter-Squad Assignment'!$W:$W,0)),""),IF(F11="Sporting Clays",IFERROR(INDEX('Shooter-Squad Assignment'!$A:$A,MATCH(C11&"-"&E11&"-"&F11&"-Pos5",'Shooter-Squad Assignment'!$Z:$Z,0)),""),""))) | P11: =IF(ISBLANK(O11),"",IFERROR(INDEX('Tournament List'!$D:$D,MATCH(O11,'Tournament List'!$A:$A,0)),""))
A12: 11 | B12: =C12&"-"&E12&"-"&F12 -> Brighton Clay Crushers-Novice 2-Skeet | C12: Brighton Clay Crushers | D12: =INDEX('Tournament Setup'!$B$59:$B$78,MATCH(E12,SquadConcurrents,0)) -> Novice | E12: Novice 2 | F12: Skeet | G12: =IF(F12="Skeet",IFERROR(INDEX('Shooter-Squad Assignment'!$A:$A,MATCH(C12&"-"&E12&"-"&F12&"-Pos1",'Shooter-Squad Assignment'!$K:$K,0)),""),IF(F12="Trap",IFERROR(INDEX('Shooter-Squad Assignment'!$A:$A,MATCH(C12&"-"&E12&"-"&F12&"-Pos1",'Shooter-Squad Assignment'!$W:$W,0)),""),IF(F12="Sporting Clays",IFERROR(INDEX('Shooter-Squad Assignment'!$A:$A,MATCH(C12&"-"&E12&"-"&F12&"-Pos1",'Shooter-Squad Assignment'!$Z:$Z,0)),""),""))) | H12: =IF(ISBLANK(G12),"",IFERROR(INDEX('Tournament List'!$D:$D,MATCH(G12,'Tournament List'!$A:$A,0)),"")) | I12: =IF(F12="Skeet",IFERROR(INDEX('Shooter-Squad Assignment'!$A:$A,MATCH(C12&"-"&E12&"-"&F12&"-Pos2",'Shooter-Squad Assignment'!$K:$K,0)),""),IF(F12="Trap",IFERROR(INDEX('Shooter-Squad Assignment'!$A:$A,MATCH(C12&"-"&E12&"-"&F12&"-Pos2",'Shooter-Squad Assignment'!$W:$W,0)),""),IF(F12="Sporting Clays",IFERROR(INDEX('Shooter-Squad Assignment'!$A:$A,MATCH(C12&"-"&E12&"-"&F12&"-Pos2",'Shooter-Squad Assignment'!$Z:$Z,0)),""),""))) | J12: =IF(ISBLANK(I12),"",IFERROR(INDEX('Tournament List'!$D:$D,MATCH(I12,'Tournament List'!$A:$A,0)),"")) | K12: =IF(F12="Skeet",IFERROR(INDEX('Shooter-Squad Assignment'!$A:$A,MATCH(C12&"-"&E12&"-"&F12&"-Pos3",'Shooter-Squad Assignment'!$K:$K,0)),""),IF(F12="Trap",IFERROR(INDEX('Shooter-Squad Assignment'!$A:$A,MATCH(C12&"-"&E12&"-"&F12&"-Pos3",'Shooter-Squad Assignment'!$W:$W,0)),""),IF(F12="Sporting Clays",IFERROR(INDEX('Shooter-Squad Assignment'!$A:$A,MATCH(C12&"-"&E12&"-"&F12&"-Pos3",'Shooter-Squad Assignment'!$Z:$Z,0)),""),""))) | L12: =IF(ISBLANK(K12),"",IFERROR(INDEX('Tournament List'!$D:$D,MATCH(K12,'Tournament List'!$A:$A,0)),"")) | M12: =IF(F12="Skeet",IFERROR(INDEX('Shooter-Squad Assignment'!$A:$A,MATCH(C12&"-"&E12&"-"&F12&"-Pos4",'Shooter-Squad Assignment'!$K:$K,0)),""),IF(F12="Trap",IFERROR(INDEX('Shooter-Squad Assignment'!$A:$A,MATCH(C12&"-"&E12&"-"&F12&"-Pos4",'Shooter-Squad Assignment'!$W:$W,0)),""),IF(F12="Sporting Clays",IFERROR(INDEX('Shooter-Squad Assignment'!$A:$A,MATCH(C12&"-"&E12&"-"&F12&"-Pos4",'Shooter-Squad Assignment'!$Z:$Z,0)),""),""))) | N12: =IF(ISBLANK(M12),"",IFERROR(INDEX('Tournament List'!$D:$D,MATCH(M12,'Tournament List'!$A:$A,0)),"")) | O12: =IF(F12="Skeet",IFERROR(INDEX('Shooter-Squad Assignment'!$A:$A,MATCH(C12&"-"&E12&"-"&F12&"-Pos5",'Shooter-Squad Assignment'!$K:$K,0)),""),IF(F12="Trap",IFERROR(INDEX('Shooter-Squad Assignment'!$A:$A,MATCH(C12&"-"&E12&"-"&F12&"-Pos5",'Shooter-Squad Assignment'!$W:$W,0)),""),IF(F12="Sporting Clays",IFERROR(INDEX('Shooter-Squad Assignment'!$A:$A,MATCH(C12&"-"&E12&"-"&F12&"-Pos5",'Shooter-Squad Assignment'!$Z:$Z,0)),""),""))) | P12: =IF(ISBLANK(O12),"",IFERROR(INDEX('Tournament List'!$D:$D,MATCH(O12,'Tournament List'!$A:$A,0)),""))
A13: 12 | B13: =C13&"-"&E13&"-"&F13 -> Brighton Clay Crushers-Novice 3-Skeet | C13: Brighton Clay Crushers | D13: =INDEX('Tournament Setup'!$B$59:$B$78,MATCH(E13,SquadConcurrents,0)) -> Novice | E13: Novice 3 | F13: Skeet | G13: =IF(F13="Skeet",IFERROR(INDEX('Shooter-Squad Assignment'!$A:$A,MATCH(C13&"-"&E13&"-"&F13&"-Pos1",'Shooter-Squad Assignment'!$K:$K,0)),""),IF(F13="Trap",IFERROR(INDEX('Shooter-Squad Assignment'!$A:$A,MATCH(C13&"-"&E13&"-"&F13&"-Pos1",'Shooter-Squad Assignment'!$W:$W,0)),""),IF(F13="Sporting Clays",IFERROR(INDEX('Shooter-Squad Assignment'!$A:$A,MATCH(C13&"-"&E13&"-"&F13&"-Pos1",'Shooter-Squad Assignment'!$Z:$Z,0)),""),""))) | H13: =IF(ISBLANK(G13),"",IFERROR(INDEX('Tournament List'!$D:$D,MATCH(G13,'Tournament List'!$A:$A,0)),"")) | I13: =IF(F13="Skeet",IFERROR(INDEX('Shooter-Squad Assignment'!$A:$A,MATCH(C13&"-"&E13&"-"&F13&"-Pos2",'Shooter-Squad Assignment'!$K:$K,0)),""),IF(F13="Trap",IFERROR(INDEX('Shooter-Squad Assignment'!$A:$A,MATCH(C13&"-"&E13&"-"&F13&"-Pos2",'Shooter-Squad Assignment'!$W:$W,0)),""),IF(F13="Sporting Clays",IFERROR(INDEX('Shooter-Squad Assignment'!$A:$A,MATCH(C13&"-"&E13&"-"&F13&"-Pos2",'Shooter-Squad Assignment'!$Z:$Z,0)),""),""))) | J13: =IF(ISBLANK(I13),"",IFERROR(INDEX('Tournament List'!$D:$D,MATCH(I13,'Tournament List'!$A:$A,0)),"")) | K13: =IF(F13="Skeet",IFERROR(INDEX('Shooter-Squad Assignment'!$A:$A,MATCH(C13&"-"&E13&"-"&F13&"-Pos3",'Shooter-Squad Assignment'!$K:$K,0)),""),IF(F13="Trap",IFERROR(INDEX('Shooter-Squad Assignment'!$A:$A,MATCH(C13&"-"&E13&"-"&F13&"-Pos3",'Shooter-Squad Assignment'!$W:$W,0)),""),IF(F13="Sporting Clays",IFERROR(INDEX('Shooter-Squad Assignment'!$A:$A,MATCH(C13&"-"&E13&"-"&F13&"-Pos3",'Shooter-Squad Assignment'!$Z:$Z,0)),""),""))) | L13: =IF(ISBLANK(K13),"",IFERROR(INDEX('Tournament List'!$D:$D,MATCH(K13,'Tournament List'!$A:$A,0)),"")) | M13: =IF(F13="Skeet",IFERROR(INDEX('Shooter-Squad Assignment'!$A:$A,MATCH(C13&"-"&E13&"-"&F13&"-Pos4",'Shooter-Squad Assignment'!$K:$K,0)),""),IF(F13="Trap",IFERROR(INDEX('Shooter-Squad Assignment'!$A:$A,MATCH(C13&"-"&E13&"-"&F13&"-Pos4",'Shooter-Squad Assignment'!$W:$W,0)),""),IF(F13="Sporting Clays",IFERROR(INDEX('Shooter-Squad Assignment'!$A:$A,MATCH(C13&"-"&E13&"-"&F13&"-Pos4",'Shooter-Squad Assignment'!$Z:$Z,0)),""),""))) | N13: =IF(ISBLANK(M13),"",IFERROR(INDEX('Tournament List'!$D:$D,MATCH(M13,'Tournament List'!$A:$A,0)),"")) | O13: =IF(F13="Skeet",IFERROR(INDEX('Shooter-Squad Assignment'!$A:$A,MATCH(C13&"-"&E13&"-"&F13&"-Pos5",'Shooter-Squad Assignment'!$K:$K,0)),""),IF(F13="Trap",IFERROR(INDEX('Shooter-Squad Assignment'!$A:$A,MATCH(C13&"-"&E13&"-"&F13&"-Pos5",'Shooter-Squad Assignment'!$W:$W,0)),""),IF(F13="Sporting Clays",IFERROR(INDEX('Shooter-Squad Assignment'!$A:$A,MATCH(C13&"-"&E13&"-"&F13&"-Pos5",'Shooter-Squad Assignment'!$Z:$Z,0)),""),""))) | P13: =IF(ISBLANK(O13),"",IFERROR(INDEX('Tournament List'!$D:$D,MATCH(O13,'Tournament List'!$A:$A,0)),""))
... A343: 342 | B343: =C343&"-"&E343&"-"&F343 -> Wiggins Tigers Sporting Club-Varsity 3-Trap | C343: Wiggins Tigers Sporting Club | D343: =INDEX('Tournament Setup'!$B$59:$B$78,MATCH(E343,SquadConcurrents,0)) -> Varsity | E343: Varsity 3 | F343: Trap | G343: =IF(F343="Skeet",IFERROR(INDEX('Shooter-Squad Assignment'!$A:$A,MATCH(C343&"-"&E343&"-"&F343&"-Pos1",'Shooter-Squad Assignment'!$K:$K,0)),""),IF(F343="Trap",IFERROR(INDEX('Shooter-Squad Assignment'!$A:$A,MATCH(C343&"-"&E343&"-"&F343&"-Pos1",'Shooter-Squad Assignment'!$W:$W,0)),""),IF(F343="Sporting Clays",IFERROR(INDEX('Shooter-Squad Assignment'!$A:$A,MATCH(C343&"-"&E343&"-"&F343&"-Pos1",'Shooter-Squad Assignment'!$Z:$Z,0)),""),""))) | H343: =IF(ISBLANK(G343),"",IFERROR(INDEX('Tournament List'!$D:$D,MATCH(G343,'Tournament List'!$A:$A,0)),"")) | I343: =IF(F343="Skeet",IFERROR(INDEX('Shooter-Squad Assignment'!$A:$A,MATCH(C343&"-"&E343&"-"&F343&"-Pos2",'Shooter-Squad Assignment'!$K:$K,0)),""),IF(F343="Trap",IFERROR(INDEX('Shooter-Squad Assignment'!$A:$A,MATCH(C343&"-"&E343&"-"&F343&"-Pos2",'Shooter-Squad Assignment'!$W:$W,0)),""),IF(F343="Sporting Clays",IFERROR(INDEX('Shooter-Squad Assignment'!$A:$A,MATCH(C343&"-"&E343&"-"&F343&"-Pos2",'Shooter-Squad Assignment'!$Z:$Z,0)),""),""))) | J343: =IF(ISBLANK(I343),"",IFERROR(INDEX('Tournament List'!$D:$D,MATCH(I343,'Tournament List'!$A:$A,0)),"")) | K343: =IF(F343="Skeet",IFERROR(INDEX('Shooter-Squad Assignment'!$A:$A,MATCH(C343&"-"&E343&"-"&F343&"-Pos3",'Shooter-Squad Assignment'!$K:$K,0)),""),IF(F343="Trap",IFERROR(INDEX('Shooter-Squad Assignment'!$A:$A,MATCH(C343&"-"&E343&"-"&F343&"-Pos3",'Shooter-Squad Assignment'!$W:$W,0)),""),IF(F343="Sporting Clays",IFERROR(INDEX('Shooter-Squad Assignment'!$A:$A,MATCH(C343&"-"&E343&"-"&F343&"-Pos3",'Shooter-Squad Assignment'!$Z:$Z,0)),""),""))) | L343: =IF(ISBLANK(K343),"",IFERROR(INDEX('Tournament List'!$D:$D,MATCH(K343,'Tournament List'!$A:$A,0)),"")) | M343: =IF(F343="Skeet",IFERROR(INDEX('Shooter-Squad Assignment'!$A:$A,MATCH(C343&"-"&E343&"-"&F343&"-Pos4",'Shooter-Squad Assignment'!$K:$K,0)),""),IF(F343="Trap",IFERROR(INDEX('Shooter-Squad Assignment'!$A:$A,MATCH(C343&"-"&E343&"-"&F343&"-Pos4",'Shooter-Squad Assignment'!$W:$W,0)),""),IF(F343="Sporting Clays",IFERROR(INDEX('Shooter-Squad Assignment'!$A:$A,MATCH(C343&"-"&E343&"-"&F343&"-Pos4",'Shooter-Squad Assignment'!$Z:$Z,0)),""),""))) | N343: =IF(ISBLANK(M343),"",IFERROR(INDEX('Tournament List'!$D:$D,MATCH(M343,'Tournament List'!$A:$A,0)),"")) | O343: =IF(F343="Skeet",IFERROR(INDEX('Shooter-Squad Assignment'!$A:$A,MATCH(C343&"-"&E343&"-"&F343&"-Pos5",'Shooter-Squad Assignment'!$K:$K,0)),""),IF(F343="Trap",IFERROR(INDEX('Shooter-Squad Assignment'!$A:$A,MATCH(C343&"-"&E343&"-"&F343&"-Pos5",'Shooter-Squad Assignment'!$W:$W,0)),""),IF(F343="Sporting Clays",IFERROR(INDEX('Shooter-Squad Assignment'!$A:$A,MATCH(C343&"-"&E343&"-"&F343&"-Pos5",'Shooter-Squad Assignment'!$Z:$Z,0)),""),""))) | P343: =IF(ISBLANK(O343),"",IFERROR(INDEX('Tournament List'!$D:$D,MATCH(O343,'Tournament List'!$A:$A,0)),""))
A344: 343 | B344: =C344&"-"&E344&"-"&F344 -> -Collegiate 1-Skeet | D344: =INDEX('Tournament Setup'!$B$59:$B$78,MATCH(E344,SquadConcurrents,0)) -> Collegiate | E344: Collegiate 1 | F344: Skeet | G344: =IF(F344="Skeet",IFERROR(INDEX('Shooter-Squad Assignment'!$A:$A,MATCH(C344&"-"&E344&"-"&F344&"-Pos1",'Shooter-Squad Assignment'!$K:$K,0)),""),IF(F344="Trap",IFERROR(INDEX('Shooter-Squad Assignment'!$A:$A,MATCH(C344&"-"&E344&"-"&F344&"-Pos1",'Shooter-Squad Assignment'!$W:$W,0)),""),IF(F344="Sporting Clays",IFERROR(INDEX('Shooter-Squad Assignment'!$A:$A,MATCH(C344&"-"&E344&"-"&F344&"-Pos1",'Shooter-Squad Assignment'!$Z:$Z,0)),""),""))) | H344: =IF(ISBLANK(G344),"",IFERROR(INDEX('Tournament List'!$D:$D,MATCH(G344,'Tournament List'!$A:$A,0)),"")) | I344: =IF(F344="Skeet",IFERROR(INDEX('Shooter-Squad Assignment'!$A:$A,MATCH(C344&"-"&E344&"-"&F344&"-Pos2",'Shooter-Squad Assignment'!$K:$K,0)),""),IF(F344="Trap",IFERROR(INDEX('Shooter-Squad Assignment'!$A:$A,MATCH(C344&"-"&E344&"-"&F344&"-Pos2",'Shooter-Squad Assignment'!$W:$W,0)),""),IF(F344="Sporting Clays",IFERROR(INDEX('Shooter-Squad Assignment'!$A:$A,MATCH(C344&"-"&E344&"-"&F344&"-Pos2",'Shooter-Squad Assignment'!$Z:$Z,0)),""),""))) | J344: =IF(ISBLANK(I344),"",IFERROR(INDEX('Tournament List'!$D:$D,MATCH(I344,'Tournament List'!$A:$A,0)),"")) | K344: =IF(F344="Skeet",IFERROR(INDEX('Shooter-Squad Assignment'!$A:$A,MATCH(C344&"-"&E344&"-"&F344&"-Pos3",'Shooter-Squad Assignment'!$K:$K,0)),""),IF(F344="Trap",IFERROR(INDEX('Shooter-Squad Assignment'!$A:$A,MATCH(C344&"-"&E344&"-"&F344&"-Pos3",'Shooter-Squad Assignment'!$W:$W,0)),""),IF(F344="Sporting Clays",IFERROR(INDEX('Shooter-Squad Assignment'!$A:$A,MATCH(C344&"-"&E344&"-"&F344&"-Pos3",'Shooter-Squad Assignment'!$Z:$Z,0)),""),""))) | L344: =IF(ISBLANK(K344),"",IFERROR(INDEX('Tournament List'!$D:$D,MATCH(K344,'Tournament List'!$A:$A,0)),"")) | M344: =IF(F344="Skeet",IFERROR(INDEX('Shooter-Squad Assignment'!$A:$A,MATCH(C344&"-"&E344&"-"&F344&"-Pos4",'Shooter-Squad Assignment'!$K:$K,0)),""),IF(F344="Trap",IFERROR(INDEX('Shooter-Squad Assignment'!$A:$A,MATCH(C344&"-"&E344&"-"&F344&"-Pos4",'Shooter-Squad Assignment'!$W:$W,0)),""),IF(F344="Sporting Clays",IFERROR(INDEX('Shooter-Squad Assignment'!$A:$A,MATCH(C344&"-"&E344&"-"&F344&"-Pos4",'Shooter-Squad Assignment'!$Z:$Z,0)),""),""))) | N344: =IF(ISBLANK(M344),"",IFERROR(INDEX('Tournament List'!$D:$D,MATCH(M344,'Tournament List'!$A:$A,0)),"")) | O344: =IF(F344="Skeet",IFERROR(INDEX('Shooter-Squad Assignment'!$A:$A,MATCH(C344&"-"&E344&"-"&F344&"-Pos5",'Shooter-Squad Assignment'!$K:$K,0)),""),IF(F344="Trap",IFERROR(INDEX('Shooter-Squad Assignment'!$A:$A,MATCH(C344&"-"&E344&"-"&F344&"-Pos5",'Shooter-Squad Assignment'!$W:$W,0)),""),IF(F344="Sporting Clays",IFERROR(INDEX('Shooter-Squad Assignment'!$A:$A,MATCH(C344&"-"&E344&"-"&F344&"-Pos5",'Shooter-Squad Assignment'!$Z:$Z,0)),""),""))) | P344: =IF(ISBLANK(O344),"",IFERROR(INDEX('Tournament List'!$D:$D,MATCH(O344,'Tournament List'!$A:$A,0)),""))
A345: 344 | B345: =C345&"-"&E345&"-"&F345 -> -Collegiate 2-Skeet | D345: =INDEX('Tournament Setup'!$B$59:$B$78,MATCH(E345,SquadConcurrents,0)) -> Collegiate | E345: Collegiate 2 | F345: Skeet | G345: =IF(F345="Skeet",IFERROR(INDEX('Shooter-Squad Assignment'!$A:$A,MATCH(C345&"-"&E345&"-"&F345&"-Pos1",'Shooter-Squad Assignment'!$K:$K,0)),""),IF(F345="Trap",IFERROR(INDEX('Shooter-Squad Assignment'!$A:$A,MATCH(C345&"-"&E345&"-"&F345&"-Pos1",'Shooter-Squad Assignment'!$W:$W,0)),""),IF(F345="Sporting Clays",IFERROR(INDEX('Shooter-Squad Assignment'!$A:$A,MATCH(C345&"-"&E345&"-"&F345&"-Pos1",'Shooter-Squad Assignment'!$Z:$Z,0)),""),""))) | H345: =IF(ISBLANK(G345),"",IFERROR(INDEX('Tournament List'!$D:$D,MATCH(G345,'Tournament List'!$A:$A,0)),"")) | I345: =IF(F345="Skeet",IFERROR(INDEX('Shooter-Squad Assignment'!$A:$A,MATCH(C345&"-"&E345&"-"&F345&"-Pos2",'Shooter-Squad Assignment'!$K:$K,0)),""),IF(F345="Trap",IFERROR(INDEX('Shooter-Squad Assignment'!$A:$A,MATCH(C345&"-"&E345&"-"&F345&"-Pos2",'Shooter-Squad Assignment'!$W:$W,0)),""),IF(F345="Sporting Clays",IFERROR(INDEX('Shooter-Squad Assignment'!$A:$A,MATCH(C345&"-"&E345&"-"&F345&"-Pos2",'Shooter-Squad Assignment'!$Z:$Z,0)),""),""))) | J345: =IF(ISBLANK(I345),"",IFERROR(INDEX('Tournament List'!$D:$D,MATCH(I345,'Tournament List'!$A:$A,0)),"")) | K345: =IF(F345="Skeet",IFERROR(INDEX('Shooter-Squad Assignment'!$A:$A,MATCH(C345&"-"&E345&"-"&F345&"-Pos3",'Shooter-Squad Assignment'!$K:$K,0)),""),IF(F345="Trap",IFERROR(INDEX('Shooter-Squad Assignment'!$A:$A,MATCH(C345&"-"&E345&"-"&F345&"-Pos3",'Shooter-Squad Assignment'!$W:$W,0)),""),IF(F345="Sporting Clays",IFERROR(INDEX('Shooter-Squad Assignment'!$A:$A,MATCH(C345&"-"&E345&"-"&F345&"-Pos3",'Shooter-Squad Assignment'!$Z:$Z,0)),""),""))) | L345: =IF(ISBLANK(K345),"",IFERROR(INDEX('Tournament List'!$D:$D,MATCH(K345,'Tournament List'!$A:$A,0)),"")) | M345: =IF(F345="Skeet",IFERROR(INDEX('Shooter-Squad Assignment'!$A:$A,MATCH(C345&"-"&E345&"-"&F345&"-Pos4",'Shooter-Squad Assignment'!$K:$K,0)),""),IF(F345="Trap",IFERROR(INDEX('Shooter-Squad Assignment'!$A:$A,MATCH(C345&"-"&E345&"-"&F345&"-Pos4",'Shooter-Squad Assignment'!$W:$W,0)),""),IF(F345="Sporting Clays",IFERROR(INDEX('Shooter-Squad Assignment'!$A:$A,MATCH(C345&"-"&E345&"-"&F345&"-Pos4",'Shooter-Squad Assignment'!$Z:$Z,0)),""),""))) | N345: =IF(ISBLANK(M345),"",IFERROR(INDEX('Tournament List'!$D:$D,MATCH(M345,'Tournament List'!$A:$A,0)),"")) | O345: =IF(F345="Skeet",IFERROR(INDEX('Shooter-Squad Assignment'!$A:$A,MATCH(C345&"-"&E345&"-"&F345&"-Pos5",'Shooter-Squad Assignment'!$K:$K,0)),""),IF(F345="Trap",IFERROR(INDEX('Shooter-Squad Assignment'!$A:$A,MATCH(C345&"-"&E345&"-"&F345&"-Pos5",'Shooter-Squad Assignment'!$W:$W,0)),""),IF(F345="Sporting Clays",IFERROR(INDEX('Shooter-Squad Assignment'!$A:$A,MATCH(C345&"-"&E345&"-"&F345&"-Pos5",'Shooter-Squad Assignment'!$Z:$Z,0)),""),""))) | P345: =IF(ISBLANK(O345),"",IFERROR(INDEX('Tournament List'!$D:$D,MATCH(O345,'Tournament List'!$A:$A,0)),""))
A346: 345 | B346: =C346&"-"&E346&"-"&F346 -> -Collegiate 3-Skeet | D346: =INDEX('Tournament Setup'!$B$59:$B$78,MATCH(E346,SquadConcurrents,0)) -> Collegiate | E346: Collegiate 3 | F346: Skeet | G346: =IF(F346="Skeet",IFERROR(INDEX('Shooter-Squad Assignment'!$A:$A,MATCH(C346&"-"&E346&"-"&F346&"-Pos1",'Shooter-Squad Assignment'!$K:$K,0)),""),IF(F346="Trap",IFERROR(INDEX('Shooter-Squad Assignment'!$A:$A,MATCH(C346&"-"&E346&"-"&F346&"-Pos1",'Shooter-Squad Assignment'!$W:$W,0)),""),IF(F346="Sporting Clays",IFERROR(INDEX('Shooter-Squad Assignment'!$A:$A,MATCH(C346&"-"&E346&"-"&F346&"-Pos1",'Shooter-Squad Assignment'!$Z:$Z,0)),""),""))) | H346: =IF(ISBLANK(G346),"",IFERROR(INDEX('Tournament List'!$D:$D,MATCH(G346,'Tournament List'!$A:$A,0)),"")) | I346: =IF(F346="Skeet",IFERROR(INDEX('Shooter-Squad Assignment'!$A:$A,MATCH(C346&"-"&E346&"-"&F346&"-Pos2",'Shooter-Squad Assignment'!$K:$K,0)),""),IF(F346="Trap",IFERROR(INDEX('Shooter-Squad Assignment'!$A:$A,MATCH(C346&"-"&E346&"-"&F346&"-Pos2",'Shooter-Squad Assignment'!$W:$W,0)),""),IF(F346="Sporting Clays",IFERROR(INDEX('Shooter-Squad Assignment'!$A:$A,MATCH(C346&"-"&E346&"-"&F346&"-Pos2",'Shooter-Squad Assignment'!$Z:$Z,0)),""),""))) | J346: =IF(ISBLANK(I346),"",IFERROR(INDEX('Tournament List'!$D:$D,MATCH(I346,'Tournament List'!$A:$A,0)),"")) | K346: =IF(F346="Skeet",IFERROR(INDEX('Shooter-Squad Assignment'!$A:$A,MATCH(C346&"-"&E346&"-"&F346&"-Pos3",'Shooter-Squad Assignment'!$K:$K,0)),""),IF(F346="Trap",IFERROR(INDEX('Shooter-Squad Assignment'!$A:$A,MATCH(C346&"-"&E346&"-"&F346&"-Pos3",'Shooter-Squad Assignment'!$W:$W,0)),""),IF(F346="Sporting Clays",IFERROR(INDEX('Shooter-Squad Assignment'!$A:$A,MATCH(C346&"-"&E346&"-"&F346&"-Pos3",'Shooter-Squad Assignment'!$Z:$Z,0)),""),""))) | L346: =IF(ISBLANK(K346),"",IFERROR(INDEX('Tournament List'!$D:$D,MATCH(K346,'Tournament List'!$A:$A,0)),"")) | M346: =IF(F346="Skeet",IFERROR(INDEX('Shooter-Squad Assignment'!$A:$A,MATCH(C346&"-"&E346&"-"&F346&"-Pos4",'Shooter-Squad Assignment'!$K:$K,0)),""),IF(F346="Trap",IFERROR(INDEX('Shooter-Squad Assignment'!$A:$A,MATCH(C346&"-"&E346&"-"&F346&"-Pos4",'Shooter-Squad Assignment'!$W:$W,0)),""),IF(F346="Sporting Clays",IFERROR(INDEX('Shooter-Squad Assignment'!$A:$A,MATCH(C346&"-"&E346&"-"&F346&"-Pos4",'Shooter-Squad Assignment'!$Z:$Z,0)),""),""))) | N346: =IF(ISBLANK(M346),"",IFERROR(INDEX('Tournament List'!$D:$D,MATCH(M346,'Tournament List'!$A:$A,0)),"")) | O346: =IF(F346="Skeet",IFERROR(INDEX('Shooter-Squad Assignment'!$A:$A,MATCH(C346&"-"&E346&"-"&F346&"-Pos5",'Shooter-Squad Assignment'!$K:$K,0)),""),IF(F346="Trap",IFERROR(INDEX('Shooter-Squad Assignment'!$A:$A,MATCH(C346&"-"&E346&"-"&F346&"-Pos5",'Shooter-Squad Assignment'!$W:$W,0)),""),IF(F346="Sporting Clays",IFERROR(INDEX('Shooter-Squad Assignment'!$A:$A,MATCH(C346&"-"&E346&"-"&F346&"-Pos5",'Shooter-Squad Assignment'!$Z:$Z,0)),""),""))) | P346: =IF(ISBLANK(O346),"",IFERROR(INDEX('Tournament List'!$D:$D,MATCH(O346,'Tournament List'!$A:$A,0)),""))
A347: 346 | B347: =C347&"-"&E347&"-"&F347 -> -Intermediate 1-Skeet | D347: =INDEX('Tournament Setup'!$B$59:$B$78,MATCH(E347,SquadConcurrents,0)) -> Intermediate | E347: Intermediate 1 | F347: Skeet | G347: =IF(F347="Skeet",IFERROR(INDEX('Shooter-Squad Assignment'!$A:$A,MATCH(C347&"-"&E347&"-"&F347&"-Pos1",'Shooter-Squad Assignment'!$K:$K,0)),""),IF(F347="Trap",IFERROR(INDEX('Shooter-Squad Assignment'!$A:$A,MATCH(C347&"-"&E347&"-"&F347&"-Pos1",'Shooter-Squad Assignment'!$W:$W,0)),""),IF(F347="Sporting Clays",IFERROR(INDEX('Shooter-Squad Assignment'!$A:$A,MATCH(C347&"-"&E347&"-"&F347&"-Pos1",'Shooter-Squad Assignment'!$Z:$Z,0)),""),""))) | H347: =IF(ISBLANK(G347),"",IFERROR(INDEX('Tournament List'!$D:$D,MATCH(G347,'Tournament List'!$A:$A,0)),"")) | I347: =IF(F347="Skeet",IFERROR(INDEX('Shooter-Squad Assignment'!$A:$A,MATCH(C347&"-"&E347&"-"&F347&"-Pos2",'Shooter-Squad Assignment'!$K:$K,0)),""),IF(F347="Trap",IFERROR(INDEX('Shooter-Squad Assignment'!$A:$A,MATCH(C347&"-"&E347&"-"&F347&"-Pos2",'Shooter-Squad Assignment'!$W:$W,0)),""),IF(F347="Sporting Clays",IFERROR(INDEX('Shooter-Squad Assignment'!$A:$A,MATCH(C347&"-"&E347&"-"&F347&"-Pos2",'Shooter-Squad Assignment'!$Z:$Z,0)),""),""))) | J347: =IF(ISBLANK(I347),"",IFERROR(INDEX('Tournament List'!$D:$D,MATCH(I347,'Tournament List'!$A:$A,0)),"")) | K347: =IF(F347="Skeet",IFERROR(INDEX('Shooter-Squad Assignment'!$A:$A,MATCH(C347&"-"&E347&"-"&F347&"-Pos3",'Shooter-Squad Assignment'!$K:$K,0)),""),IF(F347="Trap",IFERROR(INDEX('Shooter-Squad Assignment'!$A:$A,MATCH(C347&"-"&E347&"-"&F347&"-Pos3",'Shooter-Squad Assignment'!$W:$W,0)),""),IF(F347="Sporting Clays",IFERROR(INDEX('Shooter-Squad Assignment'!$A:$A,MATCH(C347&"-"&E347&"-"&F347&"-Pos3",'Shooter-Squad Assignment'!$Z:$Z,0)),""),""))) | L347: =IF(ISBLANK(K347),"",IFERROR(INDEX('Tournament List'!$D:$D,MATCH(K347,'Tournament List'!$A:$A,0)),"")) | M347: =IF(F347="Skeet",IFERROR(INDEX('Shooter-Squad Assignment'!$A:$A,MATCH(C347&"-"&E347&"-"&F347&"-Pos4",'Shooter-Squad Assignment'!$K:$K,0)),""),IF(F347="Trap",IFERROR(INDEX('Shooter-Squad Assignment'!$A:$A,MATCH(C347&"-"&E347&"-"&F347&"-Pos4",'Shooter-Squad Assignment'!$W:$W,0)),""),IF(F347="Sporting Clays",IFERROR(INDEX('Shooter-Squad Assignment'!$A:$A,MATCH(C347&"-"&E347&"-"&F347&"-Pos4",'Shooter-Squad Assignment'!$Z:$Z,0)),""),""))) | N347: =IF(ISBLANK(M347),"",IFERROR(INDEX('Tournament List'!$D:$D,MATCH(M347,'Tournament List'!$A:$A,0)),"")) | O347: =IF(F347="Skeet",IFERROR(INDEX('Shooter-Squad Assignment'!$A:$A,MATCH(C347&"-"&E347&"-"&F347&"-Pos5",'Shooter-Squad Assignment'!$K:$K,0)),""),IF(F347="Trap",IFERROR(INDEX('Shooter-Squad Assignment'!$A:$A,MATCH(C347&"-"&E347&"-"&F347&"-Pos5",'Shooter-Squad Assignment'!$W:$W,0)),""),IF(F347="Sporting Clays",IFERROR(INDEX('Shooter-Squad Assignment'!$A:$A,MATCH(C347&"-"&E347&"-"&F347&"-Pos5",'Shooter-Squad Assignment'!$Z:$Z,0)),""),""))) | P347: =IF(ISBLANK(O347),"",IFERROR(INDEX('Tournament List'!$D:$D,MATCH(O347,'Tournament List'!$A:$A,0)),""))
A348: 347 | B348: =C348&"-"&E348&"-"&F348 -> -Intermediate 2-Skeet | D348: =INDEX('Tournament Setup'!$B$59:$B$78,MATCH(E348,SquadConcurrents,0)) -> Intermediate | E348: Intermediate 2 | F348: Skeet | G348: =IF(F348="Skeet",IFERROR(INDEX('Shooter-Squad Assignment'!$A:$A,MATCH(C348&"-"&E348&"-"&F348&"-Pos1",'Shooter-Squad Assignment'!$K:$K,0)),""),IF(F348="Trap",IFERROR(INDEX('Shooter-Squad Assignment'!$A:$A,MATCH(C348&"-"&E348&"-"&F348&"-Pos1",'Shooter-Squad Assignment'!$W:$W,0)),""),IF(F348="Sporting Clays",IFERROR(INDEX('Shooter-Squad Assignment'!$A:$A,MATCH(C348&"-"&E348&"-"&F348&"-Pos1",'Shooter-Squad Assignment'!$Z:$Z,0)),""),""))) | H348: =IF(ISBLANK(G348),"",IFERROR(INDEX('Tournament List'!$D:$D,MATCH(G348,'Tournament List'!$A:$A,0)),"")) | I348: =IF(F348="Skeet",IFERROR(INDEX('Shooter-Squad Assignment'!$A:$A,MATCH(C348&"-"&E348&"-"&F348&"-Pos2",'Shooter-Squad Assignment'!$K:$K,0)),""),IF(F348="Trap",IFERROR(INDEX('Shooter-Squad Assignment'!$A:$A,MATCH(C348&"-"&E348&"-"&F348&"-Pos2",'Shooter-Squad Assignment'!$W:$W,0)),""),IF(F348="Sporting Clays",IFERROR(INDEX('Shooter-Squad Assignment'!$A:$A,MATCH(C348&"-"&E348&"-"&F348&"-Pos2",'Shooter-Squad Assignment'!$Z:$Z,0)),""),""))) | J348: =IF(ISBLANK(I348),"",IFERROR(INDEX('Tournament List'!$D:$D,MATCH(I348,'Tournament List'!$A:$A,0)),"")) | K348: =IF(F348="Skeet",IFERROR(INDEX('Shooter-Squad Assignment'!$A:$A,MATCH(C348&"-"&E348&"-"&F348&"-Pos3",'Shooter-Squad Assignment'!$K:$K,0)),""),IF(F348="Trap",IFERROR(INDEX('Shooter-Squad Assignment'!$A:$A,MATCH(C348&"-"&E348&"-"&F348&"-Pos3",'Shooter-Squad Assignment'!$W:$W,0)),""),IF(F348="Sporting Clays",IFERROR(INDEX('Shooter-Squad Assignment'!$A:$A,MATCH(C348&"-"&E348&"-"&F348&"-Pos3",'Shooter-Squad Assignment'!$Z:$Z,0)),""),""))) | L348: =IF(ISBLANK(K348),"",IFERROR(INDEX('Tournament List'!$D:$D,MATCH(K348,'Tournament List'!$A:$A,0)),"")) | M348: =IF(F348="Skeet",IFERROR(INDEX('Shooter-Squad Assignment'!$A:$A,MATCH(C348&"-"&E348&"-"&F348&"-Pos4",'Shooter-Squad Assignment'!$K:$K,0)),""),IF(F348="Trap",IFERROR(INDEX('Shooter-Squad Assignment'!$A:$A,MATCH(C348&"-"&E348&"-"&F348&"-Pos4",'Shooter-Squad Assignment'!$W:$W,0)),""),IF(F348="Sporting Clays",IFERROR(INDEX('Shooter-Squad Assignment'!$A:$A,MATCH(C348&"-"&E348&"-"&F348&"-Pos4",'Shooter-Squad Assignment'!$Z:$Z,0)),""),""))) | N348: =IF(ISBLANK(M348),"",IFERROR(INDEX('Tournament List'!$D:$D,MATCH(M348,'Tournament List'!$A:$A,0)),"")) | O348: =IF(F348="Skeet",IFERROR(INDEX('Shooter-Squad Assignment'!$A:$A,MATCH(C348&"-"&E348&"-"&F348&"-Pos5",'Shooter-Squad Assignment'!$K:$K,0)),""),IF(F348="Trap",IFERROR(INDEX('Shooter-Squad Assignment'!$A:$A,MATCH(C348&"-"&E348&"-"&F348&"-Pos5",'Shooter-Squad Assignment'!$W:$W,0)),""),IF(F348="Sporting Clays",IFERROR(INDEX('Shooter-Squad Assignment'!$A:$A,MATCH(C348&"-"&E348&"-"&F348&"-Pos5",'Shooter-Squad Assignment'!$Z:$Z,0)),""),""))) | P348: =IF(ISBLANK(O348),"",IFERROR(INDEX('Tournament List'!$D:$D,MATCH(O348,'Tournament List'!$A:$A,0)),""))
A349: 348 | B349: =C349&"-"&E349&"-"&F349 -> -Intermediate 3-Skeet | D349: =INDEX('Tournament Setup'!$B$59:$B$78,MATCH(E349,SquadConcurrents,0)) -> Intermediate | E349: Intermediate 3 | F349: Skeet | G349: =IF(F349="Skeet",IFERROR(INDEX('Shooter-Squad Assignment'!$A:$A,MATCH(C349&"-"&E349&"-"&F349&"-Pos1",'Shooter-Squad Assignment'!$K:$K,0)),""),IF(F349="Trap",IFERROR(INDEX('Shooter-Squad Assignment'!$A:$A,MATCH(C349&"-"&E349&"-"&F349&"-Pos1",'Shooter-Squad Assignment'!$W:$W,0)),""),IF(F349="Sporting Clays",IFERROR(INDEX('Shooter-Squad Assignment'!$A:$A,MATCH(C349&"-"&E349&"-"&F349&"-Pos1",'Shooter-Squad Assignment'!$Z:$Z,0)),""),""))) | H349: =IF(ISBLANK(G349),"",IFERROR(INDEX('Tournament List'!$D:$D,MATCH(G349,'Tournament List'!$A:$A,0)),"")) | I349: =IF(F349="Skeet",IFERROR(INDEX('Shooter-Squad Assignment'!$A:$A,MATCH(C349&"-"&E349&"-"&F349&"-Pos2",'Shooter-Squad Assignment'!$K:$K,0)),""),IF(F349="Trap",IFERROR(INDEX('Shooter-Squad Assignment'!$A:$A,MATCH(C349&"-"&E349&"-"&F349&"-Pos2",'Shooter-Squad Assignment'!$W:$W,0)),""),IF(F349="Sporting Clays",IFERROR(INDEX('Shooter-Squad Assignment'!$A:$A,MATCH(C349&"-"&E349&"-"&F349&"-Pos2",'Shooter-Squad Assignment'!$Z:$Z,0)),""),""))) | J349: =IF(ISBLANK(I349),"",IFERROR(INDEX('Tournament List'!$D:$D,MATCH(I349,'Tournament List'!$A:$A,0)),"")) | K349: =IF(F349="Skeet",IFERROR(INDEX('Shooter-Squad Assignment'!$A:$A,MATCH(C349&"-"&E349&"-"&F349&"-Pos3",'Shooter-Squad Assignment'!$K:$K,0)),""),IF(F349="Trap",IFERROR(INDEX('Shooter-Squad Assignment'!$A:$A,MATCH(C349&"-"&E349&"-"&F349&"-Pos3",'Shooter-Squad Assignment'!$W:$W,0)),""),IF(F349="Sporting Clays",IFERROR(INDEX('Shooter-Squad Assignment'!$A:$A,MATCH(C349&"-"&E349&"-"&F349&"-Pos3",'Shooter-Squad Assignment'!$Z:$Z,0)),""),""))) | L349: =IF(ISBLANK(K349),"",IFERROR(INDEX('Tournament List'!$D:$D,MATCH(K349,'Tournament List'!$A:$A,0)),"")) | M349: =IF(F349="Skeet",IFERROR(INDEX('Shooter-Squad Assignment'!$A:$A,MATCH(C349&"-"&E349&"-"&F349&"-Pos4",'Shooter-Squad Assignment'!$K:$K,0)),""),IF(F349="Trap",IFERROR(INDEX('Shooter-Squad Assignment'!$A:$A,MATCH(C349&"-"&E349&"-"&F349&"-Pos4",'Shooter-Squad Assignment'!$W:$W,0)),""),IF(F349="Sporting Clays",IFERROR(INDEX('Shooter-Squad Assignment'!$A:$A,MATCH(C349&"-"&E349&"-"&F349&"-Pos4",'Shooter-Squad Assignment'!$Z:$Z,0)),""),""))) | N349: =IF(ISBLANK(M349),"",IFERROR(INDEX('Tournament List'!$D:$D,MATCH(M349,'Tournament List'!$A:$A,0)),"")) | O349: =IF(F349="Skeet",IFERROR(INDEX('Shooter-Squad Assignment'!$A:$A,MATCH(C349&"-"&E349&"-"&F349&"-Pos5",'Shooter-Squad Assignment'!$K:$K,0)),""),IF(F349="Trap",IFERROR(INDEX('Shooter-Squad Assignment'!$A:$A,MATCH(C349&"-"&E349&"-"&F349&"-Pos5",'Shooter-Squad Assignment'!$W:$W,0)),""),IF(F349="Sporting Clays",IFERROR(INDEX('Shooter-Squad Assignment'!$A:$A,MATCH(C349&"-"&E349&"-"&F349&"-Pos5",'Shooter-Squad Assignment'!$Z:$Z,0)),""),""))) | P349: =IF(ISBLANK(O349),"",IFERROR(INDEX('Tournament List'!$D:$D,MATCH(O349,'Tournament List'!$A:$A,0)),""))
A350: 349 | B350: =C350&"-"&E350&"-"&F350 -> -Junior Varsity 1-Skeet | D350: =INDEX('Tournament Setup'!$B$59:$B$78,MATCH(E350,SquadConcurrents,0)) -> Junior Varsity | E350: Junior Varsity 1 | F350: Skeet | G350: =IF(F350="Skeet",IFERROR(INDEX('Shooter-Squad Assignment'!$A:$A,MATCH(C350&"-"&E350&"-"&F350&"-Pos1",'Shooter-Squad Assignment'!$K:$K,0)),""),IF(F350="Trap",IFERROR(INDEX('Shooter-Squad Assignment'!$A:$A,MATCH(C350&"-"&E350&"-"&F350&"-Pos1",'Shooter-Squad Assignment'!$W:$W,0)),""),IF(F350="Sporting Clays",IFERROR(INDEX('Shooter-Squad Assignment'!$A:$A,MATCH(C350&"-"&E350&"-"&F350&"-Pos1",'Shooter-Squad Assignment'!$Z:$Z,0)),""),""))) | H350: =IF(ISBLANK(G350),"",IFERROR(INDEX('Tournament List'!$D:$D,MATCH(G350,'Tournament List'!$A:$A,0)),"")) | I350: =IF(F350="Skeet",IFERROR(INDEX('Shooter-Squad Assignment'!$A:$A,MATCH(C350&"-"&E350&"-"&F350&"-Pos2",'Shooter-Squad Assignment'!$K:$K,0)),""),IF(F350="Trap",IFERROR(INDEX('Shooter-Squad Assignment'!$A:$A,MATCH(C350&"-"&E350&"-"&F350&"-Pos2",'Shooter-Squad Assignment'!$W:$W,0)),""),IF(F350="Sporting Clays",IFERROR(INDEX('Shooter-Squad Assignment'!$A:$A,MATCH(C350&"-"&E350&"-"&F350&"-Pos2",'Shooter-Squad Assignment'!$Z:$Z,0)),""),""))) | J350: =IF(ISBLANK(I350),"",IFERROR(INDEX('Tournament List'!$D:$D,MATCH(I350,'Tournament List'!$A:$A,0)),"")) | K350: =IF(F350="Skeet",IFERROR(INDEX('Shooter-Squad Assignment'!$A:$A,MATCH(C350&"-"&E350&"-"&F350&"-Pos3",'Shooter-Squad Assignment'!$K:$K,0)),""),IF(F350="Trap",IFERROR(INDEX('Shooter-Squad Assignment'!$A:$A,MATCH(C350&"-"&E350&"-"&F350&"-Pos3",'Shooter-Squad Assignment'!$W:$W,0)),""),IF(F350="Sporting Clays",IFERROR(INDEX('Shooter-Squad Assignment'!$A:$A,MATCH(C350&"-"&E350&"-"&F350&"-Pos3",'Shooter-Squad Assignment'!$Z:$Z,0)),""),""))) | L350: =IF(ISBLANK(K350),"",IFERROR(INDEX('Tournament List'!$D:$D,MATCH(K350,'Tournament List'!$A:$A,0)),"")) | M350: =IF(F350="Skeet",IFERROR(INDEX('Shooter-Squad Assignment'!$A:$A,MATCH(C350&"-"&E350&"-"&F350&"-Pos4",'Shooter-Squad Assignment'!$K:$K,0)),""),IF(F350="Trap",IFERROR(INDEX('Shooter-Squad Assignment'!$A:$A,MATCH(C350&"-"&E350&"-"&F350&"-Pos4",'Shooter-Squad Assignment'!$W:$W,0)),""),IF(F350="Sporting Clays",IFERROR(INDEX('Shooter-Squad Assignment'!$A:$A,MATCH(C350&"-"&E350&"-"&F350&"-Pos4",'Shooter-Squad Assignment'!$Z:$Z,0)),""),""))) | N350: =IF(ISBLANK(M350),"",IFERROR(INDEX('Tournament List'!$D:$D,MATCH(M350,'Tournament List'!$A:$A,0)),"")) | O350: =IF(F350="Skeet",IFERROR(INDEX('Shooter-Squad Assignment'!$A:$A,MATCH(C350&"-"&E350&"-"&F350&"-Pos5",'Shooter-Squad Assignment'!$K:$K,0)),""),IF(F350="Trap",IFERROR(INDEX('Shooter-Squad Assignment'!$A:$A,MATCH(C350&"-"&E350&"-"&F350&"-Pos5",'Shooter-Squad Assignment'!$W:$W,0)),""),IF(F350="Sporting Clays",IFERROR(INDEX('Shooter-Squad Assignment'!$A:$A,MATCH(C350&"-"&E350&"-"&F350&"-Pos5",'Shooter-Squad Assignment'!$Z:$Z,0)),""),""))) | P350: =IF(ISBLANK(O350),"",IFERROR(INDEX('Tournament List'!$D:$D,MATCH(O350,'Tournament List'!$A:$A,0)),""))
A351: 350 | B351: =C351&"-"&E351&"-"&F351 -> -Junior Varsity 2-Skeet | D351: =INDEX('Tournament Setup'!$B$59:$B$78,MATCH(E351,SquadConcurrents,0)) -> Junior Varsity | E351: Junior Varsity 2 | F351: Skeet | G351: =IF(F351="Skeet",IFERROR(INDEX('Shooter-Squad Assignment'!$A:$A,MATCH(C351&"-"&E351&"-"&F351&"-Pos1",'Shooter-Squad Assignment'!$K:$K,0)),""),IF(F351="Trap",IFERROR(INDEX('Shooter-Squad Assignment'!$A:$A,MATCH(C351&"-"&E351&"-"&F351&"-Pos1",'Shooter-Squad Assignment'!$W:$W,0)),""),IF(F351="Sporting Clays",IFERROR(INDEX('Shooter-Squad Assignment'!$A:$A,MATCH(C351&"-"&E351&"-"&F351&"-Pos1",'Shooter-Squad Assignment'!$Z:$Z,0)),""),""))) | H351: =IF(ISBLANK(G351),"",IFERROR(INDEX('Tournament List'!$D:$D,MATCH(G351,'Tournament List'!$A:$A,0)),"")) | I351: =IF(F351="Skeet",IFERROR(INDEX('Shooter-Squad Assignment'!$A:$A,MATCH(C351&"-"&E351&"-"&F351&"-Pos2",'Shooter-Squad Assignment'!$K:$K,0)),""),IF(F351="Trap",IFERROR(INDEX('Shooter-Squad Assignment'!$A:$A,MATCH(C351&"-"&E351&"-"&F351&"-Pos2",'Shooter-Squad Assignment'!$W:$W,0)),""),IF(F351="Sporting Clays",IFERROR(INDEX('Shooter-Squad Assignment'!$A:$A,MATCH(C351&"-"&E351&"-"&F351&"-Pos2",'Shooter-Squad Assignment'!$Z:$Z,0)),""),""))) | J351: =IF(ISBLANK(I351),"",IFERROR(INDEX('Tournament List'!$D:$D,MATCH(I351,'Tournament List'!$A:$A,0)),"")) | K351: =IF(F351="Skeet",IFERROR(INDEX('Shooter-Squad Assignment'!$A:$A,MATCH(C351&"-"&E351&"-"&F351&"-Pos3",'Shooter-Squad Assignment'!$K:$K,0)),""),IF(F351="Trap",IFERROR(INDEX('Shooter-Squad Assignment'!$A:$A,MATCH(C351&"-"&E351&"-"&F351&"-Pos3",'Shooter-Squad Assignment'!$W:$W,0)),""),IF(F351="Sporting Clays",IFERROR(INDEX('Shooter-Squad Assignment'!$A:$A,MATCH(C351&"-"&E351&"-"&F351&"-Pos3",'Shooter-Squad Assignment'!$Z:$Z,0)),""),""))) | L351: =IF(ISBLANK(K351),"",IFERROR(INDEX('Tournament List'!$D:$D,MATCH(K351,'Tournament List'!$A:$A,0)),"")) | M351: =IF(F351="Skeet",IFERROR(INDEX('Shooter-Squad Assignment'!$A:$A,MATCH(C351&"-"&E351&"-"&F351&"-Pos4",'Shooter-Squad Assignment'!$K:$K,0)),""),IF(F351="Trap",IFERROR(INDEX('Shooter-Squad Assignment'!$A:$A,MATCH(C351&"-"&E351&"-"&F351&"-Pos4",'Shooter-Squad Assignment'!$W:$W,0)),""),IF(F351="Sporting Clays",IFERROR(INDEX('Shooter-Squad Assignment'!$A:$A,MATCH(C351&"-"&E351&"-"&F351&"-Pos4",'Shooter-Squad Assignment'!$Z:$Z,0)),""),""))) | N351: =IF(ISBLANK(M351),"",IFERROR(INDEX('Tournament List'!$D:$D,MATCH(M351,'Tournament List'!$A:$A,0)),"")) | O351: =IF(F351="Skeet",IFERROR(INDEX('Shooter-Squad Assignment'!$A:$A,MATCH(C351&"-"&E351&"-"&F351&"-Pos5",'Shooter-Squad Assignment'!$K:$K,0)),""),IF(F351="Trap",IFERROR(INDEX('Shooter-Squad Assignment'!$A:$A,MATCH(C351&"-"&E351&"-"&F351&"-Pos5",'Shooter-Squad Assignment'!$W:$W,0)),""),IF(F351="Sporting Clays",IFERROR(INDEX('Shooter-Squad Assignment'!$A:$A,MATCH(C351&"-"&E351&"-"&F351&"-Pos5",'Shooter-Squad Assignment'!$Z:$Z,0)),""),""))) | P351: =IF(ISBLANK(O351),"",IFERROR(INDEX('Tournament List'!$D:$D,MATCH(O351,'Tournament List'!$A:$A,0)),""))
A352: 351 | B352: =C352&"-"&E352&"-"&F352 -> -Junior Varsity 3-Skeet | D352: =INDEX('Tournament Setup'!$B$59:$B$78,MATCH(E352,SquadConcurrents,0)) -> Junior Varsity | E352: Junior Varsity 3 | F352: Skeet | G352: =IF(F352="Skeet",IFERROR(INDEX('Shooter-Squad Assignment'!$A:$A,MATCH(C352&"-"&E352&"-"&F352&"-Pos1",'Shooter-Squad Assignment'!$K:$K,0)),""),IF(F352="Trap",IFERROR(INDEX('Shooter-Squad Assignment'!$A:$A,MATCH(C352&"-"&E352&"-"&F352&"-Pos1",'Shooter-Squad Assignment'!$W:$W,0)),""),IF(F352="Sporting Clays",IFERROR(INDEX('Shooter-Squad Assignment'!$A:$A,MATCH(C352&"-"&E352&"-"&F352&"-Pos1",'Shooter-Squad Assignment'!$Z:$Z,0)),""),""))) | H352: =IF(ISBLANK(G352),"",IFERROR(INDEX('Tournament List'!$D:$D,MATCH(G352,'Tournament List'!$A:$A,0)),"")) | I352: =IF(F352="Skeet",IFERROR(INDEX('Shooter-Squad Assignment'!$A:$A,MATCH(C352&"-"&E352&"-"&F352&"-Pos2",'Shooter-Squad Assignment'!$K:$K,0)),""),IF(F352="Trap",IFERROR(INDEX('Shooter-Squad Assignment'!$A:$A,MATCH(C352&"-"&E352&"-"&F352&"-Pos2",'Shooter-Squad Assignment'!$W:$W,0)),""),IF(F352="Sporting Clays",IFERROR(INDEX('Shooter-Squad Assignment'!$A:$A,MATCH(C352&"-"&E352&"-"&F352&"-Pos2",'Shooter-Squad Assignment'!$Z:$Z,0)),""),""))) | J352: =IF(ISBLANK(I352),"",IFERROR(INDEX('Tournament List'!$D:$D,MATCH(I352,'Tournament List'!$A:$A,0)),"")) | K352: =IF(F352="Skeet",IFERROR(INDEX('Shooter-Squad Assignment'!$A:$A,MATCH(C352&"-"&E352&"-"&F352&"-Pos3",'Shooter-Squad Assignment'!$K:$K,0)),""),IF(F352="Trap",IFERROR(INDEX('Shooter-Squad Assignment'!$A:$A,MATCH(C352&"-"&E352&"-"&F352&"-Pos3",'Shooter-Squad Assignment'!$W:$W,0)),""),IF(F352="Sporting Clays",IFERROR(INDEX('Shooter-Squad Assignment'!$A:$A,MATCH(C352&"-"&E352&"-"&F352&"-Pos3",'Shooter-Squad Assignment'!$Z:$Z,0)),""),""))) | L352: =IF(ISBLANK(K352),"",IFERROR(INDEX('Tournament List'!$D:$D,MATCH(K352,'Tournament List'!$A:$A,0)),"")) | M352: =IF(F352="Skeet",IFERROR(INDEX('Shooter-Squad Assignment'!$A:$A,MATCH(C352&"-"&E352&"-"&F352&"-Pos4",'Shooter-Squad Assignment'!$K:$K,0)),""),IF(F352="Trap",IFERROR(INDEX('Shooter-Squad Assignment'!$A:$A,MATCH(C352&"-"&E352&"-"&F352&"-Pos4",'Shooter-Squad Assignment'!$W:$W,0)),""),IF(F352="Sporting Clays",IFERROR(INDEX('Shooter-Squad Assignment'!$A:$A,MATCH(C352&"-"&E352&"-"&F352&"-Pos4",'Shooter-Squad Assignment'!$Z:$Z,0)),""),""))) | N352: =IF(ISBLANK(M352),"",IFERROR(INDEX('Tournament List'!$D:$D,MATCH(M352,'Tournament List'!$A:$A,0)),"")) | O352: =IF(F352="Skeet",IFERROR(INDEX('Shooter-Squad Assignment'!$A:$A,MATCH(C352&"-"&E352&"-"&F352&"-Pos5",'Shooter-Squad Assignment'!$K:$K,0)),""),IF(F352="Trap",IFERROR(INDEX('Shooter-Squad Assignment'!$A:$A,MATCH(C352&"-"&E352&"-"&F352&"-Pos5",'Shooter-Squad Assignment'!$W:$W,0)),""),IF(F352="Sporting Clays",IFERROR(INDEX('Shooter-Squad Assignment'!$A:$A,MATCH(C352&"-"&E352&"-"&F352&"-Pos5",'Shooter-Squad Assignment'!$Z:$Z,0)),""),""))) | P352: =IF(ISBLANK(O352),"",IFERROR(INDEX('Tournament List'!$D:$D,MATCH(O352,'Tournament List'!$A:$A,0)),""))
A353: 352 | B353: =C353&"-"&E353&"-"&F353 -> -Novice 1-Skeet | D353: =INDEX('Tournament Setup'!$B$59:$B$78,MATCH(E353,SquadConcurrents,0)) -> Novice | E353: Novice 1 | F353: Skeet | G353: =IF(F353="Skeet",IFERROR(INDEX('Shooter-Squad Assignment'!$A:$A,MATCH(C353&"-"&E353&"-"&F353&"-Pos1",'Shooter-Squad Assignment'!$K:$K,0)),""),IF(F353="Trap",IFERROR(INDEX('Shooter-Squad Assignment'!$A:$A,MATCH(C353&"-"&E353&"-"&F353&"-Pos1",'Shooter-Squad Assignment'!$W:$W,0)),""),IF(F353="Sporting Clays",IFERROR(INDEX('Shooter-Squad Assignment'!$A:$A,MATCH(C353&"-"&E353&"-"&F353&"-Pos1",'Shooter-Squad Assignment'!$Z:$Z,0)),""),""))) | H353: =IF(ISBLANK(G353),"",IFERROR(INDEX('Tournament List'!$D:$D,MATCH(G353,'Tournament List'!$A:$A,0)),"")) | I353: =IF(F353="Skeet",IFERROR(INDEX('Shooter-Squad Assignment'!$A:$A,MATCH(C353&"-"&E353&"-"&F353&"-Pos2",'Shooter-Squad Assignment'!$K:$K,0)),""),IF(F353="Trap",IFERROR(INDEX('Shooter-Squad Assignment'!$A:$A,MATCH(C353&"-"&E353&"-"&F353&"-Pos2",'Shooter-Squad Assignment'!$W:$W,0)),""),IF(F353="Sporting Clays",IFERROR(INDEX('Shooter-Squad Assignment'!$A:$A,MATCH(C353&"-"&E353&"-"&F353&"-Pos2",'Shooter-Squad Assignment'!$Z:$Z,0)),""),""))) | J353: =IF(ISBLANK(I353),"",IFERROR(INDEX('Tournament List'!$D:$D,MATCH(I353,'Tournament List'!$A:$A,0)),"")) | K353: =IF(F353="Skeet",IFERROR(INDEX('Shooter-Squad Assignment'!$A:$A,MATCH(C353&"-"&E353&"-"&F353&"-Pos3",'Shooter-Squad Assignment'!$K:$K,0)),""),IF(F353="Trap",IFERROR(INDEX('Shooter-Squad Assignment'!$A:$A,MATCH(C353&"-"&E353&"-"&F353&"-Pos3",'Shooter-Squad Assignment'!$W:$W,0)),""),IF(F353="Sporting Clays",IFERROR(INDEX('Shooter-Squad Assignment'!$A:$A,MATCH(C353&"-"&E353&"-"&F353&"-Pos3",'Shooter-Squad Assignment'!$Z:$Z,0)),""),""))) | L353: =IF(ISBLANK(K353),"",IFERROR(INDEX('Tournament List'!$D:$D,MATCH(K353,'Tournament List'!$A:$A,0)),"")) | M353: =IF(F353="Skeet",IFERROR(INDEX('Shooter-Squad Assignment'!$A:$A,MATCH(C353&"-"&E353&"-"&F353&"-Pos4",'Shooter-Squad Assignment'!$K:$K,0)),""),IF(F353="Trap",IFERROR(INDEX('Shooter-Squad Assignment'!$A:$A,MATCH(C353&"-"&E353&"-"&F353&"-Pos4",'Shooter-Squad Assignment'!$W:$W,0)),""),IF(F353="Sporting Clays",IFERROR(INDEX('Shooter-Squad Assignment'!$A:$A,MATCH(C353&"-"&E353&"-"&F353&"-Pos4",'Shooter-Squad Assignment'!$Z:$Z,0)),""),""))) | N353: =IF(ISBLANK(M353),"",IFERROR(INDEX('Tournament List'!$D:$D,MATCH(M353,'Tournament List'!$A:$A,0)),"")) | O353: =IF(F353="Skeet",IFERROR(INDEX('Shooter-Squad Assignment'!$A:$A,MATCH(C353&"-"&E353&"-"&F353&"-Pos5",'Shooter-Squad Assignment'!$K:$K,0)),""),IF(F353="Trap",IFERROR(INDEX('Shooter-Squad Assignment'!$A:$A,MATCH(C353&"-"&E353&"-"&F353&"-Pos5",'Shooter-Squad Assignment'!$W:$W,0)),""),IF(F353="Sporting Clays",IFERROR(INDEX('Shooter-Squad Assignment'!$A:$A,MATCH(C353&"-"&E353&"-"&F353&"-Pos5",'Shooter-Squad Assignment'!$Z:$Z,0)),""),""))) | P353: =IF(ISBLANK(O353),"",IFERROR(INDEX('Tournament List'!$D:$D,MATCH(O353,'Tournament List'!$A:$A,0)),""))
A354: 353 | B354: =C354&"-"&E354&"-"&F354 -> -Novice 2-Skeet | D354: =INDEX('Tournament Setup'!$B$59:$B$78,MATCH(E354,SquadConcurrents,0)) -> Novice | E354: Novice 2 | F354: Skeet | G354: =IF(F354="Skeet",IFERROR(INDEX('Shooter-Squad Assignment'!$A:$A,MATCH(C354&"-"&E354&"-"&F354&"-Pos1",'Shooter-Squad Assignment'!$K:$K,0)),""),IF(F354="Trap",IFERROR(INDEX('Shooter-Squad Assignment'!$A:$A,MATCH(C354&"-"&E354&"-"&F354&"-Pos1",'Shooter-Squad Assignment'!$W:$W,0)),""),IF(F354="Sporting Clays",IFERROR(INDEX('Shooter-Squad Assignment'!$A:$A,MATCH(C354&"-"&E354&"-"&F354&"-Pos1",'Shooter-Squad Assignment'!$Z:$Z,0)),""),""))) | H354: =IF(ISBLANK(G354),"",IFERROR(INDEX('Tournament List'!$D:$D,MATCH(G354,'Tournament List'!$A:$A,0)),"")) | I354: =IF(F354="Skeet",IFERROR(INDEX('Shooter-Squad Assignment'!$A:$A,MATCH(C354&"-"&E354&"-"&F354&"-Pos2",'Shooter-Squad Assignment'!$K:$K,0)),""),IF(F354="Trap",IFERROR(INDEX('Shooter-Squad Assignment'!$A:$A,MATCH(C354&"-"&E354&"-"&F354&"-Pos2",'Shooter-Squad Assignment'!$W:$W,0)),""),IF(F354="Sporting Clays",IFERROR(INDEX('Shooter-Squad Assignment'!$A:$A,MATCH(C354&"-"&E354&"-"&F354&"-Pos2",'Shooter-Squad Assignment'!$Z:$Z,0)),""),""))) | J354: =IF(ISBLANK(I354),"",IFERROR(INDEX('Tournament List'!$D:$D,MATCH(I354,'Tournament List'!$A:$A,0)),"")) | K354: =IF(F354="Skeet",IFERROR(INDEX('Shooter-Squad Assignment'!$A:$A,MATCH(C354&"-"&E354&"-"&F354&"-Pos3",'Shooter-Squad Assignment'!$K:$K,0)),""),IF(F354="Trap",IFERROR(INDEX('Shooter-Squad Assignment'!$A:$A,MATCH(C354&"-"&E354&"-"&F354&"-Pos3",'Shooter-Squad Assignment'!$W:$W,0)),""),IF(F354="Sporting Clays",IFERROR(INDEX('Shooter-Squad Assignment'!$A:$A,MATCH(C354&"-"&E354&"-"&F354&"-Pos3",'Shooter-Squad Assignment'!$Z:$Z,0)),""),""))) | L354: =IF(ISBLANK(K354),"",IFERROR(INDEX('Tournament List'!$D:$D,MATCH(K354,'Tournament List'!$A:$A,0)),"")) | M354: =IF(F354="Skeet",IFERROR(INDEX('Shooter-Squad Assignment'!$A:$A,MATCH(C354&"-"&E354&"-"&F354&"-Pos4",'Shooter-Squad Assignment'!$K:$K,0)),""),IF(F354="Trap",IFERROR(INDEX('Shooter-Squad Assignment'!$A:$A,MATCH(C354&"-"&E354&"-"&F354&"-Pos4",'Shooter-Squad Assignment'!$W:$W,0)),""),IF(F354="Sporting Clays",IFERROR(INDEX('Shooter-Squad Assignment'!$A:$A,MATCH(C354&"-"&E354&"-"&F354&"-Pos4",'Shooter-Squad Assignment'!$Z:$Z,0)),""),""))) | N354: =IF(ISBLANK(M354),"",IFERROR(INDEX('Tournament List'!$D:$D,MATCH(M354,'Tournament List'!$A:$A,0)),"")) | O354: =IF(F354="Skeet",IFERROR(INDEX('Shooter-Squad Assignment'!$A:$A,MATCH(C354&"-"&E354&"-"&F354&"-Pos5",'Shooter-Squad Assignment'!$K:$K,0)),""),IF(F354="Trap",IFERROR(INDEX('Shooter-Squad Assignment'!$A:$A,MATCH(C354&"-"&E354&"-"&F354&"-Pos5",'Shooter-Squad Assignment'!$W:$W,0)),""),IF(F354="Sporting Clays",IFERROR(INDEX('Shooter-Squad Assignment'!$A:$A,MATCH(C354&"-"&E354&"-"&F354&"-Pos5",'Shooter-Squad Assignment'!$Z:$Z,0)),""),""))) | P354: =IF(ISBLANK(O354),"",IFERROR(INDEX('Tournament List'!$D:$D,MATCH(O354,'Tournament List'!$A:$A,0)),""))
A355: 354 | B355: =C355&"-"&E355&"-"&F355 -> -Novice 3-Skeet | D355: =INDEX('Tournament Setup'!$B$59:$B$78,MATCH(E355,SquadConcurrents,0)) -> Novice | E355: Novice 3 | F355: Skeet | G355: =IF(F355="Skeet",IFERROR(INDEX('Shooter-Squad Assignment'!$A:$A,MATCH(C355&"-"&E355&"-"&F355&"-Pos1",'Shooter-Squad Assignment'!$K:$K,0)),""),IF(F355="Trap",IFERROR(INDEX('Shooter-Squad Assignment'!$A:$A,MATCH(C355&"-"&E355&"-"&F355&"-Pos1",'Shooter-Squad Assignment'!$W:$W,0)),""),IF(F355="Sporting Clays",IFERROR(INDEX('Shooter-Squad Assignment'!$A:$A,MATCH(C355&"-"&E355&"-"&F355&"-Pos1",'Shooter-Squad Assignment'!$Z:$Z,0)),""),""))) | H355: =IF(ISBLANK(G355),"",IFERROR(INDEX('Tournament List'!$D:$D,MATCH(G355,'Tournament List'!$A:$A,0)),"")) | I355: =IF(F355="Skeet",IFERROR(INDEX('Shooter-Squad Assignment'!$A:$A,MATCH(C355&"-"&E355&"-"&F355&"-Pos2",'Shooter-Squad Assignment'!$K:$K,0)),""),IF(F355="Trap",IFERROR(INDEX('Shooter-Squad Assignment'!$A:$A,MATCH(C355&"-"&E355&"-"&F355&"-Pos2",'Shooter-Squad Assignment'!$W:$W,0)),""),IF(F355="Sporting Clays",IFERROR(INDEX('Shooter-Squad Assignment'!$A:$A,MATCH(C355&"-"&E355&"-"&F355&"-Pos2",'Shooter-Squad Assignment'!$Z:$Z,0)),""),""))) | J355: =IF(ISBLANK(I355),"",IFERROR(INDEX('Tournament List'!$D:$D,MATCH(I355,'Tournament List'!$A:$A,0)),"")) | K355: =IF(F355="Skeet",IFERROR(INDEX('Shooter-Squad Assignment'!$A:$A,MATCH(C355&"-"&E355&"-"&F355&"-Pos3",'Shooter-Squad Assignment'!$K:$K,0)),""),IF(F355="Trap",IFERROR(INDEX('Shooter-Squad Assignment'!$A:$A,MATCH(C355&"-"&E355&"-"&F355&"-Pos3",'Shooter-Squad Assignment'!$W:$W,0)),""),IF(F355="Sporting Clays",IFERROR(INDEX('Shooter-Squad Assignment'!$A:$A,MATCH(C355&"-"&E355&"-"&F355&"-Pos3",'Shooter-Squad Assignment'!$Z:$Z,0)),""),""))) | L355: =IF(ISBLANK(K355),"",IFERROR(INDEX('Tournament List'!$D:$D,MATCH(K355,'Tournament List'!$A:$A,0)),"")) | M355: =IF(F355="Skeet",IFERROR(INDEX('Shooter-Squad Assignment'!$A:$A,MATCH(C355&"-"&E355&"-"&F355&"-Pos4",'Shooter-Squad Assignment'!$K:$K,0)),""),IF(F355="Trap",IFERROR(INDEX('Shooter-Squad Assignment'!$A:$A,MATCH(C355&"-"&E355&"-"&F355&"-Pos4",'Shooter-Squad Assignment'!$W:$W,0)),""),IF(F355="Sporting Clays",IFERROR(INDEX('Shooter-Squad Assignment'!$A:$A,MATCH(C355&"-"&E355&"-"&F355&"-Pos4",'Shooter-Squad Assignment'!$Z:$Z,0)),""),""))) | N355: =IF(ISBLANK(M355),"",IFERROR(INDEX('Tournament List'!$D:$D,MATCH(M355,'Tournament List'!$A:$A,0)),"")) | O355: =IF(F355="Skeet",IFERROR(INDEX('Shooter-Squad Assignment'!$A:$A,MATCH(C355&"-"&E355&"-"&F355&"-Pos5",'Shooter-Squad Assignment'!$K:$K,0)),""),IF(F355="Trap",IFERROR(INDEX('Shooter-Squad Assignment'!$A:$A,MATCH(C355&"-"&E355&"-"&F355&"-Pos5",'Shooter-Squad Assignment'!$W:$W,0)),""),IF(F355="Sporting Clays",IFERROR(INDEX('Shooter-Squad Assignment'!$A:$A,MATCH(C355&"-"&E355&"-"&F355&"-Pos5",'Shooter-Squad Assignment'!$Z:$Z,0)),""),""))) | P355: =IF(ISBLANK(O355),"",IFERROR(INDEX('Tournament List'!$D:$D,MATCH(O355,'Tournament List'!$A:$A,0)),""))
... A1027: 1026 | B1027: =C1027&"-"&E1027&"-"&F1027 -> -Varsity 3-Trap | D1027: =INDEX('Tournament Setup'!$B$59:$B$78,MATCH(E1027,SquadConcurrents,0)) -> Varsity | E1027: Varsity 3 | F1027: Trap | G1027: =IF(F1027="Skeet",IFERROR(INDEX('Shooter-Squad Assignment'!$A:$A,MATCH(C1027&"-"&E1027&"-"&F1027&"-Pos1",'Shooter-Squad Assignment'!$K:$K,0)),""),IF(F1027="Trap",IFERROR(INDEX('Shooter-Squad Assignment'!$A:$A,MATCH(C1027&"-"&E1027&"-"&F1027&"-Pos1",'Shooter-Squad Assignment'!$W:$W,0)),""),IF(F1027="Sporting Clays",IFERROR(INDEX('Shooter-Squad Assignment'!$A:$A,MATCH(C1027&"-"&E1027&"-"&F1027&"-Pos1",'Shooter-Squad Assignment'!$Z:$Z,0)),""),""))) | H1027: =IF(ISBLANK(G1027),"",IFERROR(INDEX('Tournament List'!$D:$D,MATCH(G1027,'Tournament List'!$A:$A,0)),"")) | I1027: =IF(F1027="Skeet",IFERROR(INDEX('Shooter-Squad Assignment'!$A:$A,MATCH(C1027&"-"&E1027&"-"&F1027&"-Pos2",'Shooter-Squad Assignment'!$K:$K,0)),""),IF(F1027="Trap",IFERROR(INDEX('Shooter-Squad Assignment'!$A:$A,MATCH(C1027&"-"&E1027&"-"&F1027&"-Pos2",'Shooter-Squad Assignment'!$W:$W,0)),""),IF(F1027="Sporting Clays",IFERROR(INDEX('Shooter-Squad Assignment'!$A:$A,MATCH(C1027&"-"&E1027&"-"&F1027&"-Pos2",'Shooter-Squad Assignment'!$Z:$Z,0)),""),""))) | J1027: =IF(ISBLANK(I1027),"",IFERROR(INDEX('Tournament List'!$D:$D,MATCH(I1027,'Tournament List'!$A:$A,0)),"")) | K1027: =IF(F1027="Skeet",IFERROR(INDEX('Shooter-Squad Assignment'!$A:$A,MATCH(C1027&"-"&E1027&"-"&F1027&"-Pos3",'Shooter-Squad Assignment'!$K:$K,0)),""),IF(F1027="Trap",IFERROR(INDEX('Shooter-Squad Assignment'!$A:$A,MATCH(C1027&"-"&E1027&"-"&F1027&"-Pos3",'Shooter-Squad Assignment'!$W:$W,0)),""),IF(F1027="Sporting Clays",IFERROR(INDEX('Shooter-Squad Assignment'!$A:$A,MATCH(C1027&"-"&E1027&"-"&F1027&"-Pos3",'Shooter-Squad Assignment'!$Z:$Z,0)),""),""))) | L1027: =IF(ISBLANK(K1027),"",IFERROR(INDEX('Tournament List'!$D:$D,MATCH(K1027,'Tournament List'!$A:$A,0)),"")) | M1027: =IF(F1027="Skeet",IFERROR(INDEX('Shooter-Squad Assignment'!$A:$A,MATCH(C1027&"-"&E1027&"-"&F1027&"-Pos4",'Shooter-Squad Assignment'!$K:$K,0)),""),IF(F1027="Trap",IFERROR(INDEX('Shooter-Squad Assignment'!$A:$A,MATCH(C1027&"-"&E1027&"-"&F1027&"-Pos4",'Shooter-Squad Assignment'!$W:$W,0)),""),IF(F1027="Sporting Clays",IFERROR(INDEX('Shooter-Squad Assignment'!$A:$A,MATCH(C1027&"-"&E1027&"-"&F1027&"-Pos4",'Shooter-Squad Assignment'!$Z:$Z,0)),""),""))) | N1027: =IF(ISBLANK(M1027),"",IFERROR(INDEX('Tournament List'!$D:$D,MATCH(M1027,'Tournament List'!$A:$A,0)),"")) | O1027: =IF(F1027="Skeet",IFERROR(INDEX('Shooter-Squad Assignment'!$A:$A,MATCH(C1027&"-"&E1027&"-"&F1027&"-Pos5",'Shooter-Squad Assignment'!$K:$K,0)),""),IF(F1027="Trap",IFERROR(INDEX('Shooter-Squad Assignment'!$A:$A,MATCH(C1027&"-"&E1027&"-"&F1027&"-Pos5",'Shooter-Squad Assignment'!$W:$W,0)),""),IF(F1027="Sporting Clays",IFERROR(INDEX('Shooter-Squad Assignment'!$A:$A,MATCH(C1027&"-"&E1027&"-"&F1027&"-Pos5",'Shooter-Squad Assignment'!$Z:$Z,0)),""),""))) | P1027: =IF(ISBLANK(O1027),"",IFERROR(INDEX('Tournament List'!$D:$D,MATCH(O1027,'Tournament List'!$A:$A,0)),""))

Sheet Shooter History
A1: Date | B1: Shooter ID | C1: First Name | D1: Last Name | E1: HAA Individual Rank | F1: HAA Score | G1: HAA Concurrent | H1: HAA Individual Place | I1: Skeet Individual Rank | J1: Skeet Score | K1: Skeet Team Rank | L1: Skeet Team Score | M1: Individual Concurrent | N1: Skeet Squad Concurrent | O1: Skeet Class | P1: Skeet Concurrent Place | Q1: Skeet Class Place | R1: Skeet Team Place | S1: Trap Individual Rank | T1: Trap Score | U1: Trap Team Rank | V1: Trap Team Score | W1: Individual Concurrent | X1: Trap Squad Concurrent | Y1: Trap Class | Z1: Trap Concurrent Place | AA1: Trap Class Place | AB1: Trap Team Place | AC1: Sporting Individual Rank | AD1: Sporting Score | AE1: Sporting Team Rank | AF1: Sporting Team Score | AG1: Individual Concurrent | AH1: Sporting Squad Concurrent | AI1: Sporting Class | AJ1: Sporting Concurrent Place | AK1: Sporting Class Place | AL1: Sporting Team Place
A2: =IF(B2<>"",'Tournament Setup'!$B$1,"") -> 45677 | B2: =IF('Tournament List'!A3<>"",'Tournament List'!A3,"") -> 24-1000 | C2: =IFERROR(INDEX('Tournament List'!B:B,MATCH($B2,'Tournament List'!$A:$A,0)),"") -> Jason | D2: =IFERROR(INDEX('Tournament List'!C:C,MATCH($B2,'Tournament List'!$A:$A,0)),"") -> Last Name1 | I2: =IFERROR(INDEX('Skeet Ind Concurrent Ranking'!M:M,MATCH($B2,'Skeet Ind Concurrent Ranking'!$A:$A,0)),"") -> 13 | J2: =IFERROR(INDEX('Tournament List'!AG:AG,MATCH($B2,'Tournament List'!$A:$A,0)),"") -> 85 | K2: =IFERROR(IF(INDEX('Tournament List'!AA:AA,MATCH($B2,'Tournament List'!$A:$A,0))>0,INDEX('Tournament List'!AA:AA,MATCH($B2,'Tournament List'!$A:$A,0)),""),"") -> 7 | L2: =IFERROR(IF(INDEX('Tournament List'!Z:Z,MATCH($B2,'Tournament List'!$A:$A,0))>0,INDEX('Tournament List'!Z:Z,MATCH($B2,'Tournament List'!$A:$A,0)),""),"") | M2: =IFERROR(INDEX('Tournament List'!M:M,MATCH($B2,'Tournament List'!$A:$A,0)),"") -> Novice | N2: =IFERROR(INDEX('Tournament List'!W:W,MATCH($B2,'Tournament List'!$A:$A,0)),"") | O2: =IFERROR(INDEX('Tournament List'!AD:AD,MATCH($B2,'Tournament List'!$A:$A,0)),"") -> D | P2: =IFERROR(INDEX('Tournament List'!AM:AM,MATCH($B2,'Tournament List'!$A:$A,0)),"") -> Novice Skeet Champion | Q2: =IFERROR(INDEX('Tournament List'!AN:AN,MATCH($B2,'Tournament List'!$A:$A,0)),"") -> D Class Skeet Champion | R2: =IFERROR(INDEX('Tournament List'!AO:AO,MATCH($B2,'Tournament List'!$A:$A,0)),"")
A3: =IF(B3<>"",'Tournament Setup'!$B$1,"") -> 45677 | B3: =IF('Tournament List'!A4<>"",'Tournament List'!A4,"") -> 24-1001 | C3: =IFERROR(INDEX('Tournament List'!B:B,MATCH($B3,'Tournament List'!$A:$A,0)),"") -> John | D3: =IFERROR(INDEX('Tournament List'!C:C,MATCH($B3,'Tournament List'!$A:$A,0)),"") -> Last Name2 | I3: =IFERROR(INDEX('Skeet Ind Concurrent Ranking'!M:M,MATCH($B3,'Skeet Ind Concurrent Ranking'!$A:$A,0)),"") -> 32 | J3: =IFERROR(INDEX('Tournament List'!AG:AG,MATCH($B3,'Tournament List'!$A:$A,0)),"") -> 63 | K3: =IFERROR(IF(INDEX('Tournament List'!AA:AA,MATCH($B3,'Tournament List'!$A:$A,0))>0,INDEX('Tournament List'!AA:AA,MATCH($B3,'Tournament List'!$A:$A,0)),""),"") -> 5 | L3: =IFERROR(IF(INDEX('Tournament List'!Z:Z,MATCH($B3,'Tournament List'!$A:$A,0))>0,INDEX('Tournament List'!Z:Z,MATCH($B3,'Tournament List'!$A:$A,0)),""),"") | M3: =IFERROR(INDEX('Tournament List'!M:M,MATCH($B3,'Tournament List'!$A:$A,0)),"") -> Junior Varsity | N3: =IFERROR(INDEX('Tournament List'!W:W,MATCH($B3,'Tournament List'!$A:$A,0)),"") | O3: =IFERROR(INDEX('Tournament List'!AD:AD,MATCH($B3,'Tournament List'!$A:$A,0)),"") -> B | P3: =IFERROR(INDEX('Tournament List'!AM:AM,MATCH($B3,'Tournament List'!$A:$A,0)),"") -> Jr Varsity Men's Skeet Champion | Q3: =IFERROR(INDEX('Tournament List'!AN:AN,MATCH($B3,'Tournament List'!$A:$A,0)),"") | R3: =IFERROR(INDEX('Tournament List'!AO:AO,MATCH($B3,'Tournament List'!$A:$A,0)),"")
A4: =IF(B4<>"",'Tournament Setup'!$B$1,"") -> 45677 | B4: =IF('Tournament List'!A5<>"",'Tournament List'!A5,"") -> 24-1002 | C4: =IFERROR(INDEX('Tournament List'!B:B,MATCH($B4,'Tournament List'!$A:$A,0)),"") -> Cathy | D4: =IFERROR(INDEX('Tournament List'!C:C,MATCH($B4,'Tournament List'!$A:$A,0)),"") -> Last Name3 | I4: =IFERROR(INDEX('Skeet Ind Concurrent Ranking'!M:M,MATCH($B4,'Skeet Ind Concurrent Ranking'!$A:$A,0)),"") -> 3 | J4: =IFERROR(INDEX('Tournament List'!AG:AG,MATCH($B4,'Tournament List'!$A:$A,0)),"") -> 96 | K4: =IFERROR(IF(INDEX('Tournament List'!AA:AA,MATCH($B4,'Tournament List'!$A:$A,0))>0,INDEX('Tournament List'!AA:AA,MATCH($B4,'Tournament List'!$A:$A,0)),""),"") -> 2 | L4: =IFERROR(IF(INDEX('Tournament List'!Z:Z,MATCH($B4,'Tournament List'!$A:$A,0))>0,INDEX('Tournament List'!Z:Z,MATCH($B4,'Tournament List'!$A:$A,0)),""),"") | M4: =IFERROR(INDEX('Tournament List'!M:M,MATCH($B4,'Tournament List'!$A:$A,0)),"") -> Novice | N4: =IFERROR(INDEX('Tournament List'!W:W,MATCH($B4,'Tournament List'!$A:$A,0)),"") | O4: =IFERROR(INDEX('Tournament List'!AD:AD,MATCH($B4,'Tournament List'!$A:$A,0)),"") -> B | P4: =IFERROR(INDEX('Tournament List'!AM:AM,MATCH($B4,'Tournament List'!$A:$A,0)),"") -> HOA Skeet 3rd Place | Q4: =IFERROR(INDEX('Tournament List'!AN:AN,MATCH($B4,'Tournament List'!$A:$A,0)),"") -> B Class Skeet Runner Up | R4: =IFERROR(INDEX('Tournament List'!AO:AO,MATCH($B4,'Tournament List'!$A:$A,0)),"")
A5: =IF(B5<>"",'Tournament Setup'!$B$1,"") -> 45677 | B5: =IF('Tournament List'!A6<>"",'Tournament List'!A6,"") -> 24-1003 | C5: =IFERROR(INDEX('Tournament List'!B:B,MATCH($B5,'Tournament List'!$A:$A,0)),"") -> Susan | D5: =IFERROR(INDEX('Tournament List'!C:C,MATCH($B5,'Tournament List'!$A:$A,0)),"") -> Last Name4 | I5: =IFERROR(INDEX('Skeet Ind Concurrent Ranking'!M:M,MATCH($B5,'Skeet Ind Concurrent Ranking'!$A:$A,0)),"") -> 17 | J5: =IFERROR(INDEX('Tournament List'!AG:AG,MATCH($B5,'Tournament List'!$A:$A,0)),"") -> 82 | K5: =IFERROR(IF(INDEX('Tournament List'!AA:AA,MATCH($B5,'Tournament List'!$A:$A,0))>0,INDEX('Tournament List'!AA:AA,MATCH($B5,'Tournament List'!$A:$A,0)),""),"") | L5: =IFERROR(IF(INDEX('Tournament List'!Z:Z,MATCH($B5,'Tournament List'!$A:$A,0))>0,INDEX('Tournament List'!Z:Z,MATCH($B5,'Tournament List'!$A:$A,0)),""),"") | M5: =IFERROR(INDEX('Tournament List'!M:M,MATCH($B5,'Tournament List'!$A:$A,0)),"") -> Varsity | N5: =IFERROR(INDEX('Tournament List'!W:W,MATCH($B5,'Tournament List'!$A:$A,0)),"") | O5: =IFERROR(INDEX('Tournament List'!AD:AD,MATCH($B5,'Tournament List'!$A:$A,0)),"") -> A | P5: =IFERROR(INDEX('Tournament List'!AM:AM,MATCH($B5,'Tournament List'!$A:$A,0)),"") -> Varsity Lady's Skeet Champion | Q5: =IFERROR(INDEX('Tournament List'!AN:AN,MATCH($B5,'Tournament List'!$A:$A,0)),"") -> A Class Skeet 3rd | R5: =IFERROR(INDEX('Tournament List'!AO:AO,MATCH($B5,'Tournament List'!$A:$A,0)),"")
A6: =IF(B6<>"",'Tournament Setup'!$B$1,"") -> 45677 | B6: =IF('Tournament List'!A7<>"",'Tournament List'!A7,"") -> 24-1004 | C6: =IFERROR(INDEX('Tournament List'!B:B,MATCH($B6,'Tournament List'!$A:$A,0)),"") -> Matt | D6: =IFERROR(INDEX('Tournament List'!C:C,MATCH($B6,'Tournament List'!$A:$A,0)),"") -> Last Name5 | I6: =IFERROR(INDEX('Skeet Ind Concurrent Ranking'!M:M,MATCH($B6,'Skeet Ind Concurrent Ranking'!$A:$A,0)),"") -> 8 | J6: =IFERROR(INDEX('Tournament List'!AG:AG,MATCH($B6,'Tournament List'!$A:$A,0)),"") -> 89.1 | K6: =IFERROR(IF(INDEX('Tournament List'!AA:AA,MATCH($B6,'Tournament List'!$A:$A,0))>0,INDEX('Tournament List'!AA:AA,MATCH($B6,'Tournament List'!$A:$A,0)),""),"") -> 3 | L6: =IFERROR(IF(INDEX('Tournament List'!Z:Z,MATCH($B6,'Tournament List'!$A:$A,0))>0,INDEX('Tournament List'!Z:Z,MATCH($B6,'Tournament List'!$A:$A,0)),""),"") | M6: =IFERROR(INDEX('Tournament List'!M:M,MATCH($B6,'Tournament List'!$A:$A,0)),"") -> Varsity | N6: =IFERROR(INDEX('Tournament List'!W:W,MATCH($B6,'Tournament List'!$A:$A,0)),"") | O6: =IFERROR(INDEX('Tournament List'!AD:AD,MATCH($B6,'Tournament List'!$A:$A,0)),"") -> A | P6: =IFERROR(INDEX('Tournament List'!AM:AM,MATCH($B6,'Tournament List'!$A:$A,0)),"") -> HOA Men's Skeet Champion | Q6: =IFERROR(INDEX('Tournament List'!AN:AN,MATCH($B6,'Tournament List'!$A:$A,0)),"") -> A Class Skeet Runner Up | R6: =IFERROR(INDEX('Tournament List'!AO:AO,MATCH($B6,'Tournament List'!$A:$A,0)),"")
A7: =IF(B7<>"",'Tournament Setup'!$B$1,"") -> 45677 | B7: =IF('Tournament List'!A8<>"",'Tournament List'!A8,"") -> 24-1005 | C7: =IFERROR(INDEX('Tournament List'!B:B,MATCH($B7,'Tournament List'!$A:$A,0)),"") -> Ben | D7: =IFERROR(INDEX('Tournament List'!C:C,MATCH($B7,'Tournament List'!$A:$A,0)),"") -> Last Name6 | I7: =IFERROR(INDEX('Skeet Ind Concurrent Ranking'!M:M,MATCH($B7,'Skeet Ind Concurrent Ranking'!$A:$A,0)),"") -> 40 | J7: =IFERROR(INDEX('Tournament List'!AG:AG,MATCH($B7,'Tournament List'!$A:$A,0)),"") -> 51.1 | K7: =IFERROR(IF(INDEX('Tournament List'!AA:AA,MATCH($B7,'Tournament List'!$A:$A,0))>0,INDEX('Tournament List'!AA:AA,MATCH($B7,'Tournament List'!$A:$A,0)),""),"") -> 4 | L7: =IFERROR(IF(INDEX('Tournament List'!Z:Z,MATCH($B7,'Tournament List'!$A:$A,0))>0,INDEX('Tournament List'!Z:Z,MATCH($B7,'Tournament List'!$A:$A,0)),""),"") -> 174 | M7: =IFERROR(INDEX('Tournament List'!M:M,MATCH($B7,'Tournament List'!$A:$A,0)),"") -> Novice | N7: =IFERROR(INDEX('Tournament List'!W:W,MATCH($B7,'Tournament List'!$A:$A,0)),"") -> Novice | O7: =IFERROR(INDEX('Tournament List'!AD:AD,MATCH($B7,'Tournament List'!$A:$A,0)),"") -> C | P7: =IFERROR(INDEX('Tournament List'!AM:AM,MATCH($B7,'Tournament List'!$A:$A,0)),"") | Q7: =IFERROR(INDEX('Tournament List'!AN:AN,MATCH($B7,'Tournament List'!$A:$A,0)),"") | R7: =IFERROR(INDEX('Tournament List'!AO:AO,MATCH($B7,'Tournament List'!$A:$A,0)),"") -> Novice Skeet Team 3rd
A8: =IF(B8<>"",'Tournament Setup'!$B$1,"") -> 45677 | B8: =IF('Tournament List'!A9<>"",'Tournament List'!A9,"") -> 24-1006 | C8: =IFERROR(INDEX('Tournament List'!B:B,MATCH($B8,'Tournament List'!$A:$A,0)),"") -> Blake | D8: =IFERROR(INDEX('Tournament List'!C:C,MATCH($B8,'Tournament List'!$A:$A,0)),"") -> Last Name7 | I8: =IFERROR(INDEX('Skeet Ind Concurrent Ranking'!M:M,MATCH($B8,'Skeet Ind Concurrent Ranking'!$A:$A,0)),"") -> 2 | J8: =IFERROR(INDEX('Tournament List'!AG:AG,MATCH($B8,'Tournament List'!$A:$A,0)),"") -> 97 | K8: =IFERROR(IF(INDEX('Tournament List'!AA:AA,MATCH($B8,'Tournament List'!$A:$A,0))>0,INDEX('Tournament List'!AA:AA,MATCH($B8,'Tournament List'!$A:$A,0)),""),"") -> 9 | L8: =IFERROR(IF(INDEX('Tournament List'!Z:Z,MATCH($B8,'Tournament List'!$A:$A,0))>0,INDEX('Tournament List'!Z:Z,MATCH($B8,'Tournament List'!$A:$A,0)),""),"") -> 277 | M8: =IFERROR(INDEX('Tournament List'!M:M,MATCH($B8,'Tournament List'!$A:$A,0)),"") -> Intermediate | N8: =IFERROR(INDEX('Tournament List'!W:W,MATCH($B8,'Tournament List'!$A:$A,0)),"") -> Intermediate | O8: =IFERROR(INDEX('Tournament List'!AD:AD,MATCH($B8,'Tournament List'!$A:$A,0)),"") -> C | P8: =IFERROR(INDEX('Tournament List'!AM:AM,MATCH($B8,'Tournament List'!$A:$A,0)),"") -> HOA Skeet Runner Up | Q8: =IFERROR(INDEX('Tournament List'!AN:AN,MATCH($B8,'Tournament List'!$A:$A,0)),"") -> C Class Skeet Champion | R8: =IFERROR(INDEX('Tournament List'!AO:AO,MATCH($B8,'Tournament List'!$A:$A,0)),"") -> Intermediate Skeet Team Champion
A9: =IF(B9<>"",'Tournament Setup'!$B$1,"") -> 45677 | B9: =IF('Tournament List'!A10<>"",'Tournament List'!A10,"") -> 24-1007 | C9: =IFERROR(INDEX('Tournament List'!B:B,MATCH($B9,'Tournament List'!$A:$A,0)),"") -> James | D9: =IFERROR(INDEX('Tournament List'!C:C,MATCH($B9,'Tournament List'!$A:$A,0)),"") -> Last Name8 | I9: =IFERROR(INDEX('Skeet Ind Concurrent Ranking'!M:M,MATCH($B9,'Skeet Ind Concurrent Ranking'!$A:$A,0)),"") -> 30 | J9: =IFERROR(INDEX('Tournament List'!AG:AG,MATCH($B9,'Tournament List'!$A:$A,0)),"") -> 64 | K9: =IFERROR(IF(INDEX('Tournament List'!AA:AA,MATCH($B9,'Tournament List'!$A:$A,0))>0,INDEX('Tournament List'!AA:AA,MATCH($B9,'Tournament List'!$A:$A,0)),""),"") -> 12 | L9: =IFERROR(IF(INDEX('Tournament List'!Z:Z,MATCH($B9,'Tournament List'!$A:$A,0))>0,INDEX('Tournament List'!Z:Z,MATCH($B9,'Tournament List'!$A:$A,0)),""),"") -> 239 | M9: =IFERROR(INDEX('Tournament List'!M:M,MATCH($B9,'Tournament List'!$A:$A,0)),"") -> Junior Varsity | N9: =IFERROR(INDEX('Tournament List'!W:W,MATCH($B9,'Tournament List'!$A:$A,0)),"") -> Junior Varsity | O9: =IFERROR(INDEX('Tournament List'!AD:AD,MATCH($B9,'Tournament List'!$A:$A,0)),"") -> C | P9: =IFERROR(INDEX('Tournament List'!AM:AM,MATCH($B9,'Tournament List'!$A:$A,0)),"") -> Jr Varsity Skeet 3rd | Q9: =IFERROR(INDEX('Tournament List'!AN:AN,MATCH($B9,'Tournament List'!$A:$A,0)),"") | R9: =IFERROR(INDEX('Tournament List'!AO:AO,MATCH($B9,'Tournament List'!$A:$A,0)),"") -> Junior Varsity Skeet Team Runner Up
A10: =IF(B10<>"",'Tournament Setup'!$B$1,"") -> 45677 | B10: =IF('Tournament List'!A11<>"",'Tournament List'!A11,"") -> 24-1008 | C10: =IFERROR(INDEX('Tournament List'!B:B,MATCH($B10,'Tournament List'!$A:$A,0)),"") -> Linda | D10: =IFERROR(INDEX('Tournament List'!C:C,MATCH($B10,'Tournament List'!$A:$A,0)),"") -> Last Name9 | I10: =IFERROR(INDEX('Skeet Ind Concurrent Ranking'!M:M,MATCH($B10,'Skeet Ind Concurrent Ranking'!$A:$A,0)),"") -> 20 | J10: =IFERROR(INDEX('Tournament List'!AG:AG,MATCH($B10,'Tournament List'!$A:$A,0)),"") -> 75 | K10: =IFERROR(IF(INDEX('Tournament List'!AA:AA,MATCH($B10,'Tournament List'!$A:$A,0))>0,INDEX('Tournament List'!AA:AA,MATCH($B10,'Tournament List'!$A:$A,0)),""),"") -> 2 | L10: =IFERROR(IF(INDEX('Tournament List'!Z:Z,MATCH($B10,'Tournament List'!$A:$A,0))>0,INDEX('Tournament List'!Z:Z,MATCH($B10,'Tournament List'!$A:$A,0)),""),"") | M10: =IFERROR(INDEX('Tournament List'!M:M,MATCH($B10,'Tournament List'!$A:$A,0)),"") -> Novice | N10: =IFERROR(INDEX('Tournament List'!W:W,MATCH($B10,'Tournament List'!$A:$A,0)),"") | O10: =IFERROR(INDEX('Tournament List'!AD:AD,MATCH($B10,'Tournament List'!$A:$A,0)),"") -> B | P10: =IFERROR(INDEX('Tournament List'!AM:AM,MATCH($B10,'Tournament List'!$A:$A,0)),"") -> Novice Skeet Runner Up | Q10: =IFERROR(INDEX('Tournament List'!AN:AN,MATCH($B10,'Tournament List'!$A:$A,0)),"") -> B Class Skeet Lady's Runner Up | R10: =IFERROR(INDEX('Tournament List'!AO:AO,MATCH($B10,'Tournament List'!$A:$A,0)),"")
A11: =IF(B11<>"",'Tournament Setup'!$B$1,"") -> 45677 | B11: =IF('Tournament List'!A12<>"",'Tournament List'!A12,"") -> 24-1009 | C11: =IFERROR(INDEX('Tournament List'!B:B,MATCH($B11,'Tournament List'!$A:$A,0)),"") -> Christy | D11: =IFERROR(INDEX('Tournament List'!C:C,MATCH($B11,'Tournament List'!$A:$A,0)),"") -> Last Name10 | I11: =IFERROR(INDEX('Skeet Ind Concurrent Ranking'!M:M,MATCH($B11,'Skeet Ind Concurrent Ranking'!$A:$A,0)),"") -> 5 | J11: =IFERROR(INDEX('Tournament List'!AG:AG,MATCH($B11,'Tournament List'!$A:$A,0)),"") -> 93 | K11: =IFERROR(IF(INDEX('Tournament List'!AA:AA,MATCH($B11,'Tournament List'!$A:$A,0))>0,INDEX('Tournament List'!AA:AA,MATCH($B11,'Tournament List'!$A:$A,0)),""),"") -> 8 | L11: =IFERROR(IF(INDEX('Tournament List'!Z:Z,MATCH($B11,'Tournament List'!$A:$A,0))>0,INDEX('Tournament List'!Z:Z,MATCH($B11,'Tournament List'!$A:$A,0)),""),"") -> 231 | M11: =IFERROR(INDEX('Tournament List'!M:M,MATCH($B11,'Tournament List'!$A:$A,0)),"") -> Intermediate | N11: =IFERROR(INDEX('Tournament List'!W:W,MATCH($B11,'Tournament List'!$A:$A,0)),"") -> Intermediate | O11: =IFERROR(INDEX('Tournament List'!AD:AD,MATCH($B11,'Tournament List'!$A:$A,0)),"") -> B | P11: =IFERROR(INDEX('Tournament List'!AM:AM,MATCH($B11,'Tournament List'!$A:$A,0)),"") -> HOA Lady's Skeet Runner Up | Q11: =IFERROR(INDEX('Tournament List'!AN:AN,MATCH($B11,'Tournament List'!$A:$A,0)),"") -> B Class Skeet 3rd | R11: =IFERROR(INDEX('Tournament List'!AO:AO,MATCH($B11,'Tournament List'!$A:$A,0)),"") -> Intermediate Skeet Team Runner Up
A12: =IF(B12<>"",'Tournament Setup'!$B$1,"") -> 45677 | B12: =IF('Tournament List'!A13<>"",'Tournament List'!A13,"") -> 24-1010 | C12: =IFERROR(INDEX('Tournament List'!B:B,MATCH($B12,'Tournament List'!$A:$A,0)),"") -> Bill | D12: =IFERROR(INDEX('Tournament List'!C:C,MATCH($B12,'Tournament List'!$A:$A,0)),"") -> Last Name11 | I12: =IFERROR(INDEX('Skeet Ind Concurrent Ranking'!M:M,MATCH($B12,'Skeet Ind Concurrent Ranking'!$A:$A,0)),"") -> 1 | J12: =IFERROR(INDEX('Tournament List'!AG:AG,MATCH($B12,'Tournament List'!$A:$A,0)),"") -> 98 | K12: =IFERROR(IF(INDEX('Tournament List'!AA:AA,MATCH($B12,'Tournament List'!$A:$A,0))>0,INDEX('Tournament List'!AA:AA,MATCH($B12,'Tournament List'!$A:$A,0)),""),"") -> 1 | L12: =IFERROR(IF(INDEX('Tournament List'!Z:Z,MATCH($B12,'Tournament List'!$A:$A,0))>0,INDEX('Tournament List'!Z:Z,MATCH($B12,'Tournament List'!$A:$A,0)),""),"") -> 239.2 | M12: =IFERROR(INDEX('Tournament List'!M:M,MATCH($B12,'Tournament List'!$A:$A,0)),"") -> Junior Varsity | N12: =IFERROR(INDEX('Tournament List'!W:W,MATCH($B12,'Tournament List'!$A:$A,0)),"") -> Junior Varsity | O12: =IFERROR(INDEX('Tournament List'!AD:AD,MATCH($B12,'Tournament List'!$A:$A,0)),"") -> B | P12: =IFERROR(INDEX('Tournament List'!AM:AM,MATCH($B12,'Tournament List'!$A:$A,0)),"") -> HOA Skeet Champion | Q12: =IFERROR(INDEX('Tournament List'!AN:AN,MATCH($B12,'Tournament List'!$A:$A,0)),"") -> B Class Skeet Champion | R12: =IFERROR(INDEX('Tournament List'!AO:AO,MATCH($B12,'Tournament List'!$A:$A,0)),"") -> Junior Varsity Skeet Team Champion
A13: =IF(B13<>"",'Tournament Setup'!$B$1,"") -> 45677 | B13: =IF('Tournament List'!A14<>"",'Tournament List'!A14,"") -> 24-1011 | C13: =IFERROR(INDEX('Tournament List'!B:B,MATCH($B13,'Tournament List'!$A:$A,0)),"") -> Bob | D13: =IFERROR(INDEX('Tournament List'!C:C,MATCH($B13,'Tournament List'!$A:$A,0)),"") -> Last Name12 | I13: =IFERROR(INDEX('Skeet Ind Concurrent Ranking'!M:M,MATCH($B13,'Skeet Ind Concurrent Ranking'!$A:$A,0)),"") -> 42 | J13: =IFERROR(INDEX('Tournament List'!AG:AG,MATCH($B13,'Tournament List'!$A:$A,0)),"") -> 48 | K13: =IFERROR(IF(INDEX('Tournament List'!AA:AA,MATCH($B13,'Tournament List'!$A:$A,0))>0,INDEX('Tournament List'!AA:AA,MATCH($B13,'Tournament List'!$A:$A,0)),""),"") -> 10 | L13: =IFERROR(IF(INDEX('Tournament List'!Z:Z,MATCH($B13,'Tournament List'!$A:$A,0))>0,INDEX('Tournament List'!Z:Z,MATCH($B13,'Tournament List'!$A:$A,0)),""),"") -> 189 | M13: =IFERROR(INDEX('Tournament List'!M:M,MATCH($B13,'Tournament List'!$A:$A,0)),"") -> Collegiate | N13: =IFERROR(INDEX('Tournament List'!W:W,MATCH($B13,'Tournament List'!$A:$A,0)),"") -> Collegiate | O13: =IFERROR(INDEX('Tournament List'!AD:AD,MATCH($B13,'Tournament List'!$A:$A,0)),"") -> C | P13: =IFERROR(INDEX('Tournament List'!AM:AM,MATCH($B13,'Tournament List'!$A:$A,0)),"") -> Collegiate Men's Skeet Champion | Q13: =IFERROR(INDEX('Tournament List'!AN:AN,MATCH($B13,'Tournament List'!$A:$A,0)),"") | R13: =IFERROR(INDEX('Tournament List'!AO:AO,MATCH($B13,'Tournament List'!$A:$A,0)),"") -> Collegiate Skeet Team Champion
... A101: =IF(B101<>"",'Tournament Setup'!$B$1,"") | B101: =IF('Tournament List'!A102<>"",'Tournament List'!A102,"") | C101: =IFERROR(INDEX('Tournament List'!B:B,MATCH($B101,'Tournament List'!$A:$A,0)),"") | D101: =IFERROR(INDEX('Tournament List'!C:C,MATCH($B101,'Tournament List'!$A:$A,0)),"") | I101: =IFERROR(INDEX('Skeet Ind Concurrent Ranking'!M:M,MATCH($B101,'Skeet Ind Concurrent Ranking'!$A:$A,0)),"") | J101: =IFERROR(INDEX('Tournament List'!AG:AG,MATCH($B101,'Tournament List'!$A:$A,0)),"") | K101: =IFERROR(IF(INDEX('Tournament List'!AA:AA,MATCH($B101,'Tournament List'!$A:$A,0))>0,INDEX('Tournament List'!AA:AA,MATCH($B101,'Tournament List'!$A:$A,0)),""),"") | L101: =IFERROR(IF(INDEX('Tournament List'!Z:Z,MATCH($B101,'Tournament List'!$A:$A,0))>0,INDEX('Tournament List'!Z:Z,MATCH($B101,'Tournament List'!$A:$A,0)),""),"") | M101: =IFERROR(INDEX('Tournament List'!M:M,MATCH($B101,'Tournament List'!$A:$A,0)),"") | N101: =IFERROR(INDEX('Tournament List'!W:W,MATCH($B101,'Tournament List'!$A:$A,0)),"") | O101: =IFERROR(INDEX('Tournament List'!AD:AD,MATCH($B101,'Tournament List'!$A:$A,0)),"") | P101: =IFERROR(INDEX('Tournament List'!AM:AM,MATCH($B101,'Tournament List'!$A:$A,0)),"") | Q101: =IFERROR(INDEX('Tournament List'!AN:AN,MATCH($B101,'Tournament List'!$A:$A,0)),"") | R101: =IFERROR(INDEX('Tournament List'!AO:AO,MATCH($B101,'Tournament List'!$A:$A,0)),"")
A102: x | B102: x | C102: x | D102: x | I102: x | J102: x | L102: x | O102: x | P102: x | Q102: x | R102: x | S102: x | T102: x | U102: x | V102: x | W102: x | X102: x | Y102: x | Z102: x | AA102: x | AB102: x | AC102: x | AD102: x | AE102: x | AF102: x | AG102: x | AH102: x | AI102: x | AJ102: x | AK102: x

Sheet Tournament List
S1: Skeet Squad Assignment | AD1: Skeet | AQ1: Trap Squad Assignment | AT1: Trap Scores | BD1: Sporting Squad Assignment | BM1: Sporting Clays
A2: Shooter ID | B2: First Name | C2: Last Name | D2: Full Name | E2: Birthdate | F2: Sex | G2: Skeet Event | H2: Trap Event | I2: Sporting Event | J2: Total Amount | K2: Paid | L2: Shooting Team | M2: Age Concurrent | N2: X | O2: HAA Ind Score | P2: HAA Tie Breaker | Q2: HAA Place | R2: X | S2: Skeet Squad # | T2: Skeet Squad Pos | U2: Skeet Captain | V2: Skeet Squad | W2: Skeet Team Concurrent | X2: Skeet Concurrent Squad | Y2: Skeet Team Score | Z2: Skeet Team Score For Individual | AA2: Skeet Team Rank | AB2: Skeet Ind Score | AC2: Skeet Team Tie Breaker | AD2: Shooting Class | AE2: Shooting Average | AF2: Individual Rank | AG2: Total Ind Score | AH2: Ind Tie Breaker | AI2: Round 1 | AJ2: Round 2 | AK2: Round 3 | AL2: Round 4 | AM2: Concurrent Place | AN2: Class Place | AO2: Team Place | AP2: X | AQ2: Trap Squad # | AR2: Trap Squad | AS2: Trap Concurrent | AT2: Shooting Class | AU2: Shooting Average | AV2: Individual Rank | AW2: Total Score | AX2: Ind Tie Breaker | AY2: Round 1 | AZ2: Round 2 | BA2: Round 3 | BB2: Round 4 | BC2: X | BD2: Sporting Squad # | BE2: Squad Pos | BF2: Captain | BG2: Sporting Squad | BH2: Team Concurrent | BI2: Concurrent Squad | BJ2: Team Score | BK2: Ind Score | BL2: Team Tie Breaker | BM2: Shooting Class | BN2: Shooting Average | BO2: Individual Rank | BP2: Total | BQ2: Ind Tie Breaker | BR2: Station 1 | BS2: Station 2 | BT2: Station 3 | BU2: Station 4 | BV2: Station 5 | BW2: Station 6 | BX2: Station 7 | BY2: Station 8 | BZ2: Station 9 | CA2: Station 10 | CB2: Station 11 | CC2: Station 12 | CD2: Station 13 | CE2: Station 14 | CF2: Station 15 | CG2: Station 16 | CH2: Station 17 | CI2: Station 18 | CJ2: Station 19 | CK2: Station 20 | CL2: X
A3: 24-1000 | B3: Jason | C3: Last Name1 | D3: =B3&" "&C3 -> Jason Last Name1 | F3: M | G3: Y | H3: Y | I3: Y | J3: =IF(G3="Y",'Tournament Setup'!$C$5,0)+IF(H3="Y",'Tournament Setup'!$C$6,0)+IF(I3="Y",'Tournament Setup'!$C$7,0) -> 120 | L3: High Plains Drifters | M3: Novice | O3: =IF(COUNTIFS(G3:I3,"Y")>1,SUM(AI3:AL3,AY3:BB3,BR3:CK3,P3),"") -> 85 | S3: =IFERROR(IF(INDEX('Shooter-Squad Assignment'!$M:$M,MATCH($A3,'Shooter-Squad Assignment'!$A:$A,0))="","",INDEX('Shooter-Squad Assignment'!$M:$M,MATCH($A3,'Shooter-Squad Assignment'!$A:$A,0))),"") | T3: =IFERROR(IF(INDEX('Shooter-Squad Assignment'!$N:$N,MATCH($A3,'Shooter-Squad Assignment'!$A:$A,0))="","",S3&"-"&INDEX('Shooter-Squad Assignment'!$N:$N,MATCH($A3,'Shooter-Squad Assignment'!$A:$A,0))),"") | U3: =IFERROR(IF(INDEX('Shooter-Squad Assignment'!$I:$I,MATCH($A3,'Shooter-Squad Assignment'!$A:$A,0))="","",IF(INDEX('Shooter-Squad Assignment'!$I:$I,MATCH($A3,'Shooter-Squad Assignment'!$A:$A,0))=1,S3&"-"&1,"")),"") | V3: =IF(ISBLANK($S3),"",IFERROR(INDEX('Squad Listing'!$C:$C,MATCH($S3,'Squad Listing'!$A:$A,0)),"")) | W3: =IF(ISBLANK($S3),"",IFERROR(INDEX('Squad Listing'!$D:$D,MATCH($S3,'Squad Listing'!$A:$A,0)),"")) | X3: =IF(ISBLANK($S3),"",IFERROR(INDEX('Squad Listing'!$E:$E,MATCH($S3,'Squad Listing'!$A:$A,0)),"")) | Y3: =IF(U3<>"",SUMIFS(AB:AB,S:S,S3)+AC3,"") | Z3: =SUMIFS(Y:Y,S:S,S3) -> 0 | AA3: =SUMIFS('Skeet Ind Concurrent Ranking'!L:L,'Skeet Ind Concurrent Ranking'!K:K,'Tournament List'!S23) -> 7 | AB3: =IF(SUM(AI3:AL3)>0,SUM(AI3:AL3),"") -> 85 | AD3: D | AF3: =IF(_xlfn.NUMBERVALUE(AG3)>0,_xlfn.RANK.EQ(AG3,$AG$3:$AG$302,0),"") -> 13 | AG3: =IF(SUM(AI3:AL3)>0,SUM(AH3:AL3),"") -> 85 | AI3: 21 | AJ3: 20 | AK3: 19 | AL3: 25 | AM3: =IFERROR(INDEX('Skeet Ind Concurrent Scores'!Z:Z,MATCH(A3,'Skeet Ind Concurrent Scores'!X:X,0)),"") -> Novice Skeet Champion | AN3: =IFERROR(INDEX('Skeet Ind Class Scores'!V:V,MATCH(A3,'Skeet Ind Class Scores'!T:T,0)),"") -> D Class Skeet Champion | AO3: =IFERROR(INDEX('Skeet Team Scores'!AA:AA,MATCH(A3,'Skeet Team Scores'!AB:AB,0)),"")
A4: 24-1001 | B4: John | C4: Last Name2 | D4: =B4&" "&C4 -> John Last Name2 | F4: M | G4: Y | H4: Y | I4: Y | J4: =IF(G4="Y",'Tournament Setup'!$C$5,0)+IF(H4="Y",'Tournament Setup'!$C$6,0)+IF(I4="Y",'Tournament Setup'!$C$7,0) -> 120 | L4: Rocky Mountain Clay Busters | M4: Junior Varsity | O4: =IF(COUNTIFS(G4:I4,"Y")>1,SUM(AI4:AL4,AY4:BB4,BR4:CK4,P4),"") -> 63 | S4: =IFERROR(IF(INDEX('Shooter-Squad Assignment'!$M:$M,MATCH($A4,'Shooter-Squad Assignment'!$A:$A,0))="","",INDEX('Shooter-Squad Assignment'!$M:$M,MATCH($A4,'Shooter-Squad Assignment'!$A:$A,0))),"") | T4: =IFERROR(IF(INDEX('Shooter-Squad Assignment'!$N:$N,MATCH($A4,'Shooter-Squad Assignment'!$A:$A,0))="","",S4&"-"&INDEX('Shooter-Squad Assignment'!$N:$N,MATCH($A4,'Shooter-Squad Assignment'!$A:$A,0))),"") | U4: =IFERROR(IF(INDEX('Shooter-Squad Assignment'!$I:$I,MATCH($A4,'Shooter-Squad Assignment'!$A:$A,0))="","",IF(INDEX('Shooter-Squad Assignment'!$I:$I,MATCH($A4,'Shooter-Squad Assignment'!$A:$A,0))=1,S4&"-"&1,"")),"") | V4: =IF(ISBLANK($S4),"",IFERROR(INDEX('Squad Listing'!$C:$C,MATCH($S4,'Squad Listing'!$A:$A,0)),"")) | W4: =IF(ISBLANK($S4),"",IFERROR(INDEX('Squad Listing'!$D:$D,MATCH($S4,'Squad Listing'!$A:$A,0)),"")) | X4: =IF(ISBLANK($S4),"",IFERROR(INDEX('Squad Listing'!$E:$E,MATCH($S4,'Squad Listing'!$A:$A,0)),"")) | Y4: =IF(U4<>"",SUMIFS(AB:AB,S:S,S4)+AC4,"") | Z4: =SUMIFS(Y:Y,S:S,S4) -> 0 | AA4: =SUMIFS('Skeet Ind Concurrent Ranking'!L:L,'Skeet Ind Concurrent Ranking'!K:K,'Tournament List'!S24) -> 5 | AB4: =IF(SUM(AI4:AL4)>0,SUM(AI4:AL4),"") -> 63 | AD4: B | AF4: =IF(_xlfn.NUMBERVALUE(AG4)>0,_xlfn.RANK.EQ(AG4,$AG$3:$AG$302,0),"") -> 32 | AG4: =IF(SUM(AI4:AL4)>0,SUM(AH4:AL4),"") -> 63 | AI4: 15 | AJ4: 16 | AK4: 18 | AL4: 14 | AM4: =IFERROR(INDEX('Skeet Ind Concurrent Scores'!Z:Z,MATCH(A4,'Skeet Ind Concurrent Scores'!X:X,0)),"") -> Jr Varsity Men's Skeet Champion | AN4: =IFERROR(INDEX('Skeet Ind Class Scores'!V:V,MATCH(A4,'Skeet Ind Class Scores'!T:T,0)),"") | AO4: =IFERROR(INDEX('Skeet Team Scores'!AA:AA,MATCH(A4,'Skeet Team Scores'!AB:AB,0)),"")
A5: 24-1002 | B5: Cathy | C5: Last Name3 | D5: =B5&" "&C5 -> Cathy Last Name3 | F5: F | G5: Y | H5: Y | I5: Y | J5: =IF(G5="Y",'Tournament Setup'!$C$5,0)+IF(H5="Y",'Tournament Setup'!$C$6,0)+IF(I5="Y",'Tournament Setup'!$C$7,0) -> 120 | L5: Wiggins Tigers Sporting Club | M5: Novice | O5: =IF(COUNTIFS(G5:I5,"Y")>1,SUM(AI5:AL5,AY5:BB5,BR5:CK5,P5),"") -> 96 | S5: =IFERROR(IF(INDEX('Shooter-Squad Assignment'!$M:$M,MATCH($A5,'Shooter-Squad Assignment'!$A:$A,0))="","",INDEX('Shooter-Squad Assignment'!$M:$M,MATCH($A5,'Shooter-Squad Assignment'!$A:$A,0))),"") | T5: =IFERROR(IF(INDEX('Shooter-Squad Assignment'!$N:$N,MATCH($A5,'Shooter-Squad Assignment'!$A:$A,0))="","",S5&"-"&INDEX('Shooter-Squad Assignment'!$N:$N,MATCH($A5,'Shooter-Squad Assignment'!$A:$A,0))),"") | U5: =IFERROR(IF(INDEX('Shooter-Squad Assignment'!$I:$I,MATCH($A5,'Shooter-Squad Assignment'!$A:$A,0))="","",IF(INDEX('Shooter-Squad Assignment'!$I:$I,MATCH($A5,'Shooter-Squad Assignment'!$A:$A,0))=1,S5&"-"&1,"")),"") | V5: =IF(ISBLANK($S5),"",IFERROR(INDEX('Squad Listing'!$C:$C,MATCH($S5,'Squad Listing'!$A:$A,0)),"")) | W5: =IF(ISBLANK($S5),"",IFERROR(INDEX('Squad Listing'!$D:$D,MATCH($S5,'Squad Listing'!$A:$A,0)),"")) | X5: =IF(ISBLANK($S5),"",IFERROR(INDEX('Squad Listing'!$E:$E,MATCH($S5,'Squad Listing'!$A:$A,0)),"")) | Y5: =IF(U5<>"",SUMIFS(AB:AB,S:S,S5)+AC5,"") | Z5: =SUMIFS(Y:Y,S:S,S5) -> 0 | AA5: =SUMIFS('Skeet Ind Concurrent Ranking'!L:L,'Skeet Ind Concurrent Ranking'!K:K,'Tournament List'!S25) -> 2 | AB5: =IF(SUM(AI5:AL5)>0,SUM(AI5:AL5),"") -> 96 | AD5: B | AF5: =IF(_xlfn.NUMBERVALUE(AG5)>0,_xlfn.RANK.EQ(AG5,$AG$3:$AG$302,0),"") -> 3 | AG5: =IF(SUM(AI5:AL5)>0,SUM(AH5:AL5),"") -> 96 | AI5: 23 | AJ5: 24 | AK5: 25 | AL5: 24 | AM5: =IFERROR(INDEX('Skeet Ind Concurrent Scores'!Z:Z,MATCH(A5,'Skeet Ind Concurrent Scores'!X:X,0)),"") -> HOA Skeet 3rd Place | AN5: =IFERROR(INDEX('Skeet Ind Class Scores'!V:V,MATCH(A5,'Skeet Ind Class Scores'!T:T,0)),"") -> B Class Skeet Runner Up | AO5: =IFERROR(INDEX('Skeet Team Scores'!AA:AA,MATCH(A5,'Skeet Team Scores'!AB:AB,0)),"")
A6: 24-1003 | B6: Susan | C6: Last Name4 | D6: =B6&" "&C6 -> Susan Last Name4 | F6: F | G6: Y | H6: Y | I6: Y | J6: =IF(G6="Y",'Tournament Setup'!$C$5,0)+IF(H6="Y",'Tournament Setup'!$C$6,0)+IF(I6="Y",'Tournament Setup'!$C$7,0) -> 120 | L6: Forge Christian Shooting Team | M6: Varsity | O6: =IF(COUNTIFS(G6:I6,"Y")>1,SUM(AI6:AL6,AY6:BB6,BR6:CK6,P6),"") -> 82 | S6: =IFERROR(IF(INDEX('Shooter-Squad Assignment'!$M:$M,MATCH($A6,'Shooter-Squad Assignment'!$A:$A,0))="","",INDEX('Shooter-Squad Assignment'!$M:$M,MATCH($A6,'Shooter-Squad Assignment'!$A:$A,0))),"") | T6: =IFERROR(IF(INDEX('Shooter-Squad Assignment'!$N:$N,MATCH($A6,'Shooter-Squad Assignment'!$A:$A,0))="","",S6&"-"&INDEX('Shooter-Squad Assignment'!$N:$N,MATCH($A6,'Shooter-Squad Assignment'!$A:$A,0))),"") | U6: =IFERROR(IF(INDEX('Shooter-Squad Assignment'!$I:$I,MATCH($A6,'Shooter-Squad Assignment'!$A:$A,0))="","",IF(INDEX('Shooter-Squad Assignment'!$I:$I,MATCH($A6,'Shooter-Squad Assignment'!$A:$A,0))=1,S6&"-"&1,"")),"") | V6: =IF(ISBLANK($S6),"",IFERROR(INDEX('Squad Listing'!$C:$C,MATCH($S6,'Squad Listing'!$A:$A,0)),"")) | W6: =IF(ISBLANK($S6),"",IFERROR(INDEX('Squad Listing'!$D:$D,MATCH($S6,'Squad Listing'!$A:$A,0)),"")) | X6: =IF(ISBLANK($S6),"",IFERROR(INDEX('Squad Listing'!$E:$E,MATCH($S6,'Squad Listing'!$A:$A,0)),"")) | Y6: =IF(U6<>"",SUMIFS(AB:AB,S:S,S6)+AC6,"") | Z6: =SUMIFS(Y:Y,S:S,S6) -> 0 | AA6: =SUMIFS('Skeet Ind Concurrent Ranking'!L:L,'Skeet Ind Concurrent Ranking'!K:K,'Tournament List'!S26) -> 0 | AB6: =IF(SUM(AI6:AL6)>0,SUM(AI6:AL6),"") -> 82 | AD6: A | AF6: =IF(_xlfn.NUMBERVALUE(AG6)>0,_xlfn.RANK.EQ(AG6,$AG$3:$AG$302,0),"") -> 17 | AG6: =IF(SUM(AI6:AL6)>0,SUM(AH6:AL6),"") -> 82 | AI6: 20 | AJ6: 21 | AK6: 22 | AL6: 19 | AM6: =IFERROR(INDEX('Skeet Ind Concurrent Scores'!Z:Z,MATCH(A6,'Skeet Ind Concurrent Scores'!X:X,0)),"") -> Varsity Lady's Skeet Champion | AN6: =IFERROR(INDEX('Skeet Ind Class Scores'!V:V,MATCH(A6,'Skeet Ind Class Scores'!T:T,0)),"") -> A Class Skeet 3rd | AO6: =IFERROR(INDEX('Skeet Team Scores'!AA:AA,MATCH(A6,'Skeet Team Scores'!AB:AB,0)),"")
A7: 24-1004 | B7: Matt | C7: Last Name5 | D7: =B7&" "&C7 -> Matt Last Name5 | F7: M | G7: Y | H7: Y | I7: Y | J7: =IF(G7="Y",'Tournament Setup'!$C$5,0)+IF(H7="Y",'Tournament Setup'!$C$6,0)+IF(I7="Y",'Tournament Setup'!$C$7,0) -> 120 | L7: Brighton Clay Crushers | M7: Varsity | O7: =IF(COUNTIFS(G7:I7,"Y")>1,SUM(AI7:AL7,AY7:BB7,BR7:CK7,P7),"") -> 89 | S7: =IFERROR(IF(INDEX('Shooter-Squad Assignment'!$M:$M,MATCH($A7,'Shooter-Squad Assignment'!$A:$A,0))="","",INDEX('Shooter-Squad Assignment'!$M:$M,MATCH($A7,'Shooter-Squad Assignment'!$A:$A,0))),"") | T7: =IFERROR(IF(INDEX('Shooter-Squad Assignment'!$N:$N,MATCH($A7,'Shooter-Squad Assignment'!$A:$A,0))="","",S7&"-"&INDEX('Shooter-Squad Assignment'!$N:$N,MATCH($A7,'Shooter-Squad Assignment'!$A:$A,0))),"") | U7: =IFERROR(IF(INDEX('Shooter-Squad Assignment'!$I:$I,MATCH($A7,'Shooter-Squad Assignment'!$A:$A,0))="","",IF(INDEX('Shooter-Squad Assignment'!$I:$I,MATCH($A7,'Shooter-Squad Assignment'!$A:$A,0))=1,S7&"-"&1,"")),"") | V7: =IF(ISBLANK($S7),"",IFERROR(INDEX('Squad Listing'!$C:$C,MATCH($S7,'Squad Listing'!$A:$A,0)),"")) | W7: =IF(ISBLANK($S7),"",IFERROR(INDEX('Squad Listing'!$D:$D,MATCH($S7,'Squad Listing'!$A:$A,0)),"")) | X7: =IF(ISBLANK($S7),"",IFERROR(INDEX('Squad Listing'!$E:$E,MATCH($S7,'Squad Listing'!$A:$A,0)),"")) | Y7: =IF(U7<>"",SUMIFS(AB:AB,S:S,S7)+AC7,"") | Z7: =SUMIFS(Y:Y,S:S,S7) -> 0 | AA7: =SUMIFS('Skeet Ind Concurrent Ranking'!L:L,'Skeet Ind Concurrent Ranking'!K:K,'Tournament List'!S27) -> 3 | AB7: =IF(SUM(AI7:AL7)>0,SUM(AI7:AL7),"") -> 89 | AD7: A | AF7: =IF(_xlfn.NUMBERVALUE(AG7)>0,_xlfn.RANK.EQ(AG7,$AG$3:$AG$302,0),"") -> 8 | AG7: =IF(SUM(AI7:AL7)>0,SUM(AH7:AL7),"") -> 89.1 | AH7: 0.1 | AI7: 22 | AJ7: 23 | AK7: 23 | AL7: 21 | AM7: =IFERROR(INDEX('Skeet Ind Concurrent Scores'!Z:Z,MATCH(A7,'Skeet Ind Concurrent Scores'!X:X,0)),"") -> HOA Men's Skeet Champion | AN7: =IFERROR(INDEX('Skeet Ind Class Scores'!V:V,MATCH(A7,'Skeet Ind Class Scores'!T:T,0)),"") -> A Class Skeet Runner Up | AO7: =IFERROR(INDEX('Skeet Team Scores'!AA:AA,MATCH(A7,'Skeet Team Scores'!AB:AB,0)),"")
A8: 24-1005 | B8: Ben | C8: Last Name6 | D8: =B8&" "&C8 -> Ben Last Name6 | F8: M | G8: Y | H8: Y | I8: Y | J8: =IF(G8="Y",'Tournament Setup'!$C$5,0)+IF(H8="Y",'Tournament Setup'!$C$6,0)+IF(I8="Y",'Tournament Setup'!$C$7,0) -> 120 | L8: Littleton Target Masters | M8: Novice | O8: =IF(COUNTIFS(G8:I8,"Y")>1,SUM(AI8:AL8,AY8:BB8,BR8:CK8,P8),"") -> 51 | S8: =IFERROR(IF(INDEX('Shooter-Squad Assignment'!$M:$M,MATCH($A8,'Shooter-Squad Assignment'!$A:$A,0))="","",INDEX('Shooter-Squad Assignment'!$M:$M,MATCH($A8,'Shooter-Squad Assignment'!$A:$A,0))),"") -> 181 | T8: =IFERROR(IF(INDEX('Shooter-Squad Assignment'!$N:$N,MATCH($A8,'Shooter-Squad Assignment'!$A:$A,0))="","",S8&"-"&INDEX('Shooter-Squad Assignment'!$N:$N,MATCH($A8,'Shooter-Squad Assignment'!$A:$A,0))),"") -> 181-2 | U8: =IFERROR(IF(INDEX('Shooter-Squad Assignment'!$I:$I,MATCH($A8,'Shooter-Squad Assignment'!$A:$A,0))="","",IF(INDEX('Shooter-Squad Assignment'!$I:$I,MATCH($A8,'Shooter-Squad Assignment'!$A:$A,0))=1,S8&"-"&1,"")),"") | V8: =IF(ISBLANK($S8),"",IFERROR(INDEX('Squad Listing'!$C:$C,MATCH($S8,'Squad Listing'!$A:$A,0)),"")) -> Littleton Target Masters | W8: =IF(ISBLANK($S8),"",IFERROR(INDEX('Squad Listing'!$D:$D,MATCH($S8,'Squad Listing'!$A:$A,0)),"")) -> Novice | X8: =IF(ISBLANK($S8),"",IFERROR(INDEX('Squad Listing'!$E:$E,MATCH($S8,'Squad Listing'!$A:$A,0)),"")) -> Novice 1 | Y8: =IF(U8<>"",SUMIFS(AB:AB,S:S,S8)+AC8,"") | Z8: =SUMIFS(Y:Y,S:S,S8) -> 174 | AA8: =SUMIFS('Skeet Ind Concurrent Ranking'!L:L,'Skeet Ind Concurrent Ranking'!K:K,'Tournament List'!S28) -> 4 | AB8: =IF(SUM(AI8:AL8)>0,SUM(AI8:AL8),"") -> 51 | AD8: C | AF8: =IF(_xlfn.NUMBERVALUE(AG8)>0,_xlfn.RANK.EQ(AG8,$AG$3:$AG$302,0),"") -> 40 | AG8: =IF(SUM(AI8:AL8)>0,SUM(AH8:AL8),"") -> 51.1 | AH8: 0.1 | AI8: 10 | AJ8: 12 | AK8: 15 | AL8: 14 | AM8: =IFERROR(INDEX('Skeet Ind Concurrent Scores'!Z:Z,MATCH(A8,'Skeet Ind Concurrent Scores'!X:X,0)),"") | AN8: =IFERROR(INDEX('Skeet Ind Class Scores'!V:V,MATCH(A8,'Skeet Ind Class Scores'!T:T,0)),"") | AO8: =IFERROR(INDEX('Skeet Team Scores'!AA:AA,MATCH(A8,'Skeet Team Scores'!AB:AB,0)),"") -> Novice Skeet Team 3rd
A9: 24-1006 | B9: Blake | C9: Last Name7 | D9: =B9&" "&C9 -> Blake Last Name7 | F9: M | G9: Y | H9: Y | I9: Y | J9: =IF(G9="Y",'Tournament Setup'!$C$5,0)+IF(H9="Y",'Tournament Setup'!$C$6,0)+IF(I9="Y",'Tournament Setup'!$C$7,0) -> 120 | L9: High Plains Drifters | M9: Intermediate | O9: =IF(COUNTIFS(G9:I9,"Y")>1,SUM(AI9:AL9,AY9:BB9,BR9:CK9,P9),"") -> 97 | S9: =IFERROR(IF(INDEX('Shooter-Squad Assignment'!$M:$M,MATCH($A9,'Shooter-Squad Assignment'!$A:$A,0))="","",INDEX('Shooter-Squad Assignment'!$M:$M,MATCH($A9,'Shooter-Squad Assignment'!$A:$A,0))),"") -> 118 | T9: =IFERROR(IF(INDEX('Shooter-Squad Assignment'!$N:$N,MATCH($A9,'Shooter-Squad Assignment'!$A:$A,0))="","",S9&"-"&INDEX('Shooter-Squad Assignment'!$N:$N,MATCH($A9,'Shooter-Squad Assignment'!$A:$A,0))),"") -> 118-1 | U9: =IFERROR(IF(INDEX('Shooter-Squad Assignment'!$I:$I,MATCH($A9,'Shooter-Squad Assignment'!$A:$A,0))="","",IF(INDEX('Shooter-Squad Assignment'!$I:$I,MATCH($A9,'Shooter-Squad Assignment'!$A:$A,0))=1,S9&"-"&1,"")),"") -> 118-1 | V9: =IF(ISBLANK($S9),"",IFERROR(INDEX('Squad Listing'!$C:$C,MATCH($S9,'Squad Listing'!$A:$A,0)),"")) -> High Plains Drifters | W9: =IF(ISBLANK($S9),"",IFERROR(INDEX('Squad Listing'!$D:$D,MATCH($S9,'Squad Listing'!$A:$A,0)),"")) -> Intermediate | X9: =IF(ISBLANK($S9),"",IFERROR(INDEX('Squad Listing'!$E:$E,MATCH($S9,'Squad Listing'!$A:$A,0)),"")) -> Intermediate 1 | Y9: =IF(U9<>"",SUMIFS(AB:AB,S:S,S9)+AC9,"") -> 277 | Z9: =SUMIFS(Y:Y,S:S,S9) -> 277 | AA9: =SUMIFS('Skeet Ind Concurrent Ranking'!L:L,'Skeet Ind Concurrent Ranking'!K:K,'Tournament List'!S29) -> 9 | AB9: =IF(SUM(AI9:AL9)>0,SUM(AI9:AL9),"") -> 97 | AD9: C | AF9: =IF(_xlfn.NUMBERVALUE(AG9)>0,_xlfn.RANK.EQ(AG9,$AG$3:$AG$302,0),"") -> 2 | AG9: =IF(SUM(AI9:AL9)>0,SUM(AH9:AL9),"") -> 97 | AI9: 25 | AJ9: 25 | AK9: 24 | AL9: 23 | AM9: =IFERROR(INDEX('Skeet Ind Concurrent Scores'!Z:Z,MATCH(A9,'Skeet Ind Concurrent Scores'!X:X,0)),"") -> HOA Skeet Runner Up | AN9: =IFERROR(INDEX('Skeet Ind Class Scores'!V:V,MATCH(A9,'Skeet Ind Class Scores'!T:T,0)),"") -> C Class Skeet Champion | AO9: =IFERROR(INDEX('Skeet Team Scores'!AA:AA,MATCH(A9,'Skeet Team Scores'!AB:AB,0)),"") -> Intermediate Skeet Team Champion
A10: 24-1007 | B10: James | C10: Last Name8 | D10: =B10&" "&C10 -> James Last Name8 | F10: M | G10: Y | H10: Y | I10: Y | J10: =IF(G10="Y",'Tournament Setup'!$C$5,0)+IF(H10="Y",'Tournament Setup'!$C$6,0)+IF(I10="Y",'Tournament Setup'!$C$7,0) -> 120 | L10: Rocky Mountain Clay Busters | M10: Junior Varsity | O10: =IF(COUNTIFS(G10:I10,"Y")>1,SUM(AI10:AL10,AY10:BB10,BR10:CK10,P10),"") -> 64 | S10: =IFERROR(IF(INDEX('Shooter-Squad Assignment'!$M:$M,MATCH($A10,'Shooter-Squad Assignment'!$A:$A,0))="","",INDEX('Shooter-Squad Assignment'!$M:$M,MATCH($A10,'Shooter-Squad Assignment'!$A:$A,0))),"") -> 235 | T10: =IFERROR(IF(INDEX('Shooter-Squad Assignment'!$N:$N,MATCH($A10,'Shooter-Squad Assignment'!$A:$A,0))="","",S10&"-"&INDEX('Shooter-Squad Assignment'!$N:$N,MATCH($A10,'Shooter-Squad Assignment'!$A:$A,0))),"") -> 235-2 | U10: =IFERROR(IF(INDEX('Shooter-Squad Assignment'!$I:$I,MATCH($A10,'Shooter-Squad Assignment'!$A:$A,0))="","",IF(INDEX('Shooter-Squad Assignment'!$I:$I,MATCH($A10,'Shooter-Squad Assignment'!$A:$A,0))=1,S10&"-"&1,"")),"") | V10: =IF(ISBLANK($S10),"",IFERROR(INDEX('Squad Listing'!$C:$C,MATCH($S10,'Squad Listing'!$A:$A,0)),"")) -> Rocky Mountain Clay Busters | W10: =IF(ISBLANK($S10),"",IFERROR(INDEX('Squad Listing'!$D:$D,MATCH($S10,'Squad Listing'!$A:$A,0)),"")) -> Junior Varsity | X10: =IF(ISBLANK($S10),"",IFERROR(INDEX('Squad Listing'!$E:$E,MATCH($S10,'Squad Listing'!$A:$A,0)),"")) -> Junior Varsity 1 | Y10: =IF(U10<>"",SUMIFS(AB:AB,S:S,S10)+AC10,"") | Z10: =SUMIFS(Y:Y,S:S,S10) -> 239 | AA10: =SUMIFS('Skeet Ind Concurrent Ranking'!L:L,'Skeet Ind Concurrent Ranking'!K:K,'Tournament List'!S30) -> 12 | AB10: =IF(SUM(AI10:AL10)>0,SUM(AI10:AL10),"") -> 64 | AD10: C | AF10: =IF(_xlfn.NUMBERVALUE(AG10)>0,_xlfn.RANK.EQ(AG10,$AG$3:$AG$302,0),"") -> 30 | AG10: =IF(SUM(AI10:AL10)>0,SUM(AH10:AL10),"") -> 64 | AI10: 13 | AJ10: 15 | AK10: 17 | AL10: 19 | AM10: =IFERROR(INDEX('Skeet Ind Concurrent Scores'!Z:Z,MATCH(A10,'Skeet Ind Concurrent Scores'!X:X,0)),"") -> Jr Varsity Skeet 3rd | AN10: =IFERROR(INDEX('Skeet Ind Class Scores'!V:V,MATCH(A10,'Skeet Ind Class Scores'!T:T,0)),"") | AO10: =IFERROR(INDEX('Skeet Team Scores'!AA:AA,MATCH(A10,'Skeet Team Scores'!AB:AB,0)),"") -> Junior Varsity Skeet Team Runner Up
A11: 24-1008 | B11: Linda | C11: Last Name9 | D11: =B11&" "&C11 -> Linda Last Name9 | F11: F | G11: Y | H11: Y | I11: Y | J11: =IF(G11="Y",'Tournament Setup'!$C$5,0)+IF(H11="Y",'Tournament Setup'!$C$6,0)+IF(I11="Y",'Tournament Setup'!$C$7,0) -> 120 | L11: Wiggins Tigers Sporting Club | M11: Novice | O11: =IF(COUNTIFS(G11:I11,"Y")>1,SUM(AI11:AL11,AY11:BB11,BR11:CK11,P11),"") -> 75 | S11: =IFERROR(IF(INDEX('Shooter-Squad Assignment'!$M:$M,MATCH($A11,'Shooter-Squad Assignment'!$A:$A,0))="","",INDEX('Shooter-Squad Assignment'!$M:$M,MATCH($A11,'Shooter-Squad Assignment'!$A:$A,0))),"") | T11: =IFERROR(IF(INDEX('Shooter-Squad Assignment'!$N:$N,MATCH($A11,'Shooter-Squad Assignment'!$A:$A,0))="","",S11&"-"&INDEX('Shooter-Squad Assignment'!$N:$N,MATCH($A11,'Shooter-Squad Assignment'!$A:$A,0))),"") | U11: =IFERROR(IF(INDEX('Shooter-Squad Assignment'!$I:$I,MATCH($A11,'Shooter-Squad Assignment'!$A:$A,0))="","",IF(INDEX('Shooter-Squad Assignment'!$I:$I,MATCH($A11,'Shooter-Squad Assignment'!$A:$A,0))=1,S11&"-"&1,"")),"") | V11: =IF(ISBLANK($S11),"",IFERROR(INDEX('Squad Listing'!$C:$C,MATCH($S11,'Squad Listing'!$A:$A,0)),"")) | W11: =IF(ISBLANK($S11),"",IFERROR(INDEX('Squad Listing'!$D:$D,MATCH($S11,'Squad Listing'!$A:$A,0)),"")) | X11: =IF(ISBLANK($S11),"",IFERROR(INDEX('Squad Listing'!$E:$E,MATCH($S11,'Squad Listing'!$A:$A,0)),"")) | Y11: =IF(U11<>"",SUMIFS(AB:AB,S:S,S11)+AC11,"") | Z11: =SUMIFS(Y:Y,S:S,S11) -> 0 | AA11: =SUMIFS('Skeet Ind Concurrent Ranking'!L:L,'Skeet Ind Concurrent Ranking'!K:K,'Tournament List'!S31) -> 2 | AB11: =IF(SUM(AI11:AL11)>0,SUM(AI11:AL11),"") -> 75 | AD11: B | AF11: =IF(_xlfn.NUMBERVALUE(AG11)>0,_xlfn.RANK.EQ(AG11,$AG$3:$AG$302,0),"") -> 20 | AG11: =IF(SUM(AI11:AL11)>0,SUM(AH11:AL11),"") -> 75 | AI11: 16 | AJ11: 18 | AK11: 20 | AL11: 21 | AM11: =IFERROR(INDEX('Skeet Ind Concurrent Scores'!Z:Z,MATCH(A11,'Skeet Ind Concurrent Scores'!X:X,0)),"") -> Novice Skeet Runner Up | AN11: =IFERROR(INDEX('Skeet Ind Class Scores'!V:V,MATCH(A11,'Skeet Ind Class Scores'!T:T,0)),"") -> B Class Skeet Lady's Runner Up | AO11: =IFERROR(INDEX('Skeet Team Scores'!AA:AA,MATCH(A11,'Skeet Team Scores'!AB:AB,0)),"")
A12: 24-1009 | B12: Christy | C12: Last Name10 | D12: =B12&" "&C12 -> Christy Last Name10 | F12: F | G12: Y | H12: Y | I12: Y | J12: =IF(G12="Y",'Tournament Setup'!$C$5,0)+IF(H12="Y",'Tournament Setup'!$C$6,0)+IF(I12="Y",'Tournament Setup'!$C$7,0) -> 120 | L12: Forge Christian Shooting Team | M12: Intermediate | O12: =IF(COUNTIFS(G12:I12,"Y")>1,SUM(AI12:AL12,AY12:BB12,BR12:CK12,P12),"") -> 93 | S12: =IFERROR(IF(INDEX('Shooter-Squad Assignment'!$M:$M,MATCH($A12,'Shooter-Squad Assignment'!$A:$A,0))="","",INDEX('Shooter-Squad Assignment'!$M:$M,MATCH($A12,'Shooter-Squad Assignment'!$A:$A,0))),"") -> 61 | T12: =IFERROR(IF(INDEX('Shooter-Squad Assignment'!$N:$N,MATCH($A12,'Shooter-Squad Assignment'!$A:$A,0))="","",S12&"-"&INDEX('Shooter-Squad Assignment'!$N:$N,MATCH($A12,'Shooter-Squad Assignment'!$A:$A,0))),"") -> 61-1 | U12: =IFERROR(IF(INDEX('Shooter-Squad Assignment'!$I:$I,MATCH($A12,'Shooter-Squad Assignment'!$A:$A,0))="","",IF(INDEX('Shooter-Squad Assignment'!$I:$I,MATCH($A12,'Shooter-Squad Assignment'!$A:$A,0))=1,S12&"-"&1,"")),"") -> 61-1 | V12: =IF(ISBLANK($S12),"",IFERROR(INDEX('Squad Listing'!$C:$C,MATCH($S12,'Squad Listing'!$A:$A,0)),"")) -> Forge Christian Shooting Team | W12: =IF(ISBLANK($S12),"",IFERROR(INDEX('Squad Listing'!$D:$D,MATCH($S12,'Squad Listing'!$A:$A,0)),"")) -> Intermediate | X12: =IF(ISBLANK($S12),"",IFERROR(INDEX('Squad Listing'!$E:$E,MATCH($S12,'Squad Listing'!$A:$A,0)),"")) -> Intermediate 1 | Y12: =IF(U12<>"",SUMIFS(AB:AB,S:S,S12)+AC12,"") -> 231 | Z12: =SUMIFS(Y:Y,S:S,S12) -> 231 | AA12: =SUMIFS('Skeet Ind Concurrent Ranking'!L:L,'Skeet Ind Concurrent Ranking'!K:K,'Tournament List'!S32) -> 8 | AB12: =IF(SUM(AI12:AL12)>0,SUM(AI12:AL12),"") -> 93 | AD12: B | AF12: =IF(_xlfn.NUMBERVALUE(AG12)>0,_xlfn.RANK.EQ(AG12,$AG$3:$AG$302,0),"") -> 5 | AG12: =IF(SUM(AI12:AL12)>0,SUM(AH12:AL12),"") -> 93 | AI12: 23 | AJ12: 23 | AK12: 25 | AL12: 22 | AM12: =IFERROR(INDEX('Skeet Ind Concurrent Scores'!Z:Z,MATCH(A12,'Skeet Ind Concurrent Scores'!X:X,0)),"") -> HOA Lady's Skeet Runner Up | AN12: =IFERROR(INDEX('Skeet Ind Class Scores'!V:V,MATCH(A12,'Skeet Ind Class Scores'!T:T,0)),"") -> B Class Skeet 3rd | AO12: =IFERROR(INDEX('Skeet Team Scores'!AA:AA,MATCH(A12,'Skeet Team Scores'!AB:AB,0)),"") -> Intermediate Skeet Team Runner Up
A13: 24-1010 | B13: Bill | C13: Last Name11 | D13: =B13&" "&C13 -> Bill Last Name11 | F13: M | G13: Y | H13: Y | I13: Y | J13: =IF(G13="Y",'Tournament Setup'!$C$5,0)+IF(H13="Y",'Tournament Setup'!$C$6,0)+IF(I13="Y",'Tournament Setup'!$C$7,0) -> 120 | L13: Brighton Clay Crushers | M13: Junior Varsity | O13: =IF(COUNTIFS(G13:I13,"Y")>1,SUM(AI13:AL13,AY13:BB13,BR13:CK13,P13),"") -> 98 | S13: =IFERROR(IF(INDEX('Shooter-Squad Assignment'!$M:$M,MATCH($A13,'Shooter-Squad Assignment'!$A:$A,0))="","",INDEX('Shooter-Squad Assignment'!$M:$M,MATCH($A13,'Shooter-Squad Assignment'!$A:$A,0))),"") -> 7 | T13: =IFERROR(IF(INDEX('Shooter-Squad Assignment'!$N:$N,MATCH($A13,'Shooter-Squad Assignment'!$A:$A,0))="","",S13&"-"&INDEX('Shooter-Squad Assignment'!$N:$N,MATCH($A13,'Shooter-Squad Assignment'!$A:$A,0))),"") -> 7-2 | U13: =IFERROR(IF(INDEX('Shooter-Squad Assignment'!$I:$I,MATCH($A13,'Shooter-Squad Assignment'!$A:$A,0))="","",IF(INDEX('Shooter-Squad Assignment'!$I:$I,MATCH($A13,'Shooter-Squad Assignment'!$A:$A,0))=1,S13&"-"&1,"")),"") | V13: =IF(ISBLANK($S13),"",IFERROR(INDEX('Squad Listing'!$C:$C,MATCH($S13,'Squad Listing'!$A:$A,0)),"")) -> Brighton Clay Crushers | W13: =IF(ISBLANK($S13),"",IFERROR(INDEX('Squad Listing'!$D:$D,MATCH($S13,'Squad Listing'!$A:$A,0)),"")) -> Junior Varsity | X13: =IF(ISBLANK($S13),"",IFERROR(INDEX('Squad Listing'!$E:$E,MATCH($S13,'Squad Listing'!$A:$A,0)),"")) -> Junior Varsity 1 | Y13: =IF(U13<>"",SUMIFS(AB:AB,S:S,S13)+AC13,"") | Z13: =SUMIFS(Y:Y,S:S,S13) -> 239.2 | AA13: =SUMIFS('Skeet Ind Concurrent Ranking'!L:L,'Skeet Ind Concurrent Ranking'!K:K,'Tournament List'!S33) -> 1 | AB13: =IF(SUM(AI13:AL13)>0,SUM(AI13:AL13),"") -> 98 | AD13: B | AF13: =IF(_xlfn.NUMBERVALUE(AG13)>0,_xlfn.RANK.EQ(AG13,$AG$3:$AG$302,0),"") -> 1 | AG13: =IF(SUM(AI13:AL13)>0,SUM(AH13:AL13),"") -> 98 | AI13: 25 | AJ13: 24 | AK13: 24 | AL13: 25 | AM13: =IFERROR(INDEX('Skeet Ind Concurrent Scores'!Z:Z,MATCH(A13,'Skeet Ind Concurrent Scores'!X:X,0)),"") -> HOA Skeet Champion | AN13: =IFERROR(INDEX('Skeet Ind Class Scores'!V:V,MATCH(A13,'Skeet Ind Class Scores'!T:T,0)),"") -> B Class Skeet Champion | AO13: =IFERROR(INDEX('Skeet Team Scores'!AA:AA,MATCH(A13,'Skeet Team Scores'!AB:AB,0)),"") -> Junior Varsity Skeet Team Champion
A14: 24-1011 | B14: Bob | C14: Last Name12 | D14: =B14&" "&C14 -> Bob Last Name12 | F14: M | G14: Y | H14: Y | I14: Y | J14: =IF(G14="Y",'Tournament Setup'!$C$5,0)+IF(H14="Y",'Tournament Setup'!$C$6,0)+IF(I14="Y",'Tournament Setup'!$C$7,0) -> 120 | L14: Littleton Target Masters | M14: Collegiate | O14: =IF(COUNTIFS(G14:I14,"Y")>1,SUM(AI14:AL14,AY14:BB14,BR14:CK14,P14),"") -> 48 | S14: =IFERROR(IF(INDEX('Shooter-Squad Assignment'!$M:$M,MATCH($A14,'Shooter-Squad Assignment'!$A:$A,0))="","",INDEX('Shooter-Squad Assignment'!$M:$M,MATCH($A14,'Shooter-Squad Assignment'!$A:$A,0))),"") -> 172 | T14: =IFERROR(IF(INDEX('Shooter-Squad Assignment'!$N:$N,MATCH($A14,'Shooter-Squad Assignment'!$A:$A,0))="","",S14&"-"&INDEX('Shooter-Squad Assignment'!$N:$N,MATCH($A14,'Shooter-Squad Assignment'!$A:$A,0))),"") -> 172-1 | U14: =IFERROR(IF(INDEX('Shooter-Squad Assignment'!$I:$I,MATCH($A14,'Shooter-Squad Assignment'!$A:$A,0))="","",IF(INDEX('Shooter-Squad Assignment'!$I:$I,MATCH($A14,'Shooter-Squad Assignment'!$A:$A,0))=1,S14&"-"&1,"")),"") -> 172-1 | V14: =IF(ISBLANK($S14),"",IFERROR(INDEX('Squad Listing'!$C:$C,MATCH($S14,'Squad Listing'!$A:$A,0)),"")) -> Littleton Target Masters | W14: =IF(ISBLANK($S14),"",IFERROR(INDEX('Squad Listing'!$D:$D,MATCH($S14,'Squad Listing'!$A:$A,0)),"")) -> Collegiate | X14: =IF(ISBLANK($S14),"",IFERROR(INDEX('Squad Listing'!$E:$E,MATCH($S14,'Squad Listing'!$A:$A,0)),"")) -> Collegiate 1 | Y14: =IF(U14<>"",SUMIFS(AB:AB,S:S,S14)+AC14,"") -> 189 | Z14: =SUMIFS(Y:Y,S:S,S14) -> 189 | AA14: =SUMIFS('Skeet Ind Concurrent Ranking'!L:L,'Skeet Ind Concurrent Ranking'!K:K,'Tournament List'!S34) -> 10 | AB14: =IF(SUM(AI14:AL14)>0,SUM(AI14:AL14),"") -> 48 | AD14: C | AF14: =IF(_xlfn.NUMBERVALUE(AG14)>0,_xlfn.RANK.EQ(AG14,$AG$3:$AG$302,0),"") -> 42 | AG14: =IF(SUM(AI14:AL14)>0,SUM(AH14:AL14),"") -> 48 | AI14: 12 | AJ14: 11 | AK14: 14 | AL14: 11 | AM14: =IFERROR(INDEX('Skeet Ind Concurrent Scores'!Z:Z,MATCH(A14,'Skeet Ind Concurrent Scores'!X:X,0)),"") -> Collegiate Men's Skeet Champion | AN14: =IFERROR(INDEX('Skeet Ind Class Scores'!V:V,MATCH(A14,'Skeet Ind Class Scores'!T:T,0)),"") | AO14: =IFERROR(INDEX('Skeet Team Scores'!AA:AA,MATCH(A14,'Skeet Team Scores'!AB:AB,0)),"") -> Collegiate Skeet Team Champion
A15: 24-1012 | B15: Bruce | C15: Last Name13 | D15: =B15&" "&C15 -> Bruce Last Name13 | F15: M | G15: Y | H15: Y | I15: Y | J15: =IF(G15="Y",'Tournament Setup'!$C$5,0)+IF(H15="Y",'Tournament Setup'!$C$6,0)+IF(I15="Y",'Tournament Setup'!$C$7,0) -> 120 | L15: High Plains Drifters | M15: Junior Varsity | O15: =IF(COUNTIFS(G15:I15,"Y")>1,SUM(AI15:AL15,AY15:BB15,BR15:CK15,P15),"") -> 72 | S15: =IFERROR(IF(INDEX('Shooter-Squad Assignment'!$M:$M,MATCH($A15,'Shooter-Squad Assignment'!$A:$A,0))="","",INDEX('Shooter-Squad Assignment'!$M:$M,MATCH($A15,'Shooter-Squad Assignment'!$A:$A,0))),"") | T15: =IFERROR(IF(INDEX('Shooter-Squad Assignment'!$N:$N,MATCH($A15,'Shooter-Squad Assignment'!$A:$A,0))="","",S15&"-"&INDEX('Shooter-Squad Assignment'!$N:$N,MATCH($A15,'Shooter-Squad Assignment'!$A:$A,0))),"") | U15: =IFERROR(IF(INDEX('Shooter-Squad Assignment'!$I:$I,MATCH($A15,'Shooter-Squad Assignment'!$A:$A,0))="","",IF(INDEX('Shooter-Squad Assignment'!$I:$I,MATCH($A15,'Shooter-Squad Assignment'!$A:$A,0))=1,S15&"-"&1,"")),"") | V15: =IF(ISBLANK($S15),"",IFERROR(INDEX('Squad Listing'!$C:$C,MATCH($S15,'Squad Listing'!$A:$A,0)),"")) | W15: =IF(ISBLANK($S15),"",IFERROR(INDEX('Squad Listing'!$D:$D,MATCH($S15,'Squad Listing'!$A:$A,0)),"")) | X15: =IF(ISBLANK($S15),"",IFERROR(INDEX('Squad Listing'!$E:$E,MATCH($S15,'Squad Listing'!$A:$A,0)),"")) | Y15: =IF(U15<>"",SUMIFS(AB:AB,S:S,S15)+AC15,"") | Z15: =SUMIFS(Y:Y,S:S,S15) -> 0 | AA15: =SUMIFS('Skeet Ind Concurrent Ranking'!L:L,'Skeet Ind Concurrent Ranking'!K:K,'Tournament List'!S35) -> 7 | AB15: =IF(SUM(AI15:AL15)>0,SUM(AI15:AL15),"") -> 72 | AD15: C | AF15: =IF(_xlfn.NUMBERVALUE(AG15)>0,_xlfn.RANK.EQ(AG15,$AG$3:$AG$302,0),"") -> 23 | AG15: =IF(SUM(AI15:AL15)>0,SUM(AH15:AL15),"") -> 72.1 | AH15: 0.1 | AI15: 18 | AJ15: 18 | AK15: 18 | AL15: 18 | AM15: =IFERROR(INDEX('Skeet Ind Concurrent Scores'!Z:Z,MATCH(A15,'Skeet Ind Concurrent Scores'!X:X,0)),"") -> Jr Varsity Skeet Runner Up | AN15: =IFERROR(INDEX('Skeet Ind Class Scores'!V:V,MATCH(A15,'Skeet Ind Class Scores'!T:T,0)),"") -> C Class Skeet Men's 3rd | AO15: =IFERROR(INDEX('Skeet Team Scores'!AA:AA,MATCH(A15,'Skeet Team Scores'!AB:AB,0)),"")
